OrderID,OrderDate,CustomerID,CustomerName,Region,SalesChannel,ProductID,ProductName,Category,BusinessLine,UnitPrice,Quantity,Discount,Revenue,Cost,Profit,CustomerTenureMonths,CustomerSegment,Industry,LastPurchaseDaysAgo
O000001,2023-03-10,C0133,Customer 133,China,Online,S002,Drone Navigation Module,IoT Devices,Smart Devices,320,9,0.1,2592.0,1530,1062.0,65,SME,Medical Distributors,166
O000002,2023-07-04,C0056,Customer 056,Singapore,Online,A001,Advanced PCB Board,Electronics,Autonomous,450,3,0.08,1242.0,750,492.0,77,Retail,Medical Distributors,18
O000003,2023-12-26,C0088,Customer 088,Singapore,Distributor,M004,Patient Monitoring Module,Medical Equipment,Medical,8500,1,0.09,7735.0,5000,2735.0,80,Retail,Consumer Electronics,81
O000004,2025-01-19,C0093,Customer 093,Thailand,Online,S001,Smart Home Controller,IoT Devices,Smart Devices,180,8,0.1,1296.0,720,576.0,75,Enterprise,Industrial Automation,156
O000005,2024-06-10,C0187,Customer 187,China,Online,A004,Robotics Motion Controller,Electronics,Autonomous,950,4,0.08,3496.0,2160,1336.0,66,Retail,Smart Home,70
O000006,2024-11-24,C0003,Customer 003,Singapore,Retail,M002,Operating Table,Medical Equipment,Medical,18000,1,0.18,14760.0,11000,3760.0,30,Enterprise,Robotics,130
O000007,2023-10-16,C0051,Customer 051,Singapore,Retail,M004,Patient Monitoring Module,Medical Equipment,Medical,8500,1,0.18,6970.0,5000,1970.0,50,Enterprise,Hospital Systems,68
O000008,2025-01-19,C0066,Customer 066,Thailand,Retail,M002,Operating Table,Medical Equipment,Medical,18000,3,0.03,52380.0,33000,19380.0,18,Retail,Medical Distributors,68
O000009,2023-09-11,C0162,Customer 162,Malaysia,Online,A004,Robotics Motion Controller,Electronics,Autonomous,950,4,0.07,3534.0,2160,1374.0,85,SME,Smart Home,21
O000010,2024-06-20,C0212,Customer 212,Indonesia,Retail,S002,Drone Navigation Module,IoT Devices,Smart Devices,320,6,0.1,1728.0,1020,708.0,45,Enterprise,Technology,151
O000011,2025-01-30,C0113,Customer 113,Singapore,Distributor,M002,Operating Table,Medical Equipment,Medical,18000,2,0.06,33840.0,22000,11840.0,62,Retail,Industrial Automation,2
O000012,2024-11-02,C0212,Customer 212,Indonesia,Distributor,S002,Drone Navigation Module,IoT Devices,Smart Devices,320,3,0.09,873.6,510,363.6,45,Enterprise,Technology,151
O000013,2025-08-08,C0079,Customer 079,Malaysia,Online,S004,Smart Lock Control Board,IoT Devices,Smart Devices,140,9,0.09,1146.6,630,516.6,49,Enterprise,Medical Distributors,10
O000014,2023-08-27,C0162,Customer 162,Malaysia,Direct Sales,M003,Anesthesia Machine,Medical Equipment,Medical,25000,3,0.1,67500.0,45000,22500.0,85,SME,Smart Home,21
O000015,2024-09-15,C0122,Customer 122,Thailand,Direct Sales,A004,Robotics Motion Controller,Electronics,Autonomous,950,4,0.03,3686.0,2160,1526.0,3,Retail,Technology,139
O000016,2023-10-05,C0128,Customer 128,Singapore,Retail,A003,Sensor Processing Unit,Electronics,Autonomous,620,4,0.05,2356.0,1400,956.0,40,Retail,Automotive OEM,28
O000017,2025-05-08,C0103,Customer 103,Malaysia,Distributor,S002,Drone Navigation Module,IoT Devices,Smart Devices,320,10,0.07,2976.0,1700,1276.0,59,Retail,Medical Distributors,35
O000018,2023-07-22,C0002,Customer 002,Malaysia,Retail,A004,Robotics Motion Controller,Electronics,Autonomous,950,7,0.1,5985.0,3780,2205.0,76,SME,Medical Distributors,109
O000019,2024-07-26,C0152,Customer 152,Indonesia,Online,M001,Surgical Light System,Medical Equipment,Medical,12000,2,0.1,21600.0,14000,7600.0,7,Enterprise,Hospital Systems,142
O000020,2025-06-29,C0205,Customer 205,China,Online,M004,Patient Monitoring Module,Medical Equipment,Medical,8500,2,0.04,16320.0,10000,6320.0,57,Retail,Medical Distributors,43
O000021,2025-01-22,C0005,Customer 005,Indonesia,Online,S001,Smart Home Controller,IoT Devices,Smart Devices,180,9,0.04,1555.2,810,745.2,76,SME,Technology,72
O000022,2024-07-19,C0073,Customer 073,Malaysia,Direct Sales,M004,Patient Monitoring Module,Medical Equipment,Medical,8500,1,0.1,7650.0,5000,2650.0,75,SME,Consumer Electronics,142
O000023,2025-07-20,C0068,Customer 068,Indonesia,Distributor,M002,Operating Table,Medical Equipment,Medical,18000,1,0.14,15480.0,11000,4480.0,27,Enterprise,Consumer Electronics,176
O000024,2023-02-13,C0203,Customer 203,China,Online,M001,Surgical Light System,Medical Equipment,Medical,12000,2,0.05,22800.0,14000,8800.0,80,Retail,Hospital Systems,18
O000025,2023-09-15,C0066,Customer 066,Thailand,Distributor,S002,Drone Navigation Module,IoT Devices,Smart Devices,320,7,0.01,2217.6,1190,1027.6,18,Retail,Medical Distributors,68
O000026,2024-02-29,C0097,Customer 097,Thailand,Distributor,S002,Drone Navigation Module,IoT Devices,Smart Devices,320,10,0.1,2880.0,1700,1180.0,19,Enterprise,Robotics,7
O000027,2024-04-22,C0059,Customer 059,Indonesia,Distributor,A002,Control Unit Module,Electronics,Autonomous,780,3,0.13,2035.8,1260,775.8,27,SME,Smart Home,172
O000028,2023-01-06,C0125,Customer 125,Malaysia,Distributor,A001,Advanced PCB Board,Electronics,Autonomous,450,8,0.15,3060.0,2000,1060.0,31,Retail,Automotive OEM,33
O000029,2024-05-28,C0159,Customer 159,Indonesia,Direct Sales,M003,Anesthesia Machine,Medical Equipment,Medical,25000,2,0.08,46000.0,30000,16000.0,67,Retail,Robotics,98
O000030,2023-02-22,C0204,Customer 204,Malaysia,Direct Sales,M003,Anesthesia Machine,Medical Equipment,Medical,25000,1,0.06,23500.0,15000,8500.0,30,SME,Smart Home,24
O000031,2024-05-02,C0066,Customer 066,Thailand,Online,S002,Drone Navigation Module,IoT Devices,Smart Devices,320,10,0.0,3200.0,1700,1500.0,18,Retail,Medical Distributors,68
O000032,2024-06-27,C0157,Customer 157,Indonesia,Distributor,M001,Surgical Light System,Medical Equipment,Medical,12000,4,0.08,44160.0,28000,16160.0,20,SME,Hospital Systems,39
O000033,2025-12-13,C0100,Customer 100,China,Direct Sales,M002,Operating Table,Medical Equipment,Medical,18000,1,0.06,16920.0,11000,5920.0,19,SME,Robotics,168
O000034,2025-01-11,C0003,Customer 003,Singapore,Direct Sales,S001,Smart Home Controller,IoT Devices,Smart Devices,180,4,0.07,669.6,360,309.6,30,Enterprise,Robotics,130
O000035,2024-03-29,C0157,Customer 157,Indonesia,Direct Sales,S002,Drone Navigation Module,IoT Devices,Smart Devices,320,15,0.1,4320.0,2550,1770.0,20,SME,Hospital Systems,39
O000036,2025-12-03,C0099,Customer 099,China,Retail,A001,Advanced PCB Board,Electronics,Autonomous,450,7,0.07,2929.5,1750,1179.5,92,SME,Robotics,179
O000037,2023-03-05,C0215,Customer 215,Singapore,Retail,M001,Surgical Light System,Medical Equipment,Medical,12000,1,0.16,10080.0,7000,3080.0,74,Enterprise,Consumer Electronics,76
O000038,2025-05-23,C0080,Customer 080,China,Direct Sales,S003,Wireless Sensor Node,IoT Devices,Smart Devices,95,8,0.07,706.8,360,346.8,45,Enterprise,Technology,79
O000039,2025-06-27,C0088,Customer 088,Singapore,Direct Sales,M002,Operating Table,Medical Equipment,Medical,18000,2,0.05,34200.0,22000,12200.0,80,Retail,Consumer Electronics,81
O000040,2023-10-31,C0134,Customer 134,Thailand,Distributor,M002,Operating Table,Medical Equipment,Medical,18000,2,0.11,32040.0,22000,10040.0,63,Enterprise,Industrial Automation,28
O000041,2024-10-27,C0077,Customer 077,Malaysia,Online,A003,Sensor Processing Unit,Electronics,Autonomous,620,5,0.06,2914.0,1750,1164.0,53,Retail,Automotive OEM,7
O000042,2025-05-31,C0208,Customer 208,Indonesia,Direct Sales,M002,Operating Table,Medical Equipment,Medical,18000,2,0.09,32760.0,22000,10760.0,22,SME,Automotive OEM,45
O000043,2024-03-16,C0117,Customer 117,China,Retail,A003,Sensor Processing Unit,Electronics,Autonomous,620,5,0.09,2821.0,1750,1071.0,17,SME,Technology,160
O000044,2025-04-27,C0105,Customer 105,Indonesia,Retail,A002,Control Unit Module,Electronics,Autonomous,780,7,0.05,5187.0,2940,2247.0,21,SME,Technology,122
O000045,2023-07-14,C0005,Customer 005,Indonesia,Retail,A002,Control Unit Module,Electronics,Autonomous,780,6,0.05,4446.0,2520,1926.0,76,SME,Technology,72
O000046,2024-06-06,C0080,Customer 080,China,Distributor,A002,Control Unit Module,Electronics,Autonomous,780,6,0.12,4118.4,2520,1598.4,45,Enterprise,Technology,79
O000047,2025-08-29,C0136,Customer 136,China,Direct Sales,M002,Operating Table,Medical Equipment,Medical,18000,2,0.16,30240.0,22000,8240.0,79,Enterprise,Smart Home,138
O000048,2023-07-10,C0209,Customer 209,Singapore,Direct Sales,A003,Sensor Processing Unit,Electronics,Autonomous,620,3,0.08,1711.2,1050,661.2,80,SME,Industrial Automation,175
O000049,2025-02-02,C0100,Customer 100,China,Direct Sales,M003,Anesthesia Machine,Medical Equipment,Medical,25000,1,0.07,23250.0,15000,8250.0,19,SME,Robotics,168
O000050,2024-11-06,C0149,Customer 149,Indonesia,Direct Sales,S003,Wireless Sensor Node,IoT Devices,Smart Devices,95,8,0.03,737.2,360,377.2,25,Retail,Automotive OEM,56
O000051,2025-05-16,C0097,Customer 097,Thailand,Direct Sales,S004,Smart Lock Control Board,IoT Devices,Smart Devices,140,8,0.12,985.6,560,425.6,19,Enterprise,Robotics,7
O000052,2024-10-01,C0146,Customer 146,Indonesia,Direct Sales,A002,Control Unit Module,Electronics,Autonomous,780,4,0.07,2901.6,1680,1221.6,55,SME,Consumer Electronics,141
O000053,2024-03-11,C0067,Customer 067,Singapore,Retail,M003,Anesthesia Machine,Medical Equipment,Medical,25000,4,0.05,95000.0,60000,35000.0,35,Retail,Automotive OEM,73
O000054,2023-08-10,C0173,Customer 173,Malaysia,Online,A002,Control Unit Module,Electronics,Autonomous,780,3,0.03,2269.8,1260,1009.8,87,Retail,Hospital Systems,69
O000055,2024-07-24,C0042,Customer 042,Indonesia,Distributor,S002,Drone Navigation Module,IoT Devices,Smart Devices,320,8,0.1,2304.0,1360,944.0,28,Enterprise,Technology,139
O000056,2023-02-23,C0196,Customer 196,Thailand,Online,S002,Drone Navigation Module,IoT Devices,Smart Devices,320,11,0.03,3414.4,1870,1544.4,50,SME,Industrial Automation,170
O000057,2024-07-13,C0217,Customer 217,Indonesia,Online,S004,Smart Lock Control Board,IoT Devices,Smart Devices,140,12,0.07,1562.4,840,722.4,78,Retail,Hospital Systems,128
O000058,2024-12-19,C0128,Customer 128,Singapore,Distributor,M001,Surgical Light System,Medical Equipment,Medical,12000,2,0.09,21840.0,14000,7840.0,40,Retail,Automotive OEM,28
O000059,2025-03-31,C0015,Customer 015,Singapore,Distributor,M002,Operating Table,Medical Equipment,Medical,18000,3,0.08,49680.0,33000,16680.0,69,SME,Automotive OEM,63
O000060,2023-03-04,C0210,Customer 210,Malaysia,Distributor,M002,Operating Table,Medical Equipment,Medical,18000,2,0.06,33840.0,22000,11840.0,30,SME,Automotive OEM,119
O000061,2025-07-18,C0143,Customer 143,China,Distributor,A002,Control Unit Module,Electronics,Autonomous,780,6,0.09,4258.8,2520,1738.8,89,SME,Robotics,122
O000062,2024-10-26,C0104,Customer 104,China,Direct Sales,S002,Drone Navigation Module,IoT Devices,Smart Devices,320,11,0.11,3132.8,1870,1262.8,57,SME,Consumer Electronics,157
O000063,2023-11-15,C0115,Customer 115,Indonesia,Direct Sales,M003,Anesthesia Machine,Medical Equipment,Medical,25000,4,0.08,92000.0,60000,32000.0,63,Retail,Robotics,57
O000064,2024-07-11,C0098,Customer 098,Singapore,Retail,A004,Robotics Motion Controller,Electronics,Autonomous,950,6,0.06,5358.0,3240,2118.0,79,Enterprise,Technology,19
O000065,2025-06-24,C0086,Customer 086,Indonesia,Online,A003,Sensor Processing Unit,Electronics,Autonomous,620,5,0.04,2976.0,1750,1226.0,33,Enterprise,Robotics,12
O000066,2025-11-15,C0151,Customer 151,Thailand,Online,M002,Operating Table,Medical Equipment,Medical,18000,1,0.12,15840.0,11000,4840.0,39,Enterprise,Automotive OEM,4
O000067,2024-08-03,C0021,Customer 021,Malaysia,Retail,S003,Wireless Sensor Node,IoT Devices,Smart Devices,95,7,0.08,611.8,315,296.8,96,Enterprise,Smart Home,150
O000068,2024-09-23,C0209,Customer 209,Singapore,Distributor,M001,Surgical Light System,Medical Equipment,Medical,12000,3,0.06,33840.0,21000,12840.0,80,SME,Industrial Automation,175
O000069,2023-04-23,C0135,Customer 135,China,Distributor,M001,Surgical Light System,Medical Equipment,Medical,12000,2,0.05,22800.0,14000,8800.0,91,Retail,Technology,40
O000070,2024-03-08,C0091,Customer 091,Malaysia,Online,M003,Anesthesia Machine,Medical Equipment,Medical,25000,2,0.05,47500.0,30000,17500.0,87,SME,Industrial Automation,45
O000071,2023-09-03,C0107,Customer 107,Indonesia,Retail,M001,Surgical Light System,Medical Equipment,Medical,12000,3,0.08,33120.0,21000,12120.0,36,SME,Robotics,113
O000072,2023-12-26,C0137,Customer 137,China,Retail,M003,Anesthesia Machine,Medical Equipment,Medical,25000,1,0.07,23250.0,15000,8250.0,42,SME,Smart Home,63
O000073,2024-04-16,C0007,Customer 007,Thailand,Online,S001,Smart Home Controller,IoT Devices,Smart Devices,180,10,0.04,1728.0,900,828.0,44,Enterprise,Robotics,27
O000074,2023-03-28,C0090,Customer 090,China,Direct Sales,A003,Sensor Processing Unit,Electronics,Autonomous,620,11,0.06,6410.8,3850,2560.8,71,Enterprise,Smart Home,33
O000075,2023-06-09,C0178,Customer 178,China,Retail,A002,Control Unit Module,Electronics,Autonomous,780,7,0.07,5077.8,2940,2137.8,85,SME,Smart Home,103
O000076,2025-05-05,C0011,Customer 011,Thailand,Direct Sales,A001,Advanced PCB Board,Electronics,Autonomous,450,7,0.05,2992.5,1750,1242.5,6,SME,Medical Distributors,170
O000077,2024-10-27,C0098,Customer 098,Singapore,Retail,M003,Anesthesia Machine,Medical Equipment,Medical,25000,1,0.16,21000.0,15000,6000.0,79,Enterprise,Technology,19
O000078,2025-01-11,C0214,Customer 214,China,Retail,M002,Operating Table,Medical Equipment,Medical,18000,3,0.09,49140.0,33000,16140.0,50,Retail,Robotics,124
O000079,2024-05-13,C0167,Customer 167,Malaysia,Retail,A003,Sensor Processing Unit,Electronics,Autonomous,620,1,0.06,582.8,350,232.8,83,SME,Robotics,39
O000080,2025-03-21,C0160,Customer 160,China,Online,A001,Advanced PCB Board,Electronics,Autonomous,450,4,0.04,1728.0,1000,728.0,76,Retail,Smart Home,110
O000081,2023-12-11,C0184,Customer 184,China,Direct Sales,M002,Operating Table,Medical Equipment,Medical,18000,4,0.13,62640.0,44000,18640.0,91,Enterprise,Robotics,41
O000082,2024-02-02,C0017,Customer 017,Indonesia,Online,A002,Control Unit Module,Electronics,Autonomous,780,6,0.08,4305.6,2520,1785.6,8,Enterprise,Consumer Electronics,59
O000083,2023-10-30,C0166,Customer 166,Singapore,Direct Sales,M004,Patient Monitoring Module,Medical Equipment,Medical,8500,2,0.04,16320.0,10000,6320.0,81,SME,Smart Home,151
O000084,2024-02-09,C0063,Customer 063,Malaysia,Distributor,M003,Anesthesia Machine,Medical Equipment,Medical,25000,4,0.08,92000.0,60000,32000.0,45,SME,Automotive OEM,18
O000085,2023-06-04,C0141,Customer 141,Thailand,Retail,M003,Anesthesia Machine,Medical Equipment,Medical,25000,1,0.06,23500.0,15000,8500.0,36,Retail,Consumer Electronics,153
O000086,2025-07-08,C0094,Customer 094,Thailand,Online,S003,Wireless Sensor Node,IoT Devices,Smart Devices,95,6,0.11,507.3,270,237.3,87,SME,Technology,55
O000087,2024-10-09,C0172,Customer 172,China,Retail,M003,Anesthesia Machine,Medical Equipment,Medical,25000,1,0.03,24250.0,15000,9250.0,4,SME,Smart Home,24
O000088,2025-06-24,C0043,Customer 043,Malaysia,Online,S003,Wireless Sensor Node,IoT Devices,Smart Devices,95,6,0.1,513.0,270,243.0,32,SME,Technology,122
O000089,2023-04-26,C0220,Customer 220,Malaysia,Direct Sales,A002,Control Unit Module,Electronics,Autonomous,780,5,0.04,3744.0,2100,1644.0,40,SME,Hospital Systems,113
O000090,2025-07-14,C0072,Customer 072,Indonesia,Direct Sales,M001,Surgical Light System,Medical Equipment,Medical,12000,2,0.06,22560.0,14000,8560.0,15,SME,Hospital Systems,20
O000091,2024-08-10,C0055,Customer 055,China,Direct Sales,M002,Operating Table,Medical Equipment,Medical,18000,1,0.07,16740.0,11000,5740.0,8,SME,Automotive OEM,131
O000092,2025-11-04,C0091,Customer 091,Malaysia,Retail,A003,Sensor Processing Unit,Electronics,Autonomous,620,5,0.07,2883.0,1750,1133.0,87,SME,Industrial Automation,45
O000093,2023-03-26,C0179,Customer 179,Indonesia,Distributor,A004,Robotics Motion Controller,Electronics,Autonomous,950,4,0.08,3496.0,2160,1336.0,41,Enterprise,Medical Distributors,65
O000094,2025-09-01,C0104,Customer 104,China,Distributor,S001,Smart Home Controller,IoT Devices,Smart Devices,180,5,0.12,792.0,450,342.0,57,SME,Consumer Electronics,157
O000095,2025-07-11,C0020,Customer 020,China,Online,M002,Operating Table,Medical Equipment,Medical,18000,2,0.1,32400.0,22000,10400.0,19,SME,Technology,68
O000096,2023-06-22,C0045,Customer 045,Thailand,Distributor,S001,Smart Home Controller,IoT Devices,Smart Devices,180,5,0.03,873.0,450,423.0,94,SME,Technology,14
O000097,2025-06-15,C0022,Customer 022,China,Distributor,A004,Robotics Motion Controller,Electronics,Autonomous,950,6,0.09,5187.0,3240,1947.0,47,Retail,Industrial Automation,57
O000098,2024-08-02,C0163,Customer 163,Malaysia,Retail,A003,Sensor Processing Unit,Electronics,Autonomous,620,7,0.08,3992.8,2450,1542.8,21,Enterprise,Medical Distributors,1
O000099,2023-04-18,C0109,Customer 109,Thailand,Online,S003,Wireless Sensor Node,IoT Devices,Smart Devices,95,6,0.01,564.3,270,294.3,18,Retail,Medical Distributors,39
O000100,2023-07-13,C0070,Customer 070,China,Retail,S001,Smart Home Controller,IoT Devices,Smart Devices,180,12,0.02,2116.8,1080,1036.8,1,Retail,Hospital Systems,86
O000101,2023-11-04,C0121,Customer 121,China,Direct Sales,A002,Control Unit Module,Electronics,Autonomous,780,4,0.07,2901.6,1680,1221.6,36,Enterprise,Industrial Automation,108
O000102,2023-10-17,C0019,Customer 019,Malaysia,Online,A002,Control Unit Module,Electronics,Autonomous,780,3,0.1,2106.0,1260,846.0,28,Retail,Consumer Electronics,168
O000103,2025-03-13,C0099,Customer 099,China,Direct Sales,M003,Anesthesia Machine,Medical Equipment,Medical,25000,1,0.05,23750.0,15000,8750.0,92,SME,Robotics,179
O000104,2025-02-10,C0064,Customer 064,Malaysia,Online,S003,Wireless Sensor Node,IoT Devices,Smart Devices,95,9,0.1,769.5,405,364.5,57,SME,Automotive OEM,140
O000105,2025-12-14,C0168,Customer 168,Thailand,Retail,M002,Operating Table,Medical Equipment,Medical,18000,3,0.07,50220.0,33000,17220.0,8,Retail,Medical Distributors,43
O000106,2023-02-07,C0127,Customer 127,Thailand,Online,A002,Control Unit Module,Electronics,Autonomous,780,2,0.03,1513.2,840,673.2,78,Retail,Automotive OEM,156
O000107,2024-03-14,C0019,Customer 019,Malaysia,Retail,A002,Control Unit Module,Electronics,Autonomous,780,3,0.04,2246.4,1260,986.4,28,Retail,Consumer Electronics,168
O000108,2023-10-09,C0034,Customer 034,Singapore,Direct Sales,M003,Anesthesia Machine,Medical Equipment,Medical,25000,1,0.05,23750.0,15000,8750.0,17,Retail,Automotive OEM,169
O000109,2023-07-27,C0070,Customer 070,China,Direct Sales,S001,Smart Home Controller,IoT Devices,Smart Devices,180,9,0.05,1539.0,810,729.0,1,Retail,Hospital Systems,86
O000110,2023-09-26,C0091,Customer 091,Malaysia,Retail,S002,Drone Navigation Module,IoT Devices,Smart Devices,320,6,0.04,1843.2,1020,823.2,87,SME,Industrial Automation,45
O000111,2024-01-06,C0191,Customer 191,Indonesia,Distributor,S004,Smart Lock Control Board,IoT Devices,Smart Devices,140,9,0.09,1146.6,630,516.6,37,Enterprise,Hospital Systems,77
O000112,2023-03-31,C0044,Customer 044,China,Online,A003,Sensor Processing Unit,Electronics,Autonomous,620,9,0.07,5189.4,3150,2039.4,85,Enterprise,Medical Distributors,111
O000113,2024-05-01,C0143,Customer 143,China,Online,A004,Robotics Motion Controller,Electronics,Autonomous,950,8,0.08,6992.0,4320,2672.0,89,SME,Robotics,122
O000114,2025-07-08,C0014,Customer 014,Thailand,Distributor,M004,Patient Monitoring Module,Medical Equipment,Medical,8500,2,0.11,15130.0,10000,5130.0,90,Enterprise,Smart Home,175
O000115,2025-08-18,C0012,Customer 012,Malaysia,Online,M004,Patient Monitoring Module,Medical Equipment,Medical,8500,2,0.08,15640.0,10000,5640.0,30,Retail,Medical Distributors,26
O000116,2025-06-21,C0062,Customer 062,Indonesia,Online,A004,Robotics Motion Controller,Electronics,Autonomous,950,5,0.08,4370.0,2700,1670.0,10,Retail,Medical Distributors,138
O000117,2025-10-26,C0022,Customer 022,China,Retail,S001,Smart Home Controller,IoT Devices,Smart Devices,180,10,0.08,1656.0,900,756.0,47,Retail,Industrial Automation,57
O000118,2024-02-13,C0071,Customer 071,Malaysia,Distributor,S002,Drone Navigation Module,IoT Devices,Smart Devices,320,8,0.11,2278.4,1360,918.4,21,SME,Smart Home,114
O000119,2023-04-17,C0193,Customer 193,Indonesia,Retail,S003,Wireless Sensor Node,IoT Devices,Smart Devices,95,8,0.11,676.4,360,316.4,71,SME,Consumer Electronics,140
O000120,2023-07-30,C0067,Customer 067,Singapore,Direct Sales,S004,Smart Lock Control Board,IoT Devices,Smart Devices,140,7,0.02,960.4,490,470.4,35,Retail,Automotive OEM,73
O000121,2023-11-25,C0012,Customer 012,Malaysia,Retail,A001,Advanced PCB Board,Electronics,Autonomous,450,5,0.09,2047.5,1250,797.5,30,Retail,Medical Distributors,26
O000122,2023-10-29,C0119,Customer 119,Singapore,Direct Sales,A003,Sensor Processing Unit,Electronics,Autonomous,620,2,0.1,1116.0,700,416.0,18,Enterprise,Industrial Automation,119
O000123,2024-03-30,C0157,Customer 157,Indonesia,Online,A004,Robotics Motion Controller,Electronics,Autonomous,950,8,0.09,6916.0,4320,2596.0,20,SME,Hospital Systems,39
O000124,2025-04-29,C0154,Customer 154,Singapore,Retail,M001,Surgical Light System,Medical Equipment,Medical,12000,3,0.07,33480.0,21000,12480.0,61,Retail,Smart Home,123
O000125,2024-04-27,C0086,Customer 086,Indonesia,Direct Sales,A003,Sensor Processing Unit,Electronics,Autonomous,620,3,0.05,1767.0,1050,717.0,33,Enterprise,Robotics,12
O000126,2023-02-27,C0156,Customer 156,Singapore,Direct Sales,A002,Control Unit Module,Electronics,Autonomous,780,6,0.09,4258.8,2520,1738.8,63,Retail,Industrial Automation,19
O000127,2024-11-17,C0211,Customer 211,Thailand,Distributor,M003,Anesthesia Machine,Medical Equipment,Medical,25000,1,0.03,24250.0,15000,9250.0,60,SME,Hospital Systems,74
O000128,2025-08-25,C0172,Customer 172,China,Distributor,S004,Smart Lock Control Board,IoT Devices,Smart Devices,140,8,0.1,1008.0,560,448.0,4,SME,Smart Home,24
O000129,2025-08-18,C0092,Customer 092,Indonesia,Direct Sales,A004,Robotics Motion Controller,Electronics,Autonomous,950,5,0.09,4322.5,2700,1622.5,71,SME,Industrial Automation,1
O000130,2023-02-08,C0136,Customer 136,China,Distributor,A001,Advanced PCB Board,Electronics,Autonomous,450,7,0.13,2740.5,1750,990.5,79,Enterprise,Smart Home,138
O000131,2025-12-16,C0035,Customer 035,China,Direct Sales,A003,Sensor Processing Unit,Electronics,Autonomous,620,8,0.08,4563.2,2800,1763.2,34,Retail,Automotive OEM,136
O000132,2024-05-01,C0201,Customer 201,Thailand,Direct Sales,A001,Advanced PCB Board,Electronics,Autonomous,450,7,0.02,3087.0,1750,1337.0,84,Enterprise,Industrial Automation,21
O000133,2025-05-09,C0076,Customer 076,Singapore,Retail,S003,Wireless Sensor Node,IoT Devices,Smart Devices,95,9,0.04,820.8,405,415.8,80,SME,Industrial Automation,40
O000134,2025-10-20,C0104,Customer 104,China,Direct Sales,S002,Drone Navigation Module,IoT Devices,Smart Devices,320,6,0.09,1747.2,1020,727.2,57,SME,Consumer Electronics,157
O000135,2024-05-10,C0063,Customer 063,Malaysia,Distributor,S004,Smart Lock Control Board,IoT Devices,Smart Devices,140,9,0.06,1184.4,630,554.4,45,SME,Automotive OEM,18
O000136,2023-01-04,C0215,Customer 215,Singapore,Online,S002,Drone Navigation Module,IoT Devices,Smart Devices,320,6,0.05,1824.0,1020,804.0,74,Enterprise,Consumer Electronics,76
O000137,2025-05-03,C0155,Customer 155,China,Direct Sales,M003,Anesthesia Machine,Medical Equipment,Medical,25000,3,0.13,65250.0,45000,20250.0,33,Enterprise,Hospital Systems,123
O000138,2025-01-08,C0018,Customer 018,Singapore,Direct Sales,M002,Operating Table,Medical Equipment,Medical,18000,1,0.06,16920.0,11000,5920.0,35,Retail,Industrial Automation,17
O000139,2025-08-20,C0014,Customer 014,Thailand,Retail,M001,Surgical Light System,Medical Equipment,Medical,12000,1,0.18,9840.0,7000,2840.0,90,Enterprise,Smart Home,175
O000140,2024-06-03,C0177,Customer 177,Thailand,Direct Sales,S004,Smart Lock Control Board,IoT Devices,Smart Devices,140,10,0.06,1316.0,700,616.0,21,Enterprise,Medical Distributors,85
O000141,2023-05-19,C0134,Customer 134,Thailand,Distributor,A002,Control Unit Module,Electronics,Autonomous,780,6,0.12,4118.4,2520,1598.4,63,Enterprise,Industrial Automation,28
O000142,2023-08-01,C0022,Customer 022,China,Online,S002,Drone Navigation Module,IoT Devices,Smart Devices,320,9,0.01,2851.2,1530,1321.2,47,Retail,Industrial Automation,57
O000143,2024-12-22,C0066,Customer 066,Thailand,Online,S001,Smart Home Controller,IoT Devices,Smart Devices,180,8,0.07,1339.2,720,619.2,18,Retail,Medical Distributors,68
O000144,2023-12-25,C0073,Customer 073,Malaysia,Retail,S003,Wireless Sensor Node,IoT Devices,Smart Devices,95,10,0.12,836.0,450,386.0,75,SME,Consumer Electronics,142
O000145,2025-09-07,C0182,Customer 182,Thailand,Distributor,S003,Wireless Sensor Node,IoT Devices,Smart Devices,95,6,0.1,513.0,270,243.0,81,SME,Technology,114
O000146,2023-05-10,C0098,Customer 098,Singapore,Retail,S004,Smart Lock Control Board,IoT Devices,Smart Devices,140,5,0.03,679.0,350,329.0,79,Enterprise,Technology,19
O000147,2024-02-17,C0086,Customer 086,Indonesia,Distributor,M001,Surgical Light System,Medical Equipment,Medical,12000,4,0.17,39840.0,28000,11840.0,33,Enterprise,Robotics,12
O000148,2024-10-08,C0171,Customer 171,Indonesia,Retail,A001,Advanced PCB Board,Electronics,Autonomous,450,6,0.1,2430.0,1500,930.0,77,SME,Medical Distributors,11
O000149,2025-08-27,C0033,Customer 033,Singapore,Direct Sales,A001,Advanced PCB Board,Electronics,Autonomous,450,5,0.08,2070.0,1250,820.0,11,Enterprise,Medical Distributors,125
O000150,2024-01-27,C0144,Customer 144,China,Online,A001,Advanced PCB Board,Electronics,Autonomous,450,5,0.09,2047.5,1250,797.5,12,SME,Hospital Systems,76
O000151,2023-04-08,C0220,Customer 220,Malaysia,Online,S003,Wireless Sensor Node,IoT Devices,Smart Devices,95,7,0.05,631.75,315,316.75,40,SME,Hospital Systems,113
O000152,2025-01-23,C0003,Customer 003,Singapore,Retail,A003,Sensor Processing Unit,Electronics,Autonomous,620,11,0.08,6274.4,3850,2424.4,30,Enterprise,Robotics,130
O000153,2025-03-02,C0081,Customer 081,Malaysia,Distributor,A002,Control Unit Module,Electronics,Autonomous,780,3,0.1,2106.0,1260,846.0,52,Enterprise,Robotics,85
O000154,2025-10-15,C0061,Customer 061,Thailand,Online,A002,Control Unit Module,Electronics,Autonomous,780,3,0.08,2152.8,1260,892.8,2,SME,Medical Distributors,118
O000155,2025-05-19,C0204,Customer 204,Malaysia,Retail,M002,Operating Table,Medical Equipment,Medical,18000,5,0.07,83700.0,55000,28700.0,30,SME,Smart Home,24
O000156,2024-01-05,C0032,Customer 032,China,Online,S001,Smart Home Controller,IoT Devices,Smart Devices,180,11,0.06,1861.2,990,871.2,40,Enterprise,Consumer Electronics,62
O000157,2023-06-13,C0036,Customer 036,Indonesia,Online,A002,Control Unit Module,Electronics,Autonomous,780,3,0.04,2246.4,1260,986.4,70,SME,Robotics,177
O000158,2025-05-22,C0014,Customer 014,Thailand,Retail,M003,Anesthesia Machine,Medical Equipment,Medical,25000,1,0.12,22000.0,15000,7000.0,90,Enterprise,Smart Home,175
O000159,2023-03-28,C0112,Customer 112,China,Online,S004,Smart Lock Control Board,IoT Devices,Smart Devices,140,3,0.09,382.2,210,172.2,50,Enterprise,Industrial Automation,150
O000160,2025-06-09,C0037,Customer 037,Malaysia,Direct Sales,A001,Advanced PCB Board,Electronics,Autonomous,450,6,0.03,2619.0,1500,1119.0,86,SME,Industrial Automation,167
O000161,2025-04-11,C0110,Customer 110,Malaysia,Distributor,A002,Control Unit Module,Electronics,Autonomous,780,3,0.15,1989.0,1260,729.0,91,SME,Automotive OEM,55
O000162,2023-10-20,C0078,Customer 078,Malaysia,Retail,S002,Drone Navigation Module,IoT Devices,Smart Devices,320,6,0.03,1862.4,1020,842.4,53,SME,Consumer Electronics,172
O000163,2023-05-18,C0114,Customer 114,Thailand,Online,M004,Patient Monitoring Module,Medical Equipment,Medical,8500,1,0.12,7480.0,5000,2480.0,54,Enterprise,Industrial Automation,138
O000164,2023-03-08,C0220,Customer 220,Malaysia,Distributor,S002,Drone Navigation Module,IoT Devices,Smart Devices,320,6,0.09,1747.2,1020,727.2,40,SME,Hospital Systems,113
O000165,2025-01-29,C0210,Customer 210,Malaysia,Retail,A002,Control Unit Module,Electronics,Autonomous,780,7,0.08,5023.2,2940,2083.2,30,SME,Automotive OEM,119
O000166,2023-10-09,C0182,Customer 182,Thailand,Online,S001,Smart Home Controller,IoT Devices,Smart Devices,180,13,0.07,2176.2,1170,1006.2,81,SME,Technology,114
O000167,2024-07-24,C0137,Customer 137,China,Direct Sales,M004,Patient Monitoring Module,Medical Equipment,Medical,8500,3,0.03,24735.0,15000,9735.0,42,SME,Smart Home,63
O000168,2024-01-17,C0171,Customer 171,Indonesia,Retail,A004,Robotics Motion Controller,Electronics,Autonomous,950,4,0.09,3458.0,2160,1298.0,77,SME,Medical Distributors,11
O000169,2023-08-30,C0092,Customer 092,Indonesia,Online,A001,Advanced PCB Board,Electronics,Autonomous,450,5,0.08,2070.0,1250,820.0,71,SME,Industrial Automation,1
O000170,2024-03-15,C0022,Customer 022,China,Online,S002,Drone Navigation Module,IoT Devices,Smart Devices,320,5,0.06,1504.0,850,654.0,47,Retail,Industrial Automation,57
O000171,2025-10-02,C0201,Customer 201,Thailand,Direct Sales,M004,Patient Monitoring Module,Medical Equipment,Medical,8500,2,0.09,15470.0,10000,5470.0,84,Enterprise,Industrial Automation,21
O000172,2023-06-01,C0116,Customer 116,Thailand,Distributor,A004,Robotics Motion Controller,Electronics,Autonomous,950,2,0.14,1634.0,1080,554.0,50,SME,Hospital Systems,87
O000173,2025-06-30,C0085,Customer 085,Indonesia,Online,M002,Operating Table,Medical Equipment,Medical,18000,1,0.08,16560.0,11000,5560.0,56,SME,Consumer Electronics,156
O000174,2023-05-13,C0034,Customer 034,Singapore,Online,S001,Smart Home Controller,IoT Devices,Smart Devices,180,8,0.07,1339.2,720,619.2,17,Retail,Automotive OEM,169
O000175,2023-11-19,C0084,Customer 084,Thailand,Distributor,S004,Smart Lock Control Board,IoT Devices,Smart Devices,140,9,0.1,1134.0,630,504.0,5,Enterprise,Smart Home,28
O000176,2025-11-07,C0175,Customer 175,China,Direct Sales,M004,Patient Monitoring Module,Medical Equipment,Medical,8500,1,0.1,7650.0,5000,2650.0,75,Retail,Automotive OEM,112
O000177,2023-10-12,C0084,Customer 084,Thailand,Retail,M004,Patient Monitoring Module,Medical Equipment,Medical,8500,1,0.08,7820.0,5000,2820.0,5,Enterprise,Smart Home,28
O000178,2025-01-25,C0003,Customer 003,Singapore,Distributor,A004,Robotics Motion Controller,Electronics,Autonomous,950,7,0.11,5918.5,3780,2138.5,30,Enterprise,Robotics,130
O000179,2023-06-26,C0196,Customer 196,Thailand,Online,M002,Operating Table,Medical Equipment,Medical,18000,2,0.06,33840.0,22000,11840.0,50,SME,Industrial Automation,170
O000180,2025-09-07,C0146,Customer 146,Indonesia,Retail,S001,Smart Home Controller,IoT Devices,Smart Devices,180,8,0.1,1296.0,720,576.0,55,SME,Consumer Electronics,141
O000181,2023-06-01,C0011,Customer 011,Thailand,Online,M003,Anesthesia Machine,Medical Equipment,Medical,25000,3,0.07,69750.0,45000,24750.0,6,SME,Medical Distributors,170
O000182,2025-07-10,C0133,Customer 133,China,Online,A004,Robotics Motion Controller,Electronics,Autonomous,950,4,0.03,3686.0,2160,1526.0,65,SME,Medical Distributors,166
O000183,2024-01-08,C0118,Customer 118,Indonesia,Retail,M003,Anesthesia Machine,Medical Equipment,Medical,25000,2,0.13,43500.0,30000,13500.0,76,Enterprise,Industrial Automation,145
O000184,2023-04-24,C0058,Customer 058,Singapore,Distributor,M002,Operating Table,Medical Equipment,Medical,18000,1,0.05,17100.0,11000,6100.0,85,SME,Industrial Automation,150
O000185,2023-11-28,C0126,Customer 126,China,Distributor,A002,Control Unit Module,Electronics,Autonomous,780,4,0.08,2870.4,1680,1190.4,60,SME,Robotics,180
O000186,2025-11-28,C0036,Customer 036,Indonesia,Direct Sales,A001,Advanced PCB Board,Electronics,Autonomous,450,4,0.04,1728.0,1000,728.0,70,SME,Robotics,177
O000187,2024-07-16,C0116,Customer 116,Thailand,Online,M003,Anesthesia Machine,Medical Equipment,Medical,25000,2,0.07,46500.0,30000,16500.0,50,SME,Hospital Systems,87
O000188,2023-07-11,C0183,Customer 183,Singapore,Distributor,S001,Smart Home Controller,IoT Devices,Smart Devices,180,11,0.08,1821.6,990,831.6,37,Enterprise,Automotive OEM,113
O000189,2023-11-12,C0097,Customer 097,Thailand,Online,M003,Anesthesia Machine,Medical Equipment,Medical,25000,3,0.16,63000.0,45000,18000.0,19,Enterprise,Robotics,7
O000190,2023-03-26,C0067,Customer 067,Singapore,Direct Sales,M001,Surgical Light System,Medical Equipment,Medical,12000,3,0.03,34920.0,21000,13920.0,35,Retail,Automotive OEM,73
O000191,2024-06-26,C0044,Customer 044,China,Distributor,S003,Wireless Sensor Node,IoT Devices,Smart Devices,95,8,0.1,684.0,360,324.0,85,Enterprise,Medical Distributors,111
O000192,2025-05-03,C0094,Customer 094,Thailand,Direct Sales,S002,Drone Navigation Module,IoT Devices,Smart Devices,320,9,0.07,2678.4,1530,1148.4,87,SME,Technology,55
O000193,2024-08-16,C0036,Customer 036,Indonesia,Online,S003,Wireless Sensor Node,IoT Devices,Smart Devices,95,5,0.07,441.75,225,216.75,70,SME,Robotics,177
O000194,2025-04-11,C0035,Customer 035,China,Retail,A001,Advanced PCB Board,Electronics,Autonomous,450,5,0.03,2182.5,1250,932.5,34,Retail,Automotive OEM,136
O000195,2023-05-03,C0139,Customer 139,Indonesia,Retail,M003,Anesthesia Machine,Medical Equipment,Medical,25000,1,0.06,23500.0,15000,8500.0,44,SME,Industrial Automation,8
O000196,2025-08-09,C0134,Customer 134,Thailand,Online,M004,Patient Monitoring Module,Medical Equipment,Medical,8500,2,0.14,14620.0,10000,4620.0,63,Enterprise,Industrial Automation,28
O000197,2024-10-02,C0176,Customer 176,China,Online,S004,Smart Lock Control Board,IoT Devices,Smart Devices,140,7,0.06,921.2,490,431.2,45,Retail,Technology,105
O000198,2024-12-08,C0078,Customer 078,Malaysia,Distributor,A003,Sensor Processing Unit,Electronics,Autonomous,620,2,0.13,1078.8,700,378.8,53,SME,Consumer Electronics,172
O000199,2025-11-20,C0026,Customer 026,Indonesia,Direct Sales,S001,Smart Home Controller,IoT Devices,Smart Devices,180,8,0.03,1396.8,720,676.8,88,Retail,Hospital Systems,30
O000200,2025-08-13,C0001,Customer 001,Singapore,Online,M002,Operating Table,Medical Equipment,Medical,18000,1,0.12,15840.0,11000,4840.0,32,Enterprise,Smart Home,58
O000201,2023-10-16,C0194,Customer 194,China,Direct Sales,M002,Operating Table,Medical Equipment,Medical,18000,1,0.05,17100.0,11000,6100.0,25,SME,Consumer Electronics,179
O000202,2025-02-25,C0174,Customer 174,Indonesia,Retail,S002,Drone Navigation Module,IoT Devices,Smart Devices,320,5,0.05,1520.0,850,670.0,61,Enterprise,Automotive OEM,133
O000203,2023-11-24,C0100,Customer 100,China,Online,A002,Control Unit Module,Electronics,Autonomous,780,4,0.04,2995.2,1680,1315.2,19,SME,Robotics,168
O000204,2023-11-23,C0031,Customer 031,Indonesia,Retail,A004,Robotics Motion Controller,Electronics,Autonomous,950,3,0.06,2679.0,1620,1059.0,77,Retail,Hospital Systems,83
O000205,2024-09-23,C0123,Customer 123,Singapore,Direct Sales,A004,Robotics Motion Controller,Electronics,Autonomous,950,6,0.03,5529.0,3240,2289.0,29,Retail,Consumer Electronics,167
O000206,2025-03-16,C0184,Customer 184,China,Retail,S001,Smart Home Controller,IoT Devices,Smart Devices,180,9,0.12,1425.6,810,615.6,91,Enterprise,Robotics,41
O000207,2024-03-16,C0130,Customer 130,China,Online,S002,Drone Navigation Module,IoT Devices,Smart Devices,320,12,0.03,3724.8,2040,1684.8,10,SME,Robotics,152
O000208,2024-07-30,C0202,Customer 202,Thailand,Retail,A004,Robotics Motion Controller,Electronics,Autonomous,950,3,0.04,2736.0,1620,1116.0,41,Retail,Industrial Automation,161
O000209,2023-01-17,C0161,Customer 161,Thailand,Retail,M002,Operating Table,Medical Equipment,Medical,18000,1,0.04,17280.0,11000,6280.0,79,SME,Hospital Systems,26
O000210,2024-06-25,C0037,Customer 037,Malaysia,Online,S004,Smart Lock Control Board,IoT Devices,Smart Devices,140,5,0.1,630.0,350,280.0,86,SME,Industrial Automation,167
O000211,2025-01-19,C0016,Customer 016,Malaysia,Retail,M001,Surgical Light System,Medical Equipment,Medical,12000,3,0.03,34920.0,21000,13920.0,82,SME,Smart Home,177
O000212,2024-02-03,C0160,Customer 160,China,Online,A002,Control Unit Module,Electronics,Autonomous,780,4,0.03,3026.4,1680,1346.4,76,Retail,Smart Home,110
O000213,2025-10-29,C0065,Customer 065,Thailand,Online,A004,Robotics Motion Controller,Electronics,Autonomous,950,4,0.09,3458.0,2160,1298.0,86,SME,Hospital Systems,142
O000214,2023-09-01,C0079,Customer 079,Malaysia,Direct Sales,M003,Anesthesia Machine,Medical Equipment,Medical,25000,1,0.12,22000.0,15000,7000.0,49,Enterprise,Medical Distributors,10
O000215,2024-11-25,C0192,Customer 192,Indonesia,Online,S001,Smart Home Controller,IoT Devices,Smart Devices,180,12,0.1,1944.0,1080,864.0,20,SME,Technology,115
O000216,2024-02-12,C0115,Customer 115,Indonesia,Retail,S002,Drone Navigation Module,IoT Devices,Smart Devices,320,11,0.04,3379.2,1870,1509.2,63,Retail,Robotics,57
O000217,2023-04-03,C0170,Customer 170,China,Distributor,M001,Surgical Light System,Medical Equipment,Medical,12000,1,0.08,11040.0,7000,4040.0,35,SME,Industrial Automation,129
O000218,2025-08-28,C0066,Customer 066,Thailand,Retail,S001,Smart Home Controller,IoT Devices,Smart Devices,180,7,0.01,1247.4,630,617.4,18,Retail,Medical Distributors,68
O000219,2025-11-21,C0045,Customer 045,Thailand,Online,M003,Anesthesia Machine,Medical Equipment,Medical,25000,2,0.1,45000.0,30000,15000.0,94,SME,Technology,14
O000220,2024-10-14,C0084,Customer 084,Thailand,Retail,M003,Anesthesia Machine,Medical Equipment,Medical,25000,2,0.18,41000.0,30000,11000.0,5,Enterprise,Smart Home,28
O000221,2024-09-04,C0123,Customer 123,Singapore,Online,S002,Drone Navigation Module,IoT Devices,Smart Devices,320,8,0.04,2457.6,1360,1097.6,29,Retail,Consumer Electronics,167
O000222,2025-11-09,C0031,Customer 031,Indonesia,Retail,S001,Smart Home Controller,IoT Devices,Smart Devices,180,8,0.06,1353.6,720,633.6,77,Retail,Hospital Systems,83
O000223,2024-09-05,C0097,Customer 097,Thailand,Direct Sales,A004,Robotics Motion Controller,Electronics,Autonomous,950,5,0.05,4512.5,2700,1812.5,19,Enterprise,Robotics,7
O000224,2023-08-13,C0168,Customer 168,Thailand,Online,A003,Sensor Processing Unit,Electronics,Autonomous,620,3,0.08,1711.2,1050,661.2,8,Retail,Medical Distributors,43
O000225,2023-02-24,C0194,Customer 194,China,Retail,S002,Drone Navigation Module,IoT Devices,Smart Devices,320,3,0.05,912.0,510,402.0,25,SME,Consumer Electronics,179
O000226,2024-04-11,C0066,Customer 066,Thailand,Direct Sales,S004,Smart Lock Control Board,IoT Devices,Smart Devices,140,5,0.05,665.0,350,315.0,18,Retail,Medical Distributors,68
O000227,2023-12-16,C0189,Customer 189,Indonesia,Retail,S001,Smart Home Controller,IoT Devices,Smart Devices,180,7,0.04,1209.6,630,579.6,77,Enterprise,Robotics,131
O000228,2024-05-11,C0054,Customer 054,Singapore,Direct Sales,M001,Surgical Light System,Medical Equipment,Medical,12000,3,0.04,34560.0,21000,13560.0,7,SME,Hospital Systems,150
O000229,2025-06-22,C0173,Customer 173,Malaysia,Retail,A002,Control Unit Module,Electronics,Autonomous,780,5,0.03,3783.0,2100,1683.0,87,Retail,Hospital Systems,69
O000230,2024-02-22,C0038,Customer 038,Thailand,Retail,A003,Sensor Processing Unit,Electronics,Autonomous,620,8,0.09,4513.6,2800,1713.6,16,SME,Technology,64
O000231,2023-05-08,C0196,Customer 196,Thailand,Distributor,S004,Smart Lock Control Board,IoT Devices,Smart Devices,140,9,0.08,1159.2,630,529.2,50,SME,Industrial Automation,170
O000232,2024-10-27,C0140,Customer 140,China,Retail,S003,Wireless Sensor Node,IoT Devices,Smart Devices,95,5,0.04,456.0,225,231.0,63,Retail,Automotive OEM,55
O000233,2024-10-04,C0059,Customer 059,Indonesia,Retail,M003,Anesthesia Machine,Medical Equipment,Medical,25000,4,0.09,91000.0,60000,31000.0,27,SME,Smart Home,172
O000234,2024-12-02,C0110,Customer 110,Malaysia,Online,S001,Smart Home Controller,IoT Devices,Smart Devices,180,8,0.09,1310.4,720,590.4,91,SME,Automotive OEM,55
O000235,2024-06-25,C0066,Customer 066,Thailand,Retail,S002,Drone Navigation Module,IoT Devices,Smart Devices,320,10,0.02,3136.0,1700,1436.0,18,Retail,Medical Distributors,68
O000236,2024-05-19,C0159,Customer 159,Indonesia,Online,A001,Advanced PCB Board,Electronics,Autonomous,450,6,0.04,2592.0,1500,1092.0,67,Retail,Robotics,98
O000237,2024-09-01,C0070,Customer 070,China,Distributor,A001,Advanced PCB Board,Electronics,Autonomous,450,4,0.12,1584.0,1000,584.0,1,Retail,Hospital Systems,86
O000238,2025-09-28,C0220,Customer 220,Malaysia,Retail,A002,Control Unit Module,Electronics,Autonomous,780,5,0.05,3705.0,2100,1605.0,40,SME,Hospital Systems,113
O000239,2024-07-14,C0208,Customer 208,Indonesia,Direct Sales,A001,Advanced PCB Board,Electronics,Autonomous,450,3,0.07,1255.5,750,505.5,22,SME,Automotive OEM,45
O000240,2025-02-16,C0085,Customer 085,Indonesia,Online,A003,Sensor Processing Unit,Electronics,Autonomous,620,4,0.1,2232.0,1400,832.0,56,SME,Consumer Electronics,156
O000241,2023-10-27,C0022,Customer 022,China,Direct Sales,A001,Advanced PCB Board,Electronics,Autonomous,450,2,0.04,864.0,500,364.0,47,Retail,Industrial Automation,57
O000242,2023-06-11,C0107,Customer 107,Indonesia,Retail,A002,Control Unit Module,Electronics,Autonomous,780,2,0.07,1450.8,840,610.8,36,SME,Robotics,113
O000243,2025-09-08,C0064,Customer 064,Malaysia,Distributor,M004,Patient Monitoring Module,Medical Equipment,Medical,8500,3,0.09,23205.0,15000,8205.0,57,SME,Automotive OEM,140
O000244,2024-07-09,C0208,Customer 208,Indonesia,Online,S001,Smart Home Controller,IoT Devices,Smart Devices,180,5,0.04,864.0,450,414.0,22,SME,Automotive OEM,45
O000245,2024-05-05,C0034,Customer 034,Singapore,Direct Sales,M004,Patient Monitoring Module,Medical Equipment,Medical,8500,2,0.08,15640.0,10000,5640.0,17,Retail,Automotive OEM,169
O000246,2025-12-23,C0105,Customer 105,Indonesia,Distributor,M004,Patient Monitoring Module,Medical Equipment,Medical,8500,1,0.03,8245.0,5000,3245.0,21,SME,Technology,122
O000247,2025-04-26,C0082,Customer 082,Thailand,Retail,A002,Control Unit Module,Electronics,Autonomous,780,4,0.03,3026.4,1680,1346.4,45,Retail,Smart Home,165
O000248,2023-10-09,C0003,Customer 003,Singapore,Distributor,M001,Surgical Light System,Medical Equipment,Medical,12000,1,0.12,10560.0,7000,3560.0,30,Enterprise,Robotics,130
O000249,2025-09-01,C0107,Customer 107,Indonesia,Distributor,A004,Robotics Motion Controller,Electronics,Autonomous,950,5,0.13,4132.5,2700,1432.5,36,SME,Robotics,113
O000250,2024-08-11,C0144,Customer 144,China,Online,A002,Control Unit Module,Electronics,Autonomous,780,5,0.07,3627.0,2100,1527.0,12,SME,Hospital Systems,76
O000251,2023-07-03,C0130,Customer 130,China,Distributor,S003,Wireless Sensor Node,IoT Devices,Smart Devices,95,10,0.08,874.0,450,424.0,10,SME,Robotics,152
O000252,2023-03-18,C0142,Customer 142,Thailand,Retail,M003,Anesthesia Machine,Medical Equipment,Medical,25000,1,0.09,22750.0,15000,7750.0,11,SME,Robotics,62
O000253,2023-12-27,C0141,Customer 141,Thailand,Retail,M001,Surgical Light System,Medical Equipment,Medical,12000,2,0.09,21840.0,14000,7840.0,36,Retail,Consumer Electronics,153
O000254,2024-01-17,C0047,Customer 047,Malaysia,Online,S004,Smart Lock Control Board,IoT Devices,Smart Devices,140,7,0.11,872.2,490,382.2,18,Enterprise,Technology,109
O000255,2023-01-19,C0163,Customer 163,Malaysia,Direct Sales,A001,Advanced PCB Board,Electronics,Autonomous,450,5,0.09,2047.5,1250,797.5,21,Enterprise,Medical Distributors,1
O000256,2024-11-17,C0134,Customer 134,Thailand,Retail,A001,Advanced PCB Board,Electronics,Autonomous,450,8,0.1,3240.0,2000,1240.0,63,Enterprise,Industrial Automation,28
O000257,2025-12-09,C0076,Customer 076,Singapore,Distributor,A004,Robotics Motion Controller,Electronics,Autonomous,950,3,0.14,2451.0,1620,831.0,80,SME,Industrial Automation,40
O000258,2025-08-16,C0091,Customer 091,Malaysia,Distributor,A001,Advanced PCB Board,Electronics,Autonomous,450,4,0.13,1566.0,1000,566.0,87,SME,Industrial Automation,45
O000259,2024-11-08,C0054,Customer 054,Singapore,Retail,M003,Anesthesia Machine,Medical Equipment,Medical,25000,2,0.08,46000.0,30000,16000.0,7,SME,Hospital Systems,150
O000260,2024-01-17,C0102,Customer 102,Malaysia,Online,M001,Surgical Light System,Medical Equipment,Medical,12000,2,0.09,21840.0,14000,7840.0,7,Retail,Technology,143
O000261,2024-01-31,C0120,Customer 120,Malaysia,Retail,M003,Anesthesia Machine,Medical Equipment,Medical,25000,1,0.16,21000.0,15000,6000.0,42,Enterprise,Industrial Automation,55
O000262,2025-11-21,C0071,Customer 071,Malaysia,Direct Sales,A002,Control Unit Module,Electronics,Autonomous,780,5,0.05,3705.0,2100,1605.0,21,SME,Smart Home,114
O000263,2023-07-15,C0024,Customer 024,Malaysia,Distributor,M003,Anesthesia Machine,Medical Equipment,Medical,25000,1,0.06,23500.0,15000,8500.0,77,SME,Industrial Automation,17
O000264,2024-05-23,C0040,Customer 040,Malaysia,Online,M001,Surgical Light System,Medical Equipment,Medical,12000,1,0.06,11280.0,7000,4280.0,10,SME,Hospital Systems,162
O000265,2025-07-03,C0015,Customer 015,Singapore,Online,A001,Advanced PCB Board,Electronics,Autonomous,450,4,0.04,1728.0,1000,728.0,69,SME,Automotive OEM,63
O000266,2023-01-24,C0036,Customer 036,Indonesia,Online,A001,Advanced PCB Board,Electronics,Autonomous,450,4,0.08,1656.0,1000,656.0,70,SME,Robotics,177
O000267,2023-05-08,C0161,Customer 161,Thailand,Direct Sales,S003,Wireless Sensor Node,IoT Devices,Smart Devices,95,10,0.07,883.5,450,433.5,79,SME,Hospital Systems,26
O000268,2023-11-24,C0014,Customer 014,Thailand,Online,A003,Sensor Processing Unit,Electronics,Autonomous,620,2,0.08,1140.8,700,440.8,90,Enterprise,Smart Home,175
O000269,2024-08-27,C0200,Customer 200,China,Distributor,A002,Control Unit Module,Electronics,Autonomous,780,5,0.07,3627.0,2100,1527.0,10,Retail,Automotive OEM,121
O000270,2023-10-01,C0100,Customer 100,China,Distributor,A004,Robotics Motion Controller,Electronics,Autonomous,950,4,0.1,3420.0,2160,1260.0,19,SME,Robotics,168
O000271,2025-02-04,C0218,Customer 218,Thailand,Retail,A003,Sensor Processing Unit,Electronics,Autonomous,620,4,0.08,2281.6,1400,881.6,78,Retail,Robotics,91
O000272,2024-03-23,C0088,Customer 088,Singapore,Direct Sales,M004,Patient Monitoring Module,Medical Equipment,Medical,8500,1,0.07,7905.0,5000,2905.0,80,Retail,Consumer Electronics,81
O000273,2025-12-17,C0010,Customer 010,China,Online,S004,Smart Lock Control Board,IoT Devices,Smart Devices,140,11,0.04,1478.4,770,708.4,81,Enterprise,Smart Home,159
O000274,2023-08-18,C0047,Customer 047,Malaysia,Distributor,M001,Surgical Light System,Medical Equipment,Medical,12000,2,0.14,20640.0,14000,6640.0,18,Enterprise,Technology,109
O000275,2023-11-03,C0026,Customer 026,Indonesia,Online,M003,Anesthesia Machine,Medical Equipment,Medical,25000,2,0.09,45500.0,30000,15500.0,88,Retail,Hospital Systems,30
O000276,2025-06-23,C0135,Customer 135,China,Distributor,M002,Operating Table,Medical Equipment,Medical,18000,2,0.08,33120.0,22000,11120.0,91,Retail,Technology,40
O000277,2025-09-28,C0111,Customer 111,Singapore,Retail,M002,Operating Table,Medical Equipment,Medical,18000,2,0.09,32760.0,22000,10760.0,70,SME,Consumer Electronics,120
O000278,2025-07-17,C0126,Customer 126,China,Retail,M003,Anesthesia Machine,Medical Equipment,Medical,25000,3,0.06,70500.0,45000,25500.0,60,SME,Robotics,180
O000279,2023-04-29,C0098,Customer 098,Singapore,Retail,S001,Smart Home Controller,IoT Devices,Smart Devices,180,8,0.09,1310.4,720,590.4,79,Enterprise,Technology,19
O000280,2024-09-23,C0134,Customer 134,Thailand,Direct Sales,S004,Smart Lock Control Board,IoT Devices,Smart Devices,140,7,0.07,911.4,490,421.4,63,Enterprise,Industrial Automation,28
O000281,2023-01-07,C0187,Customer 187,China,Distributor,S004,Smart Lock Control Board,IoT Devices,Smart Devices,140,10,0.05,1330.0,700,630.0,66,Retail,Smart Home,70
O000282,2023-04-03,C0089,Customer 089,Singapore,Online,A003,Sensor Processing Unit,Electronics,Autonomous,620,6,0.08,3422.4,2100,1322.4,65,SME,Smart Home,80
O000283,2023-05-04,C0183,Customer 183,Singapore,Retail,M002,Operating Table,Medical Equipment,Medical,18000,3,0.08,49680.0,33000,16680.0,37,Enterprise,Automotive OEM,113
O000284,2025-04-17,C0022,Customer 022,China,Distributor,M003,Anesthesia Machine,Medical Equipment,Medical,25000,3,0.08,69000.0,45000,24000.0,47,Retail,Industrial Automation,57
O000285,2025-05-10,C0067,Customer 067,Singapore,Retail,A002,Control Unit Module,Electronics,Autonomous,780,6,0.06,4399.2,2520,1879.2,35,Retail,Automotive OEM,73
O000286,2025-02-12,C0204,Customer 204,Malaysia,Direct Sales,A003,Sensor Processing Unit,Electronics,Autonomous,620,6,0.07,3459.6,2100,1359.6,30,SME,Smart Home,24
O000287,2023-09-30,C0157,Customer 157,Indonesia,Online,S003,Wireless Sensor Node,IoT Devices,Smart Devices,95,6,0.04,547.2,270,277.2,20,SME,Hospital Systems,39
O000288,2025-03-15,C0011,Customer 011,Thailand,Distributor,S001,Smart Home Controller,IoT Devices,Smart Devices,180,12,0.1,1944.0,1080,864.0,6,SME,Medical Distributors,170
O000289,2024-04-01,C0208,Customer 208,Indonesia,Direct Sales,M001,Surgical Light System,Medical Equipment,Medical,12000,4,0.1,43200.0,28000,15200.0,22,SME,Automotive OEM,45
O000290,2025-08-06,C0132,Customer 132,Singapore,Retail,S003,Wireless Sensor Node,IoT Devices,Smart Devices,95,6,0.04,547.2,270,277.2,45,Retail,Hospital Systems,137
O000291,2024-04-15,C0073,Customer 073,Malaysia,Retail,M004,Patient Monitoring Module,Medical Equipment,Medical,8500,1,0.05,8075.0,5000,3075.0,75,SME,Consumer Electronics,142
O000292,2024-07-18,C0200,Customer 200,China,Direct Sales,M004,Patient Monitoring Module,Medical Equipment,Medical,8500,1,0.03,8245.0,5000,3245.0,10,Retail,Automotive OEM,121
O000293,2025-05-08,C0009,Customer 009,Thailand,Direct Sales,S002,Drone Navigation Module,IoT Devices,Smart Devices,320,11,0.02,3449.6,1870,1579.6,69,Retail,Technology,32
O000294,2023-05-18,C0103,Customer 103,Malaysia,Direct Sales,M002,Operating Table,Medical Equipment,Medical,18000,3,0.06,50760.0,33000,17760.0,59,Retail,Medical Distributors,35
O000295,2023-04-10,C0024,Customer 024,Malaysia,Direct Sales,M004,Patient Monitoring Module,Medical Equipment,Medical,8500,2,0.06,15980.0,10000,5980.0,77,SME,Industrial Automation,17
O000296,2024-04-24,C0110,Customer 110,Malaysia,Distributor,S001,Smart Home Controller,IoT Devices,Smart Devices,180,6,0.1,972.0,540,432.0,91,SME,Automotive OEM,55
O000297,2023-04-26,C0181,Customer 181,Indonesia,Online,M003,Anesthesia Machine,Medical Equipment,Medical,25000,2,0.05,47500.0,30000,17500.0,25,SME,Hospital Systems,133
O000298,2024-10-15,C0067,Customer 067,Singapore,Online,S002,Drone Navigation Module,IoT Devices,Smart Devices,320,15,0.02,4704.0,2550,2154.0,35,Retail,Automotive OEM,73
O000299,2023-10-21,C0078,Customer 078,Malaysia,Distributor,S003,Wireless Sensor Node,IoT Devices,Smart Devices,95,14,0.07,1236.9,630,606.9,53,SME,Consumer Electronics,172
O000300,2024-07-17,C0210,Customer 210,Malaysia,Distributor,M001,Surgical Light System,Medical Equipment,Medical,12000,3,0.07,33480.0,21000,12480.0,30,SME,Automotive OEM,119
O000301,2025-05-24,C0146,Customer 146,Indonesia,Retail,S001,Smart Home Controller,IoT Devices,Smart Devices,180,6,0.03,1047.6,540,507.6,55,SME,Consumer Electronics,141
O000302,2024-12-06,C0079,Customer 079,Malaysia,Retail,S003,Wireless Sensor Node,IoT Devices,Smart Devices,95,9,0.1,769.5,405,364.5,49,Enterprise,Medical Distributors,10
O000303,2024-10-14,C0148,Customer 148,Thailand,Retail,S004,Smart Lock Control Board,IoT Devices,Smart Devices,140,12,0.07,1562.4,840,722.4,41,Enterprise,Robotics,31
O000304,2024-09-06,C0053,Customer 053,Thailand,Distributor,A003,Sensor Processing Unit,Electronics,Autonomous,620,2,0.13,1078.8,700,378.8,75,Enterprise,Hospital Systems,139
O000305,2025-08-27,C0211,Customer 211,Thailand,Distributor,M004,Patient Monitoring Module,Medical Equipment,Medical,8500,2,0.05,16150.0,10000,6150.0,60,SME,Hospital Systems,74
O000306,2023-10-23,C0096,Customer 096,Thailand,Direct Sales,A004,Robotics Motion Controller,Electronics,Autonomous,950,4,0.06,3572.0,2160,1412.0,12,SME,Consumer Electronics,61
O000307,2025-05-03,C0185,Customer 185,Thailand,Distributor,S001,Smart Home Controller,IoT Devices,Smart Devices,180,11,0.06,1861.2,990,871.2,12,SME,Industrial Automation,58
O000308,2024-06-06,C0188,Customer 188,China,Online,M004,Patient Monitoring Module,Medical Equipment,Medical,8500,2,0.08,15640.0,10000,5640.0,32,Retail,Technology,117
O000309,2025-07-10,C0054,Customer 054,Singapore,Direct Sales,A002,Control Unit Module,Electronics,Autonomous,780,1,0.06,733.2,420,313.2,7,SME,Hospital Systems,150
O000310,2024-01-26,C0141,Customer 141,Thailand,Online,M001,Surgical Light System,Medical Equipment,Medical,12000,2,0.06,22560.0,14000,8560.0,36,Retail,Consumer Electronics,153
O000311,2023-03-22,C0136,Customer 136,China,Distributor,M002,Operating Table,Medical Equipment,Medical,18000,2,0.16,30240.0,22000,8240.0,79,Enterprise,Smart Home,138
O000312,2024-03-20,C0084,Customer 084,Thailand,Distributor,A004,Robotics Motion Controller,Electronics,Autonomous,950,4,0.14,3268.0,2160,1108.0,5,Enterprise,Smart Home,28
O000313,2024-11-12,C0101,Customer 101,Singapore,Direct Sales,A001,Advanced PCB Board,Electronics,Autonomous,450,2,0.04,864.0,500,364.0,55,Retail,Medical Distributors,57
O000314,2024-01-25,C0143,Customer 143,China,Direct Sales,S004,Smart Lock Control Board,IoT Devices,Smart Devices,140,9,0.1,1134.0,630,504.0,89,SME,Robotics,122
O000315,2025-09-07,C0025,Customer 025,China,Distributor,M004,Patient Monitoring Module,Medical Equipment,Medical,8500,3,0.06,23970.0,15000,8970.0,68,SME,Technology,65
O000316,2024-05-05,C0046,Customer 046,Singapore,Online,S001,Smart Home Controller,IoT Devices,Smart Devices,180,9,0.1,1458.0,810,648.0,14,Enterprise,Consumer Electronics,64
O000317,2025-02-18,C0025,Customer 025,China,Online,A004,Robotics Motion Controller,Electronics,Autonomous,950,4,0.04,3648.0,2160,1488.0,68,SME,Technology,65
O000318,2025-01-06,C0212,Customer 212,Indonesia,Retail,S001,Smart Home Controller,IoT Devices,Smart Devices,180,9,0.07,1506.6,810,696.6,45,Enterprise,Technology,151
O000319,2025-08-19,C0185,Customer 185,Thailand,Distributor,A002,Control Unit Module,Electronics,Autonomous,780,5,0.09,3549.0,2100,1449.0,12,SME,Industrial Automation,58
O000320,2025-04-27,C0089,Customer 089,Singapore,Distributor,M001,Surgical Light System,Medical Equipment,Medical,12000,1,0.08,11040.0,7000,4040.0,65,SME,Smart Home,80
O000321,2023-02-03,C0118,Customer 118,Indonesia,Retail,A001,Advanced PCB Board,Electronics,Autonomous,450,4,0.04,1728.0,1000,728.0,76,Enterprise,Industrial Automation,145
O000322,2024-02-06,C0118,Customer 118,Indonesia,Distributor,A002,Control Unit Module,Electronics,Autonomous,780,5,0.09,3549.0,2100,1449.0,76,Enterprise,Industrial Automation,145
O000323,2024-05-18,C0087,Customer 087,China,Online,A004,Robotics Motion Controller,Electronics,Autonomous,950,8,0.04,7296.0,4320,2976.0,47,Enterprise,Robotics,111
O000324,2025-09-27,C0216,Customer 216,Thailand,Retail,S004,Smart Lock Control Board,IoT Devices,Smart Devices,140,9,0.07,1171.8,630,541.8,36,Enterprise,Industrial Automation,3
O000325,2024-12-22,C0215,Customer 215,Singapore,Distributor,M003,Anesthesia Machine,Medical Equipment,Medical,25000,2,0.15,42500.0,30000,12500.0,74,Enterprise,Consumer Electronics,76
O000326,2025-09-27,C0190,Customer 190,Malaysia,Direct Sales,M003,Anesthesia Machine,Medical Equipment,Medical,25000,1,0.07,23250.0,15000,8250.0,54,Retail,Smart Home,88
O000327,2023-06-02,C0042,Customer 042,Indonesia,Direct Sales,S003,Wireless Sensor Node,IoT Devices,Smart Devices,95,7,0.1,598.5,315,283.5,28,Enterprise,Technology,139
O000328,2025-04-24,C0166,Customer 166,Singapore,Distributor,M003,Anesthesia Machine,Medical Equipment,Medical,25000,1,0.03,24250.0,15000,9250.0,81,SME,Smart Home,151
O000329,2023-11-06,C0155,Customer 155,China,Distributor,M001,Surgical Light System,Medical Equipment,Medical,12000,2,0.13,20880.0,14000,6880.0,33,Enterprise,Hospital Systems,123
O000330,2025-02-03,C0071,Customer 071,Malaysia,Retail,M001,Surgical Light System,Medical Equipment,Medical,12000,2,0.08,22080.0,14000,8080.0,21,SME,Smart Home,114
O000331,2023-02-02,C0197,Customer 197,Malaysia,Retail,M001,Surgical Light System,Medical Equipment,Medical,12000,3,0.03,34920.0,21000,13920.0,17,SME,Hospital Systems,129
O000332,2025-12-20,C0183,Customer 183,Singapore,Online,S004,Smart Lock Control Board,IoT Devices,Smart Devices,140,8,0.08,1030.4,560,470.4,37,Enterprise,Automotive OEM,113
O000333,2024-08-10,C0019,Customer 019,Malaysia,Retail,M001,Surgical Light System,Medical Equipment,Medical,12000,2,0.09,21840.0,14000,7840.0,28,Retail,Consumer Electronics,168
O000334,2024-01-03,C0019,Customer 019,Malaysia,Direct Sales,M002,Operating Table,Medical Equipment,Medical,18000,1,0.07,16740.0,11000,5740.0,28,Retail,Consumer Electronics,168
O000335,2024-05-08,C0119,Customer 119,Singapore,Online,M004,Patient Monitoring Module,Medical Equipment,Medical,8500,2,0.16,14280.0,10000,4280.0,18,Enterprise,Industrial Automation,119
O000336,2024-07-01,C0116,Customer 116,Thailand,Direct Sales,A003,Sensor Processing Unit,Electronics,Autonomous,620,3,0.05,1767.0,1050,717.0,50,SME,Hospital Systems,87
O000337,2025-04-11,C0054,Customer 054,Singapore,Distributor,A004,Robotics Motion Controller,Electronics,Autonomous,950,7,0.15,5652.5,3780,1872.5,7,SME,Hospital Systems,150
O000338,2024-04-07,C0167,Customer 167,Malaysia,Direct Sales,A001,Advanced PCB Board,Electronics,Autonomous,450,7,0.07,2929.5,1750,1179.5,83,SME,Robotics,39
O000339,2023-03-06,C0190,Customer 190,Malaysia,Retail,M002,Operating Table,Medical Equipment,Medical,18000,2,0.06,33840.0,22000,11840.0,54,Retail,Smart Home,88
O000340,2025-09-01,C0060,Customer 060,Thailand,Direct Sales,M001,Surgical Light System,Medical Equipment,Medical,12000,2,0.15,20400.0,14000,6400.0,17,Enterprise,Industrial Automation,172
O000341,2023-06-19,C0075,Customer 075,Singapore,Retail,A004,Robotics Motion Controller,Electronics,Autonomous,950,6,0.07,5301.0,3240,2061.0,88,Retail,Robotics,64
O000342,2024-11-09,C0089,Customer 089,Singapore,Direct Sales,S002,Drone Navigation Module,IoT Devices,Smart Devices,320,5,0.11,1424.0,850,574.0,65,SME,Smart Home,80
O000343,2023-03-29,C0050,Customer 050,Malaysia,Distributor,M004,Patient Monitoring Module,Medical Equipment,Medical,8500,3,0.09,23205.0,15000,8205.0,28,SME,Technology,103
O000344,2025-08-31,C0168,Customer 168,Thailand,Direct Sales,A001,Advanced PCB Board,Electronics,Autonomous,450,4,0.09,1638.0,1000,638.0,8,Retail,Medical Distributors,43
O000345,2024-07-28,C0181,Customer 181,Indonesia,Direct Sales,S001,Smart Home Controller,IoT Devices,Smart Devices,180,6,0.05,1026.0,540,486.0,25,SME,Hospital Systems,133
O000346,2024-10-06,C0001,Customer 001,Singapore,Distributor,M001,Surgical Light System,Medical Equipment,Medical,12000,2,0.14,20640.0,14000,6640.0,32,Enterprise,Smart Home,58
O000347,2025-03-26,C0124,Customer 124,Singapore,Online,M002,Operating Table,Medical Equipment,Medical,18000,5,0.04,86400.0,55000,31400.0,4,Retail,Hospital Systems,64
O000348,2024-05-07,C0010,Customer 010,China,Retail,S002,Drone Navigation Module,IoT Devices,Smart Devices,320,7,0.09,2038.4,1190,848.4,81,Enterprise,Smart Home,159
O000349,2024-11-10,C0090,Customer 090,China,Distributor,A003,Sensor Processing Unit,Electronics,Autonomous,620,5,0.13,2697.0,1750,947.0,71,Enterprise,Smart Home,33
O000350,2023-06-10,C0200,Customer 200,China,Online,S001,Smart Home Controller,IoT Devices,Smart Devices,180,9,0.0,1620.0,810,810.0,10,Retail,Automotive OEM,121
O000351,2025-06-14,C0109,Customer 109,Thailand,Direct Sales,M004,Patient Monitoring Module,Medical Equipment,Medical,8500,2,0.05,16150.0,10000,6150.0,18,Retail,Medical Distributors,39
O000352,2025-03-23,C0139,Customer 139,Indonesia,Direct Sales,A002,Control Unit Module,Electronics,Autonomous,780,2,0.07,1450.8,840,610.8,44,SME,Industrial Automation,8
O000353,2025-07-11,C0098,Customer 098,Singapore,Distributor,A004,Robotics Motion Controller,Electronics,Autonomous,950,7,0.09,6051.5,3780,2271.5,79,Enterprise,Technology,19
O000354,2025-02-07,C0171,Customer 171,Indonesia,Distributor,A003,Sensor Processing Unit,Electronics,Autonomous,620,5,0.12,2728.0,1750,978.0,77,SME,Medical Distributors,11
O000355,2025-02-17,C0122,Customer 122,Thailand,Online,M002,Operating Table,Medical Equipment,Medical,18000,2,0.09,32760.0,22000,10760.0,3,Retail,Technology,139
O000356,2023-05-31,C0116,Customer 116,Thailand,Online,M002,Operating Table,Medical Equipment,Medical,18000,1,0.04,17280.0,11000,6280.0,50,SME,Hospital Systems,87
O000357,2023-11-12,C0056,Customer 056,Singapore,Retail,S004,Smart Lock Control Board,IoT Devices,Smart Devices,140,10,0.03,1358.0,700,658.0,77,Retail,Medical Distributors,18
O000358,2023-08-07,C0020,Customer 020,China,Direct Sales,M002,Operating Table,Medical Equipment,Medical,18000,3,0.1,48600.0,33000,15600.0,19,SME,Technology,68
O000359,2025-06-29,C0018,Customer 018,Singapore,Online,A002,Control Unit Module,Electronics,Autonomous,780,3,0.03,2269.8,1260,1009.8,35,Retail,Industrial Automation,17
O000360,2023-06-28,C0170,Customer 170,China,Retail,M003,Anesthesia Machine,Medical Equipment,Medical,25000,1,0.06,23500.0,15000,8500.0,35,SME,Industrial Automation,129
O000361,2025-11-15,C0166,Customer 166,Singapore,Direct Sales,A003,Sensor Processing Unit,Electronics,Autonomous,620,5,0.02,3038.0,1750,1288.0,81,SME,Smart Home,151
O000362,2024-12-25,C0145,Customer 145,Malaysia,Direct Sales,S001,Smart Home Controller,IoT Devices,Smart Devices,180,8,0.08,1324.8,720,604.8,40,SME,Robotics,170
O000363,2024-10-26,C0135,Customer 135,China,Direct Sales,A003,Sensor Processing Unit,Electronics,Autonomous,620,5,0.04,2976.0,1750,1226.0,91,Retail,Technology,40
O000364,2025-03-05,C0149,Customer 149,Indonesia,Distributor,M002,Operating Table,Medical Equipment,Medical,18000,3,0.07,50220.0,33000,17220.0,25,Retail,Automotive OEM,56
O000365,2023-12-14,C0210,Customer 210,Malaysia,Retail,S003,Wireless Sensor Node,IoT Devices,Smart Devices,95,8,0.05,722.0,360,362.0,30,SME,Automotive OEM,119
O000366,2024-07-04,C0007,Customer 007,Thailand,Online,A001,Advanced PCB Board,Electronics,Autonomous,450,4,0.06,1692.0,1000,692.0,44,Enterprise,Robotics,27
O000367,2023-05-10,C0111,Customer 111,Singapore,Retail,M003,Anesthesia Machine,Medical Equipment,Medical,25000,2,0.05,47500.0,30000,17500.0,70,SME,Consumer Electronics,120
O000368,2024-09-05,C0157,Customer 157,Indonesia,Direct Sales,A004,Robotics Motion Controller,Electronics,Autonomous,950,3,0.05,2707.5,1620,1087.5,20,SME,Hospital Systems,39
O000369,2024-05-20,C0060,Customer 060,Thailand,Retail,S004,Smart Lock Control Board,IoT Devices,Smart Devices,140,3,0.08,386.4,210,176.4,17,Enterprise,Industrial Automation,172
O000370,2024-02-05,C0187,Customer 187,China,Direct Sales,A004,Robotics Motion Controller,Electronics,Autonomous,950,5,0.03,4607.5,2700,1907.5,66,Retail,Smart Home,70
O000371,2023-01-14,C0179,Customer 179,Indonesia,Online,A003,Sensor Processing Unit,Electronics,Autonomous,620,3,0.09,1692.6,1050,642.6,41,Enterprise,Medical Distributors,65
O000372,2025-02-17,C0030,Customer 030,Indonesia,Retail,A002,Control Unit Module,Electronics,Autonomous,780,6,0.05,4446.0,2520,1926.0,48,SME,Automotive OEM,42
O000373,2023-10-06,C0081,Customer 081,Malaysia,Online,A001,Advanced PCB Board,Electronics,Autonomous,450,7,0.07,2929.5,1750,1179.5,52,Enterprise,Robotics,85
O000374,2024-02-16,C0033,Customer 033,Singapore,Online,A004,Robotics Motion Controller,Electronics,Autonomous,950,5,0.03,4607.5,2700,1907.5,11,Enterprise,Medical Distributors,125
O000375,2025-03-26,C0190,Customer 190,Malaysia,Online,A002,Control Unit Module,Electronics,Autonomous,780,4,0.08,2870.4,1680,1190.4,54,Retail,Smart Home,88
O000376,2025-10-02,C0102,Customer 102,Malaysia,Distributor,S002,Drone Navigation Module,IoT Devices,Smart Devices,320,4,0.03,1241.6,680,561.6,7,Retail,Technology,143
O000377,2024-07-28,C0208,Customer 208,Indonesia,Online,A003,Sensor Processing Unit,Electronics,Autonomous,620,5,0.03,3007.0,1750,1257.0,22,SME,Automotive OEM,45
O000378,2024-02-14,C0010,Customer 010,China,Distributor,S002,Drone Navigation Module,IoT Devices,Smart Devices,320,6,0.09,1747.2,1020,727.2,81,Enterprise,Smart Home,159
O000379,2023-02-25,C0084,Customer 084,Thailand,Retail,S004,Smart Lock Control Board,IoT Devices,Smart Devices,140,5,0.11,623.0,350,273.0,5,Enterprise,Smart Home,28
O000380,2024-03-05,C0149,Customer 149,Indonesia,Online,A004,Robotics Motion Controller,Electronics,Autonomous,950,7,0.09,6051.5,3780,2271.5,25,Retail,Automotive OEM,56
O000381,2023-05-22,C0050,Customer 050,Malaysia,Retail,A003,Sensor Processing Unit,Electronics,Autonomous,620,2,0.03,1202.8,700,502.8,28,SME,Technology,103
O000382,2024-09-12,C0131,Customer 131,Malaysia,Online,M004,Patient Monitoring Module,Medical Equipment,Medical,8500,1,0.15,7225.0,5000,2225.0,88,Enterprise,Smart Home,154
O000383,2025-05-16,C0099,Customer 099,China,Direct Sales,A003,Sensor Processing Unit,Electronics,Autonomous,620,4,0.06,2331.2,1400,931.2,92,SME,Robotics,179
O000384,2025-09-08,C0017,Customer 017,Indonesia,Retail,S002,Drone Navigation Module,IoT Devices,Smart Devices,320,8,0.08,2355.2,1360,995.2,8,Enterprise,Consumer Electronics,59
O000385,2025-05-06,C0071,Customer 071,Malaysia,Direct Sales,S001,Smart Home Controller,IoT Devices,Smart Devices,180,12,0.1,1944.0,1080,864.0,21,SME,Smart Home,114
O000386,2025-01-06,C0174,Customer 174,Indonesia,Direct Sales,S004,Smart Lock Control Board,IoT Devices,Smart Devices,140,6,0.04,806.4,420,386.4,61,Enterprise,Automotive OEM,133
O000387,2024-05-23,C0045,Customer 045,Thailand,Online,S003,Wireless Sensor Node,IoT Devices,Smart Devices,95,11,0.04,1003.2,495,508.2,94,SME,Technology,14
O000388,2023-04-01,C0196,Customer 196,Thailand,Retail,S002,Drone Navigation Module,IoT Devices,Smart Devices,320,5,0.12,1408.0,850,558.0,50,SME,Industrial Automation,170
O000389,2024-11-10,C0109,Customer 109,Thailand,Direct Sales,A003,Sensor Processing Unit,Electronics,Autonomous,620,4,0.02,2430.4,1400,1030.4,18,Retail,Medical Distributors,39
O000390,2024-06-13,C0030,Customer 030,Indonesia,Distributor,M004,Patient Monitoring Module,Medical Equipment,Medical,8500,2,0.06,15980.0,10000,5980.0,48,SME,Automotive OEM,42
O000391,2025-03-12,C0135,Customer 135,China,Distributor,A004,Robotics Motion Controller,Electronics,Autonomous,950,2,0.08,1748.0,1080,668.0,91,Retail,Technology,40
O000392,2023-02-20,C0136,Customer 136,China,Direct Sales,A004,Robotics Motion Controller,Electronics,Autonomous,950,7,0.04,6384.0,3780,2604.0,79,Enterprise,Smart Home,138
O000393,2023-06-25,C0144,Customer 144,China,Distributor,M002,Operating Table,Medical Equipment,Medical,18000,2,0.05,34200.0,22000,12200.0,12,SME,Hospital Systems,76
O000394,2024-12-03,C0069,Customer 069,Thailand,Distributor,A004,Robotics Motion Controller,Electronics,Autonomous,950,6,0.1,5130.0,3240,1890.0,7,SME,Smart Home,24
O000395,2024-12-14,C0119,Customer 119,Singapore,Direct Sales,A004,Robotics Motion Controller,Electronics,Autonomous,950,7,0.06,6251.0,3780,2471.0,18,Enterprise,Industrial Automation,119
O000396,2025-07-15,C0083,Customer 083,Indonesia,Direct Sales,A002,Control Unit Module,Electronics,Autonomous,780,2,0.04,1497.6,840,657.6,4,SME,Consumer Electronics,30
O000397,2023-08-24,C0104,Customer 104,China,Online,M001,Surgical Light System,Medical Equipment,Medical,12000,1,0.08,11040.0,7000,4040.0,57,SME,Consumer Electronics,157
O000398,2023-12-03,C0089,Customer 089,Singapore,Distributor,S004,Smart Lock Control Board,IoT Devices,Smart Devices,140,9,0.08,1159.2,630,529.2,65,SME,Smart Home,80
O000399,2023-11-24,C0167,Customer 167,Malaysia,Retail,A002,Control Unit Module,Electronics,Autonomous,780,5,0.1,3510.0,2100,1410.0,83,SME,Robotics,39
O000400,2024-04-19,C0008,Customer 008,Singapore,Distributor,A003,Sensor Processing Unit,Electronics,Autonomous,620,10,0.07,5766.0,3500,2266.0,45,SME,Consumer Electronics,155
O000401,2025-06-04,C0094,Customer 094,Thailand,Direct Sales,A003,Sensor Processing Unit,Electronics,Autonomous,620,8,0.08,4563.2,2800,1763.2,87,SME,Technology,55
O000402,2024-02-09,C0210,Customer 210,Malaysia,Retail,A004,Robotics Motion Controller,Electronics,Autonomous,950,4,0.05,3610.0,2160,1450.0,30,SME,Automotive OEM,119
O000403,2024-03-15,C0094,Customer 094,Thailand,Online,M004,Patient Monitoring Module,Medical Equipment,Medical,8500,4,0.08,31280.0,20000,11280.0,87,SME,Technology,55
O000404,2023-05-09,C0003,Customer 003,Singapore,Direct Sales,S002,Drone Navigation Module,IoT Devices,Smart Devices,320,7,0.1,2016.0,1190,826.0,30,Enterprise,Robotics,130
O000405,2024-01-18,C0008,Customer 008,Singapore,Online,A002,Control Unit Module,Electronics,Autonomous,780,6,0.04,4492.8,2520,1972.8,45,SME,Consumer Electronics,155
O000406,2023-08-22,C0076,Customer 076,Singapore,Retail,A001,Advanced PCB Board,Electronics,Autonomous,450,4,0.06,1692.0,1000,692.0,80,SME,Industrial Automation,40
O000407,2024-10-03,C0011,Customer 011,Thailand,Retail,S002,Drone Navigation Module,IoT Devices,Smart Devices,320,4,0.09,1164.8,680,484.8,6,SME,Medical Distributors,170
O000408,2023-08-22,C0048,Customer 048,Malaysia,Online,A002,Control Unit Module,Electronics,Autonomous,780,6,0.09,4258.8,2520,1738.8,10,Enterprise,Robotics,114
O000409,2023-12-20,C0162,Customer 162,Malaysia,Online,S003,Wireless Sensor Node,IoT Devices,Smart Devices,95,10,0.11,845.5,450,395.5,85,SME,Smart Home,21
O000410,2023-06-23,C0076,Customer 076,Singapore,Distributor,S003,Wireless Sensor Node,IoT Devices,Smart Devices,95,10,0.06,893.0,450,443.0,80,SME,Industrial Automation,40
O000411,2024-05-03,C0099,Customer 099,China,Direct Sales,A001,Advanced PCB Board,Electronics,Autonomous,450,4,0.03,1746.0,1000,746.0,92,SME,Robotics,179
O000412,2023-10-17,C0084,Customer 084,Thailand,Retail,S001,Smart Home Controller,IoT Devices,Smart Devices,180,5,0.07,837.0,450,387.0,5,Enterprise,Smart Home,28
O000413,2023-10-10,C0017,Customer 017,Indonesia,Retail,S002,Drone Navigation Module,IoT Devices,Smart Devices,320,7,0.07,2083.2,1190,893.2,8,Enterprise,Consumer Electronics,59
O000414,2025-09-23,C0088,Customer 088,Singapore,Distributor,S003,Wireless Sensor Node,IoT Devices,Smart Devices,95,6,0.04,547.2,270,277.2,80,Retail,Consumer Electronics,81
O000415,2025-09-29,C0082,Customer 082,Thailand,Distributor,A001,Advanced PCB Board,Electronics,Autonomous,450,5,0.07,2092.5,1250,842.5,45,Retail,Smart Home,165
O000416,2025-07-12,C0178,Customer 178,China,Direct Sales,S002,Drone Navigation Module,IoT Devices,Smart Devices,320,10,0.11,2848.0,1700,1148.0,85,SME,Smart Home,103
O000417,2023-01-20,C0165,Customer 165,Malaysia,Distributor,A004,Robotics Motion Controller,Electronics,Autonomous,950,5,0.07,4417.5,2700,1717.5,90,Enterprise,Smart Home,117
O000418,2025-02-25,C0184,Customer 184,China,Retail,S001,Smart Home Controller,IoT Devices,Smart Devices,180,10,0.07,1674.0,900,774.0,91,Enterprise,Robotics,41
O000419,2025-10-04,C0004,Customer 004,Indonesia,Retail,A003,Sensor Processing Unit,Electronics,Autonomous,620,8,0.06,4662.4,2800,1862.4,92,Enterprise,Robotics,167
O000420,2023-06-19,C0210,Customer 210,Malaysia,Direct Sales,S002,Drone Navigation Module,IoT Devices,Smart Devices,320,8,0.1,2304.0,1360,944.0,30,SME,Automotive OEM,119
O000421,2024-03-27,C0100,Customer 100,China,Direct Sales,A001,Advanced PCB Board,Electronics,Autonomous,450,6,0.04,2592.0,1500,1092.0,19,SME,Robotics,168
O000422,2024-08-14,C0048,Customer 048,Malaysia,Retail,M003,Anesthesia Machine,Medical Equipment,Medical,25000,1,0.14,21500.0,15000,6500.0,10,Enterprise,Robotics,114
O000423,2025-10-11,C0111,Customer 111,Singapore,Direct Sales,S001,Smart Home Controller,IoT Devices,Smart Devices,180,7,0.08,1159.2,630,529.2,70,SME,Consumer Electronics,120
O000424,2024-07-02,C0086,Customer 086,Indonesia,Online,S001,Smart Home Controller,IoT Devices,Smart Devices,180,8,0.08,1324.8,720,604.8,33,Enterprise,Robotics,12
O000425,2023-03-27,C0078,Customer 078,Malaysia,Retail,S004,Smart Lock Control Board,IoT Devices,Smart Devices,140,8,0.08,1030.4,560,470.4,53,SME,Consumer Electronics,172
O000426,2025-05-20,C0132,Customer 132,Singapore,Distributor,M002,Operating Table,Medical Equipment,Medical,18000,5,0.05,85500.0,55000,30500.0,45,Retail,Hospital Systems,137
O000427,2023-03-08,C0216,Customer 216,Thailand,Online,A004,Robotics Motion Controller,Electronics,Autonomous,950,3,0.05,2707.5,1620,1087.5,36,Enterprise,Industrial Automation,3
O000428,2023-06-28,C0163,Customer 163,Malaysia,Direct Sales,A004,Robotics Motion Controller,Electronics,Autonomous,950,11,0.08,9614.0,5940,3674.0,21,Enterprise,Medical Distributors,1
O000429,2024-04-30,C0122,Customer 122,Thailand,Online,M004,Patient Monitoring Module,Medical Equipment,Medical,8500,1,0.09,7735.0,5000,2735.0,3,Retail,Technology,139
O000430,2025-05-26,C0182,Customer 182,Thailand,Distributor,M003,Anesthesia Machine,Medical Equipment,Medical,25000,1,0.08,23000.0,15000,8000.0,81,SME,Technology,114
O000431,2024-02-28,C0147,Customer 147,Thailand,Online,M001,Surgical Light System,Medical Equipment,Medical,12000,1,0.07,11160.0,7000,4160.0,35,SME,Technology,79
O000432,2023-12-11,C0137,Customer 137,China,Online,A002,Control Unit Module,Electronics,Autonomous,780,9,0.04,6739.2,3780,2959.2,42,SME,Smart Home,63
O000433,2024-07-01,C0143,Customer 143,China,Direct Sales,S001,Smart Home Controller,IoT Devices,Smart Devices,180,12,0.04,2073.6,1080,993.6,89,SME,Robotics,122
O000434,2025-04-22,C0087,Customer 087,China,Online,M001,Surgical Light System,Medical Equipment,Medical,12000,4,0.17,39840.0,28000,11840.0,47,Enterprise,Robotics,111
O000435,2023-09-17,C0086,Customer 086,Indonesia,Distributor,S004,Smart Lock Control Board,IoT Devices,Smart Devices,140,7,0.05,931.0,490,441.0,33,Enterprise,Robotics,12
O000436,2024-10-21,C0208,Customer 208,Indonesia,Retail,M004,Patient Monitoring Module,Medical Equipment,Medical,8500,5,0.06,39950.0,25000,14950.0,22,SME,Automotive OEM,45
O000437,2024-07-04,C0143,Customer 143,China,Retail,S003,Wireless Sensor Node,IoT Devices,Smart Devices,95,9,0.06,803.7,405,398.7,89,SME,Robotics,122
O000438,2023-06-04,C0187,Customer 187,China,Direct Sales,S003,Wireless Sensor Node,IoT Devices,Smart Devices,95,7,0.03,645.05,315,330.05,66,Retail,Smart Home,70
O000439,2024-07-23,C0101,Customer 101,Singapore,Online,S004,Smart Lock Control Board,IoT Devices,Smart Devices,140,7,0.04,940.8,490,450.8,55,Retail,Medical Distributors,57
O000440,2025-09-26,C0082,Customer 082,Thailand,Direct Sales,A002,Control Unit Module,Electronics,Autonomous,780,5,0.09,3549.0,2100,1449.0,45,Retail,Smart Home,165
O000441,2023-07-10,C0100,Customer 100,China,Retail,S004,Smart Lock Control Board,IoT Devices,Smart Devices,140,7,0.09,891.8,490,401.8,19,SME,Robotics,168
O000442,2025-01-03,C0031,Customer 031,Indonesia,Retail,M002,Operating Table,Medical Equipment,Medical,18000,2,0.05,34200.0,22000,12200.0,77,Retail,Hospital Systems,83
O000443,2025-05-29,C0003,Customer 003,Singapore,Retail,M004,Patient Monitoring Module,Medical Equipment,Medical,8500,3,0.11,22695.0,15000,7695.0,30,Enterprise,Robotics,130
O000444,2024-08-03,C0102,Customer 102,Malaysia,Distributor,A002,Control Unit Module,Electronics,Autonomous,780,2,0.11,1388.4,840,548.4,7,Retail,Technology,143
O000445,2025-09-20,C0215,Customer 215,Singapore,Direct Sales,A002,Control Unit Module,Electronics,Autonomous,780,6,0.02,4586.4,2520,2066.4,74,Enterprise,Consumer Electronics,76
O000446,2025-07-30,C0185,Customer 185,Thailand,Direct Sales,M001,Surgical Light System,Medical Equipment,Medical,12000,1,0.1,10800.0,7000,3800.0,12,SME,Industrial Automation,58
O000447,2023-11-20,C0215,Customer 215,Singapore,Retail,A004,Robotics Motion Controller,Electronics,Autonomous,950,6,0.02,5586.0,3240,2346.0,74,Enterprise,Consumer Electronics,76
O000448,2025-05-26,C0016,Customer 016,Malaysia,Distributor,M004,Patient Monitoring Module,Medical Equipment,Medical,8500,2,0.09,15470.0,10000,5470.0,82,SME,Smart Home,177
O000449,2024-09-10,C0158,Customer 158,Indonesia,Online,M003,Anesthesia Machine,Medical Equipment,Medical,25000,3,0.04,72000.0,45000,27000.0,32,Retail,Medical Distributors,31
O000450,2025-01-08,C0049,Customer 049,Indonesia,Direct Sales,A001,Advanced PCB Board,Electronics,Autonomous,450,4,0.05,1710.0,1000,710.0,12,Enterprise,Hospital Systems,61
O000451,2023-12-05,C0023,Customer 023,Malaysia,Retail,M001,Surgical Light System,Medical Equipment,Medical,12000,3,0.07,33480.0,21000,12480.0,7,SME,Medical Distributors,29
O000452,2024-04-24,C0085,Customer 085,Indonesia,Direct Sales,A003,Sensor Processing Unit,Electronics,Autonomous,620,5,0.08,2852.0,1750,1102.0,56,SME,Consumer Electronics,156
O000453,2023-01-03,C0173,Customer 173,Malaysia,Retail,M004,Patient Monitoring Module,Medical Equipment,Medical,8500,4,0.04,32640.0,20000,12640.0,87,Retail,Hospital Systems,69
O000454,2024-04-08,C0052,Customer 052,China,Retail,S001,Smart Home Controller,IoT Devices,Smart Devices,180,8,0.03,1396.8,720,676.8,20,Enterprise,Technology,49
O000455,2024-12-04,C0147,Customer 147,Thailand,Retail,M002,Operating Table,Medical Equipment,Medical,18000,1,0.08,16560.0,11000,5560.0,35,SME,Technology,79
O000456,2025-09-05,C0115,Customer 115,Indonesia,Distributor,M002,Operating Table,Medical Equipment,Medical,18000,1,0.06,16920.0,11000,5920.0,63,Retail,Robotics,57
O000457,2023-07-29,C0070,Customer 070,China,Online,M002,Operating Table,Medical Equipment,Medical,18000,1,0.06,16920.0,11000,5920.0,1,Retail,Hospital Systems,86
O000458,2024-09-04,C0004,Customer 004,Indonesia,Retail,M003,Anesthesia Machine,Medical Equipment,Medical,25000,1,0.16,21000.0,15000,6000.0,92,Enterprise,Robotics,167
O000459,2023-09-30,C0161,Customer 161,Thailand,Distributor,S003,Wireless Sensor Node,IoT Devices,Smart Devices,95,11,0.04,1003.2,495,508.2,79,SME,Hospital Systems,26
O000460,2023-01-18,C0098,Customer 098,Singapore,Distributor,S002,Drone Navigation Module,IoT Devices,Smart Devices,320,10,0.07,2976.0,1700,1276.0,79,Enterprise,Technology,19
O000461,2024-03-12,C0105,Customer 105,Indonesia,Distributor,S003,Wireless Sensor Node,IoT Devices,Smart Devices,95,8,0.11,676.4,360,316.4,21,SME,Technology,122
O000462,2025-06-25,C0154,Customer 154,Singapore,Direct Sales,M004,Patient Monitoring Module,Medical Equipment,Medical,8500,3,0.09,23205.0,15000,8205.0,61,Retail,Smart Home,123
O000463,2023-10-14,C0030,Customer 030,Indonesia,Retail,M002,Operating Table,Medical Equipment,Medical,18000,1,0.05,17100.0,11000,6100.0,48,SME,Automotive OEM,42
O000464,2025-05-29,C0205,Customer 205,China,Distributor,A002,Control Unit Module,Electronics,Autonomous,780,6,0.07,4352.4,2520,1832.4,57,Retail,Medical Distributors,43
O000465,2023-06-22,C0003,Customer 003,Singapore,Online,M004,Patient Monitoring Module,Medical Equipment,Medical,8500,1,0.16,7140.0,5000,2140.0,30,Enterprise,Robotics,130
O000466,2023-02-24,C0059,Customer 059,Indonesia,Online,S003,Wireless Sensor Node,IoT Devices,Smart Devices,95,9,0.05,812.25,405,407.25,27,SME,Smart Home,172
O000467,2025-11-09,C0122,Customer 122,Thailand,Retail,M004,Patient Monitoring Module,Medical Equipment,Medical,8500,2,0.05,16150.0,10000,6150.0,3,Retail,Technology,139
O000468,2023-04-22,C0138,Customer 138,Singapore,Retail,M004,Patient Monitoring Module,Medical Equipment,Medical,8500,1,0.12,7480.0,5000,2480.0,32,Enterprise,Technology,119
O000469,2024-05-08,C0016,Customer 016,Malaysia,Direct Sales,A004,Robotics Motion Controller,Electronics,Autonomous,950,9,0.06,8037.0,4860,3177.0,82,SME,Smart Home,177
O000470,2023-01-25,C0116,Customer 116,Thailand,Online,A002,Control Unit Module,Electronics,Autonomous,780,6,0.03,4539.6,2520,2019.6,50,SME,Hospital Systems,87
O000471,2025-05-11,C0206,Customer 206,Thailand,Distributor,A002,Control Unit Module,Electronics,Autonomous,780,7,0.13,4750.2,2940,1810.2,42,Retail,Hospital Systems,15
O000472,2023-05-30,C0147,Customer 147,Thailand,Direct Sales,M001,Surgical Light System,Medical Equipment,Medical,12000,1,0.03,11640.0,7000,4640.0,35,SME,Technology,79
O000473,2024-03-17,C0048,Customer 048,Malaysia,Direct Sales,M001,Surgical Light System,Medical Equipment,Medical,12000,2,0.17,19920.0,14000,5920.0,10,Enterprise,Robotics,114
O000474,2025-03-26,C0043,Customer 043,Malaysia,Online,S001,Smart Home Controller,IoT Devices,Smart Devices,180,6,0.09,982.8,540,442.8,32,SME,Technology,122
O000475,2025-10-23,C0162,Customer 162,Malaysia,Retail,A003,Sensor Processing Unit,Electronics,Autonomous,620,3,0.08,1711.2,1050,661.2,85,SME,Smart Home,21
O000476,2023-06-18,C0142,Customer 142,Thailand,Distributor,S003,Wireless Sensor Node,IoT Devices,Smart Devices,95,8,0.05,722.0,360,362.0,11,SME,Robotics,62
O000477,2024-09-26,C0052,Customer 052,China,Distributor,M002,Operating Table,Medical Equipment,Medical,18000,3,0.18,44280.0,33000,11280.0,20,Enterprise,Technology,49
O000478,2023-11-15,C0149,Customer 149,Indonesia,Online,S001,Smart Home Controller,IoT Devices,Smart Devices,180,5,0.03,873.0,450,423.0,25,Retail,Automotive OEM,56
O000479,2023-05-16,C0042,Customer 042,Indonesia,Retail,A001,Advanced PCB Board,Electronics,Autonomous,450,7,0.08,2898.0,1750,1148.0,28,Enterprise,Technology,139
O000480,2024-05-03,C0195,Customer 195,Malaysia,Distributor,M001,Surgical Light System,Medical Equipment,Medical,12000,4,0.04,46080.0,28000,18080.0,53,SME,Robotics,12
O000481,2025-06-08,C0147,Customer 147,Thailand,Retail,M002,Operating Table,Medical Equipment,Medical,18000,3,0.07,50220.0,33000,17220.0,35,SME,Technology,79
O000482,2023-04-23,C0094,Customer 094,Thailand,Distributor,A001,Advanced PCB Board,Electronics,Autonomous,450,4,0.06,1692.0,1000,692.0,87,SME,Technology,55
O000483,2023-10-09,C0054,Customer 054,Singapore,Direct Sales,S004,Smart Lock Control Board,IoT Devices,Smart Devices,140,4,0.04,537.6,280,257.6,7,SME,Hospital Systems,150
O000484,2024-12-11,C0209,Customer 209,Singapore,Online,S001,Smart Home Controller,IoT Devices,Smart Devices,180,8,0.05,1368.0,720,648.0,80,SME,Industrial Automation,175
O000485,2023-09-17,C0110,Customer 110,Malaysia,Online,S004,Smart Lock Control Board,IoT Devices,Smart Devices,140,5,0.1,630.0,350,280.0,91,SME,Automotive OEM,55
O000486,2023-08-30,C0057,Customer 057,Malaysia,Online,M001,Surgical Light System,Medical Equipment,Medical,12000,2,0.09,21840.0,14000,7840.0,75,SME,Robotics,153
O000487,2024-07-11,C0162,Customer 162,Malaysia,Direct Sales,S001,Smart Home Controller,IoT Devices,Smart Devices,180,8,0.05,1368.0,720,648.0,85,SME,Smart Home,21
O000488,2023-06-07,C0096,Customer 096,Thailand,Retail,A004,Robotics Motion Controller,Electronics,Autonomous,950,5,0.06,4465.0,2700,1765.0,12,SME,Consumer Electronics,61
O000489,2023-04-24,C0070,Customer 070,China,Distributor,A004,Robotics Motion Controller,Electronics,Autonomous,950,6,0.09,5187.0,3240,1947.0,1,Retail,Hospital Systems,86
O000490,2024-06-06,C0113,Customer 113,Singapore,Direct Sales,M002,Operating Table,Medical Equipment,Medical,18000,2,0.05,34200.0,22000,12200.0,62,Retail,Industrial Automation,2
O000491,2025-11-08,C0134,Customer 134,Thailand,Direct Sales,M001,Surgical Light System,Medical Equipment,Medical,12000,1,0.17,9960.0,7000,2960.0,63,Enterprise,Industrial Automation,28
O000492,2023-01-26,C0141,Customer 141,Thailand,Direct Sales,M004,Patient Monitoring Module,Medical Equipment,Medical,8500,1,0.06,7990.0,5000,2990.0,36,Retail,Consumer Electronics,153
O000493,2025-02-23,C0149,Customer 149,Indonesia,Distributor,M003,Anesthesia Machine,Medical Equipment,Medical,25000,3,0.1,67500.0,45000,22500.0,25,Retail,Automotive OEM,56
O000494,2023-03-14,C0007,Customer 007,Thailand,Retail,S001,Smart Home Controller,IoT Devices,Smart Devices,180,12,0.05,2052.0,1080,972.0,44,Enterprise,Robotics,27
O000495,2024-05-23,C0169,Customer 169,Thailand,Online,A003,Sensor Processing Unit,Electronics,Autonomous,620,6,0.04,3571.2,2100,1471.2,57,SME,Smart Home,32
O000496,2023-06-09,C0151,Customer 151,Thailand,Online,S002,Drone Navigation Module,IoT Devices,Smart Devices,320,7,0.04,2150.4,1190,960.4,39,Enterprise,Automotive OEM,4
O000497,2023-04-18,C0155,Customer 155,China,Distributor,M003,Anesthesia Machine,Medical Equipment,Medical,25000,2,0.16,42000.0,30000,12000.0,33,Enterprise,Hospital Systems,123
O000498,2023-04-05,C0207,Customer 207,Thailand,Direct Sales,A003,Sensor Processing Unit,Electronics,Autonomous,620,5,0.09,2821.0,1750,1071.0,19,SME,Industrial Automation,63
O000499,2024-08-01,C0063,Customer 063,Malaysia,Online,A001,Advanced PCB Board,Electronics,Autonomous,450,3,0.03,1309.5,750,559.5,45,SME,Automotive OEM,18
O000500,2025-07-24,C0017,Customer 017,Indonesia,Online,M001,Surgical Light System,Medical Equipment,Medical,12000,3,0.1,32400.0,21000,11400.0,8,Enterprise,Consumer Electronics,59
O000501,2024-09-14,C0164,Customer 164,China,Distributor,S004,Smart Lock Control Board,IoT Devices,Smart Devices,140,10,0.07,1302.0,700,602.0,38,SME,Technology,9
O000502,2025-10-07,C0092,Customer 092,Indonesia,Distributor,M004,Patient Monitoring Module,Medical Equipment,Medical,8500,1,0.04,8160.0,5000,3160.0,71,SME,Industrial Automation,1
O000503,2025-04-19,C0100,Customer 100,China,Distributor,M001,Surgical Light System,Medical Equipment,Medical,12000,1,0.07,11160.0,7000,4160.0,19,SME,Robotics,168
O000504,2023-01-20,C0160,Customer 160,China,Direct Sales,A002,Control Unit Module,Electronics,Autonomous,780,4,0.08,2870.4,1680,1190.4,76,Retail,Smart Home,110
O000505,2025-02-09,C0181,Customer 181,Indonesia,Online,S004,Smart Lock Control Board,IoT Devices,Smart Devices,140,5,0.04,672.0,350,322.0,25,SME,Hospital Systems,133
O000506,2025-12-21,C0060,Customer 060,Thailand,Retail,M004,Patient Monitoring Module,Medical Equipment,Medical,8500,2,0.13,14790.0,10000,4790.0,17,Enterprise,Industrial Automation,172
O000507,2023-05-03,C0056,Customer 056,Singapore,Online,M003,Anesthesia Machine,Medical Equipment,Medical,25000,3,0.04,72000.0,45000,27000.0,77,Retail,Medical Distributors,18
O000508,2024-04-19,C0083,Customer 083,Indonesia,Retail,S001,Smart Home Controller,IoT Devices,Smart Devices,180,8,0.09,1310.4,720,590.4,4,SME,Consumer Electronics,30
O000509,2025-02-01,C0114,Customer 114,Thailand,Direct Sales,A004,Robotics Motion Controller,Electronics,Autonomous,950,7,0.07,6184.5,3780,2404.5,54,Enterprise,Industrial Automation,138
O000510,2025-11-01,C0192,Customer 192,Indonesia,Retail,M003,Anesthesia Machine,Medical Equipment,Medical,25000,1,0.04,24000.0,15000,9000.0,20,SME,Technology,115
O000511,2023-05-08,C0167,Customer 167,Malaysia,Distributor,A003,Sensor Processing Unit,Electronics,Autonomous,620,4,0.07,2306.4,1400,906.4,83,SME,Robotics,39
O000512,2024-06-18,C0118,Customer 118,Indonesia,Retail,A002,Control Unit Module,Electronics,Autonomous,780,3,0.08,2152.8,1260,892.8,76,Enterprise,Industrial Automation,145
O000513,2024-10-30,C0055,Customer 055,China,Retail,A002,Control Unit Module,Electronics,Autonomous,780,3,0.04,2246.4,1260,986.4,8,SME,Automotive OEM,131
O000514,2023-06-02,C0217,Customer 217,Indonesia,Distributor,M004,Patient Monitoring Module,Medical Equipment,Medical,8500,1,0.08,7820.0,5000,2820.0,78,Retail,Hospital Systems,128
O000515,2023-08-12,C0034,Customer 034,Singapore,Direct Sales,M003,Anesthesia Machine,Medical Equipment,Medical,25000,1,0.04,24000.0,15000,9000.0,17,Retail,Automotive OEM,169
O000516,2025-08-12,C0054,Customer 054,Singapore,Retail,A002,Control Unit Module,Electronics,Autonomous,780,3,0.03,2269.8,1260,1009.8,7,SME,Hospital Systems,150
O000517,2025-01-03,C0184,Customer 184,China,Retail,M004,Patient Monitoring Module,Medical Equipment,Medical,8500,1,0.11,7565.0,5000,2565.0,91,Enterprise,Robotics,41
O000518,2024-06-26,C0035,Customer 035,China,Direct Sales,M002,Operating Table,Medical Equipment,Medical,18000,2,0.04,34560.0,22000,12560.0,34,Retail,Automotive OEM,136
O000519,2024-09-15,C0040,Customer 040,Malaysia,Direct Sales,S004,Smart Lock Control Board,IoT Devices,Smart Devices,140,9,0.05,1197.0,630,567.0,10,SME,Hospital Systems,162
O000520,2024-11-02,C0205,Customer 205,China,Direct Sales,M003,Anesthesia Machine,Medical Equipment,Medical,25000,2,0.08,46000.0,30000,16000.0,57,Retail,Medical Distributors,43
O000521,2024-12-29,C0211,Customer 211,Thailand,Direct Sales,A003,Sensor Processing Unit,Electronics,Autonomous,620,5,0.07,2883.0,1750,1133.0,60,SME,Hospital Systems,74
O000522,2024-06-16,C0207,Customer 207,Thailand,Direct Sales,M003,Anesthesia Machine,Medical Equipment,Medical,25000,1,0.1,22500.0,15000,7500.0,19,SME,Industrial Automation,63
O000523,2025-07-15,C0122,Customer 122,Thailand,Distributor,S001,Smart Home Controller,IoT Devices,Smart Devices,180,10,0.01,1782.0,900,882.0,3,Retail,Technology,139
O000524,2023-07-28,C0112,Customer 112,China,Direct Sales,M003,Anesthesia Machine,Medical Equipment,Medical,25000,1,0.08,23000.0,15000,8000.0,50,Enterprise,Industrial Automation,150
O000525,2024-03-31,C0044,Customer 044,China,Distributor,M003,Anesthesia Machine,Medical Equipment,Medical,25000,1,0.16,21000.0,15000,6000.0,85,Enterprise,Medical Distributors,111
O000526,2025-02-01,C0181,Customer 181,Indonesia,Direct Sales,S003,Wireless Sensor Node,IoT Devices,Smart Devices,95,12,0.08,1048.8,540,508.8,25,SME,Hospital Systems,133
O000527,2024-06-14,C0163,Customer 163,Malaysia,Direct Sales,M002,Operating Table,Medical Equipment,Medical,18000,2,0.18,29520.0,22000,7520.0,21,Enterprise,Medical Distributors,1
O000528,2024-02-09,C0179,Customer 179,Indonesia,Retail,S003,Wireless Sensor Node,IoT Devices,Smart Devices,95,4,0.1,342.0,180,162.0,41,Enterprise,Medical Distributors,65
O000529,2023-07-08,C0127,Customer 127,Thailand,Direct Sales,A002,Control Unit Module,Electronics,Autonomous,780,6,0.02,4586.4,2520,2066.4,78,Retail,Automotive OEM,156
O000530,2025-08-02,C0017,Customer 017,Indonesia,Distributor,M001,Surgical Light System,Medical Equipment,Medical,12000,4,0.17,39840.0,28000,11840.0,8,Enterprise,Consumer Electronics,59
O000531,2025-06-06,C0023,Customer 023,Malaysia,Retail,S004,Smart Lock Control Board,IoT Devices,Smart Devices,140,4,0.07,520.8,280,240.8,7,SME,Medical Distributors,29
O000532,2025-02-22,C0140,Customer 140,China,Retail,S003,Wireless Sensor Node,IoT Devices,Smart Devices,95,7,0.01,658.35,315,343.35,63,Retail,Automotive OEM,55
O000533,2024-03-15,C0159,Customer 159,Indonesia,Online,M003,Anesthesia Machine,Medical Equipment,Medical,25000,3,0.05,71250.0,45000,26250.0,67,Retail,Robotics,98
O000534,2023-11-01,C0067,Customer 067,Singapore,Distributor,M001,Surgical Light System,Medical Equipment,Medical,12000,2,0.08,22080.0,14000,8080.0,35,Retail,Automotive OEM,73
O000535,2025-10-18,C0014,Customer 014,Thailand,Retail,A003,Sensor Processing Unit,Electronics,Autonomous,620,4,0.02,2430.4,1400,1030.4,90,Enterprise,Smart Home,175
O000536,2024-07-26,C0198,Customer 198,Indonesia,Distributor,A003,Sensor Processing Unit,Electronics,Autonomous,620,7,0.09,3949.4,2450,1499.4,57,Enterprise,Medical Distributors,26
O000537,2025-12-12,C0205,Customer 205,China,Direct Sales,M004,Patient Monitoring Module,Medical Equipment,Medical,8500,1,0.1,7650.0,5000,2650.0,57,Retail,Medical Distributors,43
O000538,2025-01-05,C0125,Customer 125,Malaysia,Retail,A004,Robotics Motion Controller,Electronics,Autonomous,950,3,0.05,2707.5,1620,1087.5,31,Retail,Automotive OEM,33
O000539,2025-10-25,C0156,Customer 156,Singapore,Retail,A002,Control Unit Module,Electronics,Autonomous,780,6,0.04,4492.8,2520,1972.8,63,Retail,Industrial Automation,19
O000540,2023-02-23,C0014,Customer 014,Thailand,Distributor,A002,Control Unit Module,Electronics,Autonomous,780,5,0.05,3705.0,2100,1605.0,90,Enterprise,Smart Home,175
O000541,2024-07-29,C0064,Customer 064,Malaysia,Retail,M001,Surgical Light System,Medical Equipment,Medical,12000,1,0.07,11160.0,7000,4160.0,57,SME,Automotive OEM,140
O000542,2024-04-21,C0129,Customer 129,Indonesia,Direct Sales,M003,Anesthesia Machine,Medical Equipment,Medical,25000,1,0.1,22500.0,15000,7500.0,74,Enterprise,Smart Home,174
O000543,2024-05-08,C0155,Customer 155,China,Direct Sales,A001,Advanced PCB Board,Electronics,Autonomous,450,2,0.08,828.0,500,328.0,33,Enterprise,Hospital Systems,123
O000544,2024-03-25,C0091,Customer 091,Malaysia,Retail,S002,Drone Navigation Module,IoT Devices,Smart Devices,320,7,0.06,2105.6,1190,915.6,87,SME,Industrial Automation,45
O000545,2023-12-22,C0046,Customer 046,Singapore,Distributor,M003,Anesthesia Machine,Medical Equipment,Medical,25000,1,0.14,21500.0,15000,6500.0,14,Enterprise,Consumer Electronics,64
O000546,2025-01-04,C0005,Customer 005,Indonesia,Direct Sales,S002,Drone Navigation Module,IoT Devices,Smart Devices,320,7,0.09,2038.4,1190,848.4,76,SME,Technology,72
O000547,2024-12-21,C0037,Customer 037,Malaysia,Distributor,S002,Drone Navigation Module,IoT Devices,Smart Devices,320,8,0.08,2355.2,1360,995.2,86,SME,Industrial Automation,167
O000548,2024-01-21,C0072,Customer 072,Indonesia,Online,A004,Robotics Motion Controller,Electronics,Autonomous,950,8,0.03,7372.0,4320,3052.0,15,SME,Hospital Systems,20
O000549,2023-03-19,C0065,Customer 065,Thailand,Direct Sales,M002,Operating Table,Medical Equipment,Medical,18000,1,0.05,17100.0,11000,6100.0,86,SME,Hospital Systems,142
O000550,2024-03-24,C0155,Customer 155,China,Retail,M001,Surgical Light System,Medical Equipment,Medical,12000,4,0.08,44160.0,28000,16160.0,33,Enterprise,Hospital Systems,123
O000551,2024-02-17,C0020,Customer 020,China,Online,M003,Anesthesia Machine,Medical Equipment,Medical,25000,1,0.08,23000.0,15000,8000.0,19,SME,Technology,68
O000552,2024-10-24,C0107,Customer 107,Indonesia,Direct Sales,M001,Surgical Light System,Medical Equipment,Medical,12000,2,0.04,23040.0,14000,9040.0,36,SME,Robotics,113
O000553,2023-10-18,C0169,Customer 169,Thailand,Online,M002,Operating Table,Medical Equipment,Medical,18000,1,0.1,16200.0,11000,5200.0,57,SME,Smart Home,32
O000554,2025-02-04,C0012,Customer 012,Malaysia,Retail,S004,Smart Lock Control Board,IoT Devices,Smart Devices,140,5,0.05,665.0,350,315.0,30,Retail,Medical Distributors,26
O000555,2024-11-20,C0002,Customer 002,Malaysia,Online,A001,Advanced PCB Board,Electronics,Autonomous,450,2,0.03,873.0,500,373.0,76,SME,Medical Distributors,109
O000556,2023-11-19,C0132,Customer 132,Singapore,Retail,S004,Smart Lock Control Board,IoT Devices,Smart Devices,140,8,0.06,1052.8,560,492.8,45,Retail,Hospital Systems,137
O000557,2025-09-24,C0018,Customer 018,Singapore,Online,S003,Wireless Sensor Node,IoT Devices,Smart Devices,95,11,0.01,1034.55,495,539.55,35,Retail,Industrial Automation,17
O000558,2024-12-31,C0089,Customer 089,Singapore,Distributor,M004,Patient Monitoring Module,Medical Equipment,Medical,8500,3,0.06,23970.0,15000,8970.0,65,SME,Smart Home,80
O000559,2024-08-26,C0030,Customer 030,Indonesia,Distributor,M003,Anesthesia Machine,Medical Equipment,Medical,25000,2,0.08,46000.0,30000,16000.0,48,SME,Automotive OEM,42
O000560,2025-03-12,C0198,Customer 198,Indonesia,Direct Sales,S002,Drone Navigation Module,IoT Devices,Smart Devices,320,10,0.05,3040.0,1700,1340.0,57,Enterprise,Medical Distributors,26
O000561,2024-10-13,C0018,Customer 018,Singapore,Distributor,S002,Drone Navigation Module,IoT Devices,Smart Devices,320,6,0.05,1824.0,1020,804.0,35,Retail,Industrial Automation,17
O000562,2023-08-02,C0157,Customer 157,Indonesia,Distributor,A004,Robotics Motion Controller,Electronics,Autonomous,950,4,0.08,3496.0,2160,1336.0,20,SME,Hospital Systems,39
O000563,2023-06-09,C0191,Customer 191,Indonesia,Online,M004,Patient Monitoring Module,Medical Equipment,Medical,8500,3,0.18,20910.0,15000,5910.0,37,Enterprise,Hospital Systems,77
O000564,2023-12-10,C0176,Customer 176,China,Direct Sales,S003,Wireless Sensor Node,IoT Devices,Smart Devices,95,9,0.07,795.15,405,390.15,45,Retail,Technology,105
O000565,2024-11-18,C0057,Customer 057,Malaysia,Direct Sales,A004,Robotics Motion Controller,Electronics,Autonomous,950,7,0.04,6384.0,3780,2604.0,75,SME,Robotics,153
O000566,2024-05-26,C0056,Customer 056,Singapore,Direct Sales,S004,Smart Lock Control Board,IoT Devices,Smart Devices,140,12,0.03,1629.6,840,789.6,77,Retail,Medical Distributors,18
O000567,2023-08-10,C0214,Customer 214,China,Direct Sales,S004,Smart Lock Control Board,IoT Devices,Smart Devices,140,8,0.0,1120.0,560,560.0,50,Retail,Robotics,124
O000568,2025-06-16,C0098,Customer 098,Singapore,Retail,S004,Smart Lock Control Board,IoT Devices,Smart Devices,140,10,0.12,1232.0,700,532.0,79,Enterprise,Technology,19
O000569,2025-04-27,C0102,Customer 102,Malaysia,Retail,A004,Robotics Motion Controller,Electronics,Autonomous,950,3,0.05,2707.5,1620,1087.5,7,Retail,Technology,143
O000570,2025-02-07,C0035,Customer 035,China,Retail,M002,Operating Table,Medical Equipment,Medical,18000,3,0.09,49140.0,33000,16140.0,34,Retail,Automotive OEM,136
O000571,2024-04-06,C0217,Customer 217,Indonesia,Retail,M003,Anesthesia Machine,Medical Equipment,Medical,25000,3,0.04,72000.0,45000,27000.0,78,Retail,Hospital Systems,128
O000572,2023-03-10,C0092,Customer 092,Indonesia,Direct Sales,A001,Advanced PCB Board,Electronics,Autonomous,450,3,0.05,1282.5,750,532.5,71,SME,Industrial Automation,1
O000573,2023-08-03,C0094,Customer 094,Thailand,Online,M002,Operating Table,Medical Equipment,Medical,18000,1,0.04,17280.0,11000,6280.0,87,SME,Technology,55
O000574,2025-02-07,C0158,Customer 158,Indonesia,Direct Sales,M003,Anesthesia Machine,Medical Equipment,Medical,25000,2,0.07,46500.0,30000,16500.0,32,Retail,Medical Distributors,31
O000575,2023-07-10,C0179,Customer 179,Indonesia,Retail,A002,Control Unit Module,Electronics,Autonomous,780,6,0.08,4305.6,2520,1785.6,41,Enterprise,Medical Distributors,65
O000576,2025-06-02,C0159,Customer 159,Indonesia,Distributor,S003,Wireless Sensor Node,IoT Devices,Smart Devices,95,14,0.05,1263.5,630,633.5,67,Retail,Robotics,98
O000577,2025-06-08,C0115,Customer 115,Indonesia,Direct Sales,M003,Anesthesia Machine,Medical Equipment,Medical,25000,3,0.04,72000.0,45000,27000.0,63,Retail,Robotics,57
O000578,2024-02-25,C0157,Customer 157,Indonesia,Retail,M004,Patient Monitoring Module,Medical Equipment,Medical,8500,2,0.08,15640.0,10000,5640.0,20,SME,Hospital Systems,39
O000579,2024-06-27,C0199,Customer 199,Indonesia,Online,S003,Wireless Sensor Node,IoT Devices,Smart Devices,95,7,0.02,651.7,315,336.7,93,Retail,Hospital Systems,37
O000580,2023-07-16,C0158,Customer 158,Indonesia,Retail,M001,Surgical Light System,Medical Equipment,Medical,12000,2,0.07,22320.0,14000,8320.0,32,Retail,Medical Distributors,31
O000581,2025-10-02,C0151,Customer 151,Thailand,Direct Sales,M003,Anesthesia Machine,Medical Equipment,Medical,25000,1,0.12,22000.0,15000,7000.0,39,Enterprise,Automotive OEM,4
O000582,2025-05-25,C0177,Customer 177,Thailand,Online,M002,Operating Table,Medical Equipment,Medical,18000,1,0.16,15120.0,11000,4120.0,21,Enterprise,Medical Distributors,85
O000583,2025-09-10,C0109,Customer 109,Thailand,Direct Sales,M004,Patient Monitoring Module,Medical Equipment,Medical,8500,2,0.03,16490.0,10000,6490.0,18,Retail,Medical Distributors,39
O000584,2023-12-16,C0123,Customer 123,Singapore,Online,S003,Wireless Sensor Node,IoT Devices,Smart Devices,95,6,0.08,524.4,270,254.4,29,Retail,Consumer Electronics,167
O000585,2025-08-27,C0071,Customer 071,Malaysia,Online,M002,Operating Table,Medical Equipment,Medical,18000,2,0.08,33120.0,22000,11120.0,21,SME,Smart Home,114
O000586,2025-08-22,C0074,Customer 074,Malaysia,Online,A004,Robotics Motion Controller,Electronics,Autonomous,950,5,0.03,4607.5,2700,1907.5,40,SME,Hospital Systems,94
O000587,2025-03-04,C0075,Customer 075,Singapore,Online,M003,Anesthesia Machine,Medical Equipment,Medical,25000,1,0.09,22750.0,15000,7750.0,88,Retail,Robotics,64
O000588,2025-01-26,C0158,Customer 158,Indonesia,Retail,M003,Anesthesia Machine,Medical Equipment,Medical,25000,1,0.03,24250.0,15000,9250.0,32,Retail,Medical Distributors,31
O000589,2025-06-19,C0061,Customer 061,Thailand,Online,A004,Robotics Motion Controller,Electronics,Autonomous,950,7,0.04,6384.0,3780,2604.0,2,SME,Medical Distributors,118
O000590,2024-07-04,C0023,Customer 023,Malaysia,Direct Sales,S002,Drone Navigation Module,IoT Devices,Smart Devices,320,10,0.04,3072.0,1700,1372.0,7,SME,Medical Distributors,29
O000591,2023-07-18,C0081,Customer 081,Malaysia,Online,M002,Operating Table,Medical Equipment,Medical,18000,2,0.16,30240.0,22000,8240.0,52,Enterprise,Robotics,85
O000592,2025-04-27,C0090,Customer 090,China,Distributor,S002,Drone Navigation Module,IoT Devices,Smart Devices,320,7,0.08,2060.8,1190,870.8,71,Enterprise,Smart Home,33
O000593,2025-03-03,C0116,Customer 116,Thailand,Retail,S001,Smart Home Controller,IoT Devices,Smart Devices,180,7,0.12,1108.8,630,478.8,50,SME,Hospital Systems,87
O000594,2025-08-30,C0084,Customer 084,Thailand,Distributor,S002,Drone Navigation Module,IoT Devices,Smart Devices,320,11,0.07,3273.6,1870,1403.6,5,Enterprise,Smart Home,28
O000595,2023-06-11,C0176,Customer 176,China,Direct Sales,A003,Sensor Processing Unit,Electronics,Autonomous,620,2,0.06,1165.6,700,465.6,45,Retail,Technology,105
O000596,2025-11-24,C0085,Customer 085,Indonesia,Distributor,S002,Drone Navigation Module,IoT Devices,Smart Devices,320,11,0.04,3379.2,1870,1509.2,56,SME,Consumer Electronics,156
O000597,2025-07-08,C0208,Customer 208,Indonesia,Distributor,M003,Anesthesia Machine,Medical Equipment,Medical,25000,1,0.1,22500.0,15000,7500.0,22,SME,Automotive OEM,45
O000598,2024-01-30,C0078,Customer 078,Malaysia,Direct Sales,M003,Anesthesia Machine,Medical Equipment,Medical,25000,2,0.06,47000.0,30000,17000.0,53,SME,Consumer Electronics,172
O000599,2025-06-10,C0034,Customer 034,Singapore,Distributor,M004,Patient Monitoring Module,Medical Equipment,Medical,8500,6,0.09,46410.0,30000,16410.0,17,Retail,Automotive OEM,169
O000600,2024-06-12,C0046,Customer 046,Singapore,Direct Sales,A002,Control Unit Module,Electronics,Autonomous,780,5,0.03,3783.0,2100,1683.0,14,Enterprise,Consumer Electronics,64
O000601,2025-03-24,C0136,Customer 136,China,Online,S001,Smart Home Controller,IoT Devices,Smart Devices,180,11,0.11,1762.2,990,772.2,79,Enterprise,Smart Home,138
O000602,2025-11-30,C0101,Customer 101,Singapore,Direct Sales,A004,Robotics Motion Controller,Electronics,Autonomous,950,6,0.08,5244.0,3240,2004.0,55,Retail,Medical Distributors,57
O000603,2025-12-06,C0176,Customer 176,China,Direct Sales,A003,Sensor Processing Unit,Electronics,Autonomous,620,7,0.05,4123.0,2450,1673.0,45,Retail,Technology,105
O000604,2023-10-31,C0146,Customer 146,Indonesia,Direct Sales,S002,Drone Navigation Module,IoT Devices,Smart Devices,320,11,0.11,3132.8,1870,1262.8,55,SME,Consumer Electronics,141
O000605,2023-07-26,C0123,Customer 123,Singapore,Online,A001,Advanced PCB Board,Electronics,Autonomous,450,5,0.09,2047.5,1250,797.5,29,Retail,Consumer Electronics,167
O000606,2024-06-24,C0076,Customer 076,Singapore,Retail,A003,Sensor Processing Unit,Electronics,Autonomous,620,5,0.07,2883.0,1750,1133.0,80,SME,Industrial Automation,40
O000607,2025-08-26,C0063,Customer 063,Malaysia,Distributor,M001,Surgical Light System,Medical Equipment,Medical,12000,1,0.05,11400.0,7000,4400.0,45,SME,Automotive OEM,18
O000608,2023-10-22,C0055,Customer 055,China,Retail,S002,Drone Navigation Module,IoT Devices,Smart Devices,320,8,0.03,2483.2,1360,1123.2,8,SME,Automotive OEM,131
O000609,2024-11-09,C0219,Customer 219,Malaysia,Distributor,S004,Smart Lock Control Board,IoT Devices,Smart Devices,140,6,0.03,814.8,420,394.8,87,SME,Smart Home,169
O000610,2025-08-31,C0126,Customer 126,China,Online,A001,Advanced PCB Board,Electronics,Autonomous,450,6,0.02,2646.0,1500,1146.0,60,SME,Robotics,180
O000611,2024-09-12,C0166,Customer 166,Singapore,Online,A001,Advanced PCB Board,Electronics,Autonomous,450,4,0.09,1638.0,1000,638.0,81,SME,Smart Home,151
O000612,2023-07-21,C0143,Customer 143,China,Distributor,M004,Patient Monitoring Module,Medical Equipment,Medical,8500,3,0.05,24225.0,15000,9225.0,89,SME,Robotics,122
O000613,2025-06-26,C0147,Customer 147,Thailand,Online,A002,Control Unit Module,Electronics,Autonomous,780,3,0.08,2152.8,1260,892.8,35,SME,Technology,79
O000614,2023-07-02,C0165,Customer 165,Malaysia,Retail,M004,Patient Monitoring Module,Medical Equipment,Medical,8500,1,0.1,7650.0,5000,2650.0,90,Enterprise,Smart Home,117
O000615,2025-04-13,C0023,Customer 023,Malaysia,Retail,S004,Smart Lock Control Board,IoT Devices,Smart Devices,140,8,0.1,1008.0,560,448.0,7,SME,Medical Distributors,29
O000616,2025-02-04,C0059,Customer 059,Indonesia,Distributor,M001,Surgical Light System,Medical Equipment,Medical,12000,4,0.03,46560.0,28000,18560.0,27,SME,Smart Home,172
O000617,2025-11-03,C0039,Customer 039,Malaysia,Distributor,A003,Sensor Processing Unit,Electronics,Autonomous,620,2,0.13,1078.8,700,378.8,76,Enterprise,Hospital Systems,142
O000618,2025-12-09,C0177,Customer 177,Thailand,Direct Sales,S002,Drone Navigation Module,IoT Devices,Smart Devices,320,7,0.05,2128.0,1190,938.0,21,Enterprise,Medical Distributors,85
O000619,2024-02-16,C0105,Customer 105,Indonesia,Distributor,M001,Surgical Light System,Medical Equipment,Medical,12000,1,0.03,11640.0,7000,4640.0,21,SME,Technology,122
O000620,2023-04-14,C0131,Customer 131,Malaysia,Distributor,A002,Control Unit Module,Electronics,Autonomous,780,3,0.08,2152.8,1260,892.8,88,Enterprise,Smart Home,154
O000621,2025-08-08,C0030,Customer 030,Indonesia,Retail,S001,Smart Home Controller,IoT Devices,Smart Devices,180,5,0.09,819.0,450,369.0,48,SME,Automotive OEM,42
O000622,2023-09-11,C0143,Customer 143,China,Direct Sales,S003,Wireless Sensor Node,IoT Devices,Smart Devices,95,8,0.05,722.0,360,362.0,89,SME,Robotics,122
O000623,2025-09-28,C0005,Customer 005,Indonesia,Retail,S002,Drone Navigation Module,IoT Devices,Smart Devices,320,7,0.05,2128.0,1190,938.0,76,SME,Technology,72
O000624,2025-08-29,C0022,Customer 022,China,Online,S002,Drone Navigation Module,IoT Devices,Smart Devices,320,2,0.03,620.8,340,280.8,47,Retail,Industrial Automation,57
O000625,2024-06-13,C0162,Customer 162,Malaysia,Direct Sales,S004,Smart Lock Control Board,IoT Devices,Smart Devices,140,8,0.06,1052.8,560,492.8,85,SME,Smart Home,21
O000626,2025-03-02,C0182,Customer 182,Thailand,Distributor,M001,Surgical Light System,Medical Equipment,Medical,12000,2,0.09,21840.0,14000,7840.0,81,SME,Technology,114
O000627,2024-03-14,C0117,Customer 117,China,Distributor,M004,Patient Monitoring Module,Medical Equipment,Medical,8500,3,0.08,23460.0,15000,8460.0,17,SME,Technology,160
O000628,2024-07-05,C0148,Customer 148,Thailand,Retail,S003,Wireless Sensor Node,IoT Devices,Smart Devices,95,5,0.08,437.0,225,212.0,41,Enterprise,Robotics,31
O000629,2023-01-19,C0062,Customer 062,Indonesia,Distributor,A004,Robotics Motion Controller,Electronics,Autonomous,950,5,0.11,4227.5,2700,1527.5,10,Retail,Medical Distributors,138
O000630,2023-01-18,C0158,Customer 158,Indonesia,Online,M004,Patient Monitoring Module,Medical Equipment,Medical,8500,3,0.07,23715.0,15000,8715.0,32,Retail,Medical Distributors,31
O000631,2024-09-17,C0142,Customer 142,Thailand,Online,S004,Smart Lock Control Board,IoT Devices,Smart Devices,140,6,0.07,781.2,420,361.2,11,SME,Robotics,62
O000632,2025-02-10,C0049,Customer 049,Indonesia,Retail,A002,Control Unit Module,Electronics,Autonomous,780,4,0.04,2995.2,1680,1315.2,12,Enterprise,Hospital Systems,61
O000633,2025-08-13,C0200,Customer 200,China,Retail,A001,Advanced PCB Board,Electronics,Autonomous,450,7,0.07,2929.5,1750,1179.5,10,Retail,Automotive OEM,121
O000634,2023-01-16,C0181,Customer 181,Indonesia,Online,S001,Smart Home Controller,IoT Devices,Smart Devices,180,4,0.08,662.4,360,302.4,25,SME,Hospital Systems,133
O000635,2024-08-01,C0162,Customer 162,Malaysia,Direct Sales,A001,Advanced PCB Board,Electronics,Autonomous,450,3,0.06,1269.0,750,519.0,85,SME,Smart Home,21
O000636,2024-11-19,C0130,Customer 130,China,Online,A001,Advanced PCB Board,Electronics,Autonomous,450,4,0.09,1638.0,1000,638.0,10,SME,Robotics,152
O000637,2024-06-18,C0190,Customer 190,Malaysia,Online,S003,Wireless Sensor Node,IoT Devices,Smart Devices,95,11,0.02,1024.1,495,529.1,54,Retail,Smart Home,88
O000638,2025-11-25,C0197,Customer 197,Malaysia,Direct Sales,M004,Patient Monitoring Module,Medical Equipment,Medical,8500,3,0.09,23205.0,15000,8205.0,17,SME,Hospital Systems,129
O000639,2025-04-07,C0209,Customer 209,Singapore,Online,S003,Wireless Sensor Node,IoT Devices,Smart Devices,95,8,0.09,691.6,360,331.6,80,SME,Industrial Automation,175
O000640,2023-02-22,C0070,Customer 070,China,Retail,S003,Wireless Sensor Node,IoT Devices,Smart Devices,95,6,0.08,524.4,270,254.4,1,Retail,Hospital Systems,86
O000641,2024-06-15,C0068,Customer 068,Indonesia,Retail,A003,Sensor Processing Unit,Electronics,Autonomous,620,4,0.05,2356.0,1400,956.0,27,Enterprise,Consumer Electronics,176
O000642,2023-03-14,C0097,Customer 097,Thailand,Distributor,S002,Drone Navigation Module,IoT Devices,Smart Devices,320,7,0.06,2105.6,1190,915.6,19,Enterprise,Robotics,7
O000643,2024-03-31,C0049,Customer 049,Indonesia,Retail,S003,Wireless Sensor Node,IoT Devices,Smart Devices,95,5,0.11,422.75,225,197.75,12,Enterprise,Hospital Systems,61
O000644,2025-01-04,C0057,Customer 057,Malaysia,Online,S001,Smart Home Controller,IoT Devices,Smart Devices,180,5,0.11,801.0,450,351.0,75,SME,Robotics,153
O000645,2024-01-06,C0045,Customer 045,Thailand,Direct Sales,A001,Advanced PCB Board,Electronics,Autonomous,450,6,0.06,2538.0,1500,1038.0,94,SME,Technology,14
O000646,2024-06-13,C0174,Customer 174,Indonesia,Distributor,S004,Smart Lock Control Board,IoT Devices,Smart Devices,140,5,0.12,616.0,350,266.0,61,Enterprise,Automotive OEM,133
O000647,2024-11-18,C0153,Customer 153,Thailand,Direct Sales,S003,Wireless Sensor Node,IoT Devices,Smart Devices,95,8,0.05,722.0,360,362.0,82,SME,Automotive OEM,126
O000648,2024-04-02,C0151,Customer 151,Thailand,Online,S004,Smart Lock Control Board,IoT Devices,Smart Devices,140,8,0.07,1041.6,560,481.6,39,Enterprise,Automotive OEM,4
O000649,2024-11-09,C0021,Customer 021,Malaysia,Online,A002,Control Unit Module,Electronics,Autonomous,780,4,0.07,2901.6,1680,1221.6,96,Enterprise,Smart Home,150
O000650,2025-08-07,C0208,Customer 208,Indonesia,Retail,M002,Operating Table,Medical Equipment,Medical,18000,1,0.03,17460.0,11000,6460.0,22,SME,Automotive OEM,45
O000651,2023-05-26,C0096,Customer 096,Thailand,Distributor,A004,Robotics Motion Controller,Electronics,Autonomous,950,6,0.1,5130.0,3240,1890.0,12,SME,Consumer Electronics,61
O000652,2025-02-20,C0021,Customer 021,Malaysia,Online,S001,Smart Home Controller,IoT Devices,Smart Devices,180,6,0.07,1004.4,540,464.4,96,Enterprise,Smart Home,150
O000653,2023-11-05,C0076,Customer 076,Singapore,Distributor,M003,Anesthesia Machine,Medical Equipment,Medical,25000,2,0.05,47500.0,30000,17500.0,80,SME,Industrial Automation,40
O000654,2025-07-26,C0035,Customer 035,China,Online,M003,Anesthesia Machine,Medical Equipment,Medical,25000,2,0.09,45500.0,30000,15500.0,34,Retail,Automotive OEM,136
O000655,2024-01-05,C0034,Customer 034,Singapore,Retail,M002,Operating Table,Medical Equipment,Medical,18000,3,0.05,51300.0,33000,18300.0,17,Retail,Automotive OEM,169
O000656,2023-12-29,C0138,Customer 138,Singapore,Direct Sales,A002,Control Unit Module,Electronics,Autonomous,780,9,0.02,6879.6,3780,3099.6,32,Enterprise,Technology,119
O000657,2024-07-14,C0017,Customer 017,Indonesia,Distributor,M004,Patient Monitoring Module,Medical Equipment,Medical,8500,2,0.14,14620.0,10000,4620.0,8,Enterprise,Consumer Electronics,59
O000658,2023-11-21,C0205,Customer 205,China,Direct Sales,A004,Robotics Motion Controller,Electronics,Autonomous,950,8,0.03,7372.0,4320,3052.0,57,Retail,Medical Distributors,43
O000659,2025-06-07,C0023,Customer 023,Malaysia,Retail,S003,Wireless Sensor Node,IoT Devices,Smart Devices,95,7,0.07,618.45,315,303.45,7,SME,Medical Distributors,29
O000660,2025-09-04,C0047,Customer 047,Malaysia,Direct Sales,A003,Sensor Processing Unit,Electronics,Autonomous,620,3,0.02,1822.8,1050,772.8,18,Enterprise,Technology,109
O000661,2024-02-13,C0026,Customer 026,Indonesia,Online,S004,Smart Lock Control Board,IoT Devices,Smart Devices,140,7,0.08,901.6,490,411.6,88,Retail,Hospital Systems,30
O000662,2024-10-21,C0023,Customer 023,Malaysia,Distributor,S001,Smart Home Controller,IoT Devices,Smart Devices,180,6,0.03,1047.6,540,507.6,7,SME,Medical Distributors,29
O000663,2023-01-09,C0124,Customer 124,Singapore,Distributor,S003,Wireless Sensor Node,IoT Devices,Smart Devices,95,6,0.02,558.6,270,288.6,4,Retail,Hospital Systems,64
O000664,2024-12-06,C0102,Customer 102,Malaysia,Distributor,A001,Advanced PCB Board,Electronics,Autonomous,450,5,0.06,2115.0,1250,865.0,7,Retail,Technology,143
O000665,2025-10-27,C0105,Customer 105,Indonesia,Online,S002,Drone Navigation Module,IoT Devices,Smart Devices,320,6,0.05,1824.0,1020,804.0,21,SME,Technology,122
O000666,2023-04-04,C0162,Customer 162,Malaysia,Online,A001,Advanced PCB Board,Electronics,Autonomous,450,3,0.06,1269.0,750,519.0,85,SME,Smart Home,21
O000667,2025-12-01,C0066,Customer 066,Thailand,Online,S002,Drone Navigation Module,IoT Devices,Smart Devices,320,10,0.03,3104.0,1700,1404.0,18,Retail,Medical Distributors,68
O000668,2023-10-02,C0189,Customer 189,Indonesia,Retail,A002,Control Unit Module,Electronics,Autonomous,780,6,0.05,4446.0,2520,1926.0,77,Enterprise,Robotics,131
O000669,2024-01-21,C0152,Customer 152,Indonesia,Retail,M003,Anesthesia Machine,Medical Equipment,Medical,25000,2,0.08,46000.0,30000,16000.0,7,Enterprise,Hospital Systems,142
O000670,2024-04-04,C0204,Customer 204,Malaysia,Distributor,S004,Smart Lock Control Board,IoT Devices,Smart Devices,140,13,0.05,1729.0,910,819.0,30,SME,Smart Home,24
O000671,2023-02-14,C0047,Customer 047,Malaysia,Distributor,S002,Drone Navigation Module,IoT Devices,Smart Devices,320,11,0.04,3379.2,1870,1509.2,18,Enterprise,Technology,109
O000672,2023-03-18,C0093,Customer 093,Thailand,Online,A003,Sensor Processing Unit,Electronics,Autonomous,620,6,0.08,3422.4,2100,1322.4,75,Enterprise,Industrial Automation,156
O000673,2023-04-10,C0125,Customer 125,Malaysia,Direct Sales,S002,Drone Navigation Module,IoT Devices,Smart Devices,320,8,0.05,2432.0,1360,1072.0,31,Retail,Automotive OEM,33
O000674,2023-02-10,C0220,Customer 220,Malaysia,Direct Sales,M001,Surgical Light System,Medical Equipment,Medical,12000,2,0.06,22560.0,14000,8560.0,40,SME,Hospital Systems,113
O000675,2025-02-17,C0021,Customer 021,Malaysia,Online,M002,Operating Table,Medical Equipment,Medical,18000,2,0.13,31320.0,22000,9320.0,96,Enterprise,Smart Home,150
O000676,2023-11-10,C0053,Customer 053,Thailand,Direct Sales,M004,Patient Monitoring Module,Medical Equipment,Medical,8500,1,0.11,7565.0,5000,2565.0,75,Enterprise,Hospital Systems,139
O000677,2023-07-26,C0205,Customer 205,China,Online,S003,Wireless Sensor Node,IoT Devices,Smart Devices,95,8,0.05,722.0,360,362.0,57,Retail,Medical Distributors,43
O000678,2023-10-08,C0157,Customer 157,Indonesia,Direct Sales,A003,Sensor Processing Unit,Electronics,Autonomous,620,3,0.06,1748.4,1050,698.4,20,SME,Hospital Systems,39
O000679,2023-08-30,C0166,Customer 166,Singapore,Direct Sales,A001,Advanced PCB Board,Electronics,Autonomous,450,6,0.08,2484.0,1500,984.0,81,SME,Smart Home,151
O000680,2025-10-16,C0143,Customer 143,China,Distributor,M004,Patient Monitoring Module,Medical Equipment,Medical,8500,2,0.08,15640.0,10000,5640.0,89,SME,Robotics,122
O000681,2025-12-07,C0150,Customer 150,China,Online,M004,Patient Monitoring Module,Medical Equipment,Medical,8500,2,0.15,14450.0,10000,4450.0,13,Enterprise,Smart Home,50
O000682,2024-08-27,C0115,Customer 115,Indonesia,Direct Sales,M003,Anesthesia Machine,Medical Equipment,Medical,25000,1,0.07,23250.0,15000,8250.0,63,Retail,Robotics,57
O000683,2024-03-01,C0218,Customer 218,Thailand,Retail,S004,Smart Lock Control Board,IoT Devices,Smart Devices,140,2,0.03,271.6,140,131.6,78,Retail,Robotics,91
O000684,2023-01-06,C0001,Customer 001,Singapore,Direct Sales,M001,Surgical Light System,Medical Equipment,Medical,12000,4,0.17,39840.0,28000,11840.0,32,Enterprise,Smart Home,58
O000685,2025-10-08,C0179,Customer 179,Indonesia,Direct Sales,M003,Anesthesia Machine,Medical Equipment,Medical,25000,4,0.16,84000.0,60000,24000.0,41,Enterprise,Medical Distributors,65
O000686,2023-06-03,C0152,Customer 152,Indonesia,Direct Sales,S004,Smart Lock Control Board,IoT Devices,Smart Devices,140,11,0.11,1370.6,770,600.6,7,Enterprise,Hospital Systems,142
O000687,2024-04-18,C0076,Customer 076,Singapore,Online,A004,Robotics Motion Controller,Electronics,Autonomous,950,4,0.04,3648.0,2160,1488.0,80,SME,Industrial Automation,40
O000688,2023-04-13,C0094,Customer 094,Thailand,Distributor,M002,Operating Table,Medical Equipment,Medical,18000,2,0.09,32760.0,22000,10760.0,87,SME,Technology,55
O000689,2024-08-18,C0130,Customer 130,China,Online,A002,Control Unit Module,Electronics,Autonomous,780,7,0.05,5187.0,2940,2247.0,10,SME,Robotics,152
O000690,2023-08-26,C0110,Customer 110,Malaysia,Direct Sales,M002,Operating Table,Medical Equipment,Medical,18000,2,0.03,34920.0,22000,12920.0,91,SME,Automotive OEM,55
O000691,2023-10-11,C0057,Customer 057,Malaysia,Distributor,S003,Wireless Sensor Node,IoT Devices,Smart Devices,95,15,0.06,1339.5,675,664.5,75,SME,Robotics,153
O000692,2025-06-15,C0070,Customer 070,China,Online,S002,Drone Navigation Module,IoT Devices,Smart Devices,320,9,0.07,2678.4,1530,1148.4,1,Retail,Hospital Systems,86
O000693,2023-07-10,C0128,Customer 128,Singapore,Online,A002,Control Unit Module,Electronics,Autonomous,780,6,0.03,4539.6,2520,2019.6,40,Retail,Automotive OEM,28
O000694,2025-03-31,C0168,Customer 168,Thailand,Retail,A003,Sensor Processing Unit,Electronics,Autonomous,620,5,0.04,2976.0,1750,1226.0,8,Retail,Medical Distributors,43
O000695,2025-02-28,C0035,Customer 035,China,Retail,S004,Smart Lock Control Board,IoT Devices,Smart Devices,140,8,0.06,1052.8,560,492.8,34,Retail,Automotive OEM,136
O000696,2023-12-08,C0102,Customer 102,Malaysia,Distributor,M002,Operating Table,Medical Equipment,Medical,18000,3,0.08,49680.0,33000,16680.0,7,Retail,Technology,143
O000697,2023-05-01,C0215,Customer 215,Singapore,Direct Sales,M003,Anesthesia Machine,Medical Equipment,Medical,25000,3,0.12,66000.0,45000,21000.0,74,Enterprise,Consumer Electronics,76
O000698,2025-09-15,C0013,Customer 013,China,Retail,S002,Drone Navigation Module,IoT Devices,Smart Devices,320,10,0.05,3040.0,1700,1340.0,21,Enterprise,Consumer Electronics,95
O000699,2025-02-16,C0068,Customer 068,Indonesia,Direct Sales,A002,Control Unit Module,Electronics,Autonomous,780,5,0.09,3549.0,2100,1449.0,27,Enterprise,Consumer Electronics,176
O000700,2023-09-25,C0218,Customer 218,Thailand,Retail,A004,Robotics Motion Controller,Electronics,Autonomous,950,5,0.03,4607.5,2700,1907.5,78,Retail,Robotics,91
O000701,2025-04-22,C0021,Customer 021,Malaysia,Direct Sales,A004,Robotics Motion Controller,Electronics,Autonomous,950,3,0.03,2764.5,1620,1144.5,96,Enterprise,Smart Home,150
O000702,2024-10-05,C0181,Customer 181,Indonesia,Distributor,M001,Surgical Light System,Medical Equipment,Medical,12000,1,0.1,10800.0,7000,3800.0,25,SME,Hospital Systems,133
O000703,2024-11-23,C0077,Customer 077,Malaysia,Direct Sales,S001,Smart Home Controller,IoT Devices,Smart Devices,180,9,0.03,1571.4,810,761.4,53,Retail,Automotive OEM,7
O000704,2024-05-24,C0065,Customer 065,Thailand,Online,A004,Robotics Motion Controller,Electronics,Autonomous,950,4,0.07,3534.0,2160,1374.0,86,SME,Hospital Systems,142
O000705,2025-02-27,C0145,Customer 145,Malaysia,Direct Sales,M003,Anesthesia Machine,Medical Equipment,Medical,25000,2,0.03,48500.0,30000,18500.0,40,SME,Robotics,170
O000706,2023-11-18,C0197,Customer 197,Malaysia,Retail,S001,Smart Home Controller,IoT Devices,Smart Devices,180,8,0.11,1281.6,720,561.6,17,SME,Hospital Systems,129
O000707,2023-12-05,C0018,Customer 018,Singapore,Retail,M002,Operating Table,Medical Equipment,Medical,18000,1,0.05,17100.0,11000,6100.0,35,Retail,Industrial Automation,17
O000708,2024-11-08,C0216,Customer 216,Thailand,Direct Sales,A001,Advanced PCB Board,Electronics,Autonomous,450,5,0.06,2115.0,1250,865.0,36,Enterprise,Industrial Automation,3
O000709,2025-02-14,C0176,Customer 176,China,Distributor,A003,Sensor Processing Unit,Electronics,Autonomous,620,6,0.06,3496.8,2100,1396.8,45,Retail,Technology,105
O000710,2025-06-28,C0085,Customer 085,Indonesia,Retail,S002,Drone Navigation Module,IoT Devices,Smart Devices,320,7,0.04,2150.4,1190,960.4,56,SME,Consumer Electronics,156
O000711,2025-10-17,C0193,Customer 193,Indonesia,Online,A004,Robotics Motion Controller,Electronics,Autonomous,950,5,0.03,4607.5,2700,1907.5,71,SME,Consumer Electronics,140
O000712,2025-10-15,C0113,Customer 113,Singapore,Direct Sales,S004,Smart Lock Control Board,IoT Devices,Smart Devices,140,13,0.01,1801.8,910,891.8,62,Retail,Industrial Automation,2
O000713,2025-04-24,C0047,Customer 047,Malaysia,Direct Sales,M001,Surgical Light System,Medical Equipment,Medical,12000,1,0.16,10080.0,7000,3080.0,18,Enterprise,Technology,109
O000714,2024-09-15,C0176,Customer 176,China,Distributor,S001,Smart Home Controller,IoT Devices,Smart Devices,180,7,0.05,1197.0,630,567.0,45,Retail,Technology,105
O000715,2025-07-23,C0086,Customer 086,Indonesia,Online,A002,Control Unit Module,Electronics,Autonomous,780,4,0.09,2839.2,1680,1159.2,33,Enterprise,Robotics,12
O000716,2024-04-01,C0078,Customer 078,Malaysia,Online,A004,Robotics Motion Controller,Electronics,Autonomous,950,4,0.06,3572.0,2160,1412.0,53,SME,Consumer Electronics,172
O000717,2025-08-26,C0024,Customer 024,Malaysia,Online,S004,Smart Lock Control Board,IoT Devices,Smart Devices,140,7,0.09,891.8,490,401.8,77,SME,Industrial Automation,17
O000718,2023-08-22,C0032,Customer 032,China,Distributor,M002,Operating Table,Medical Equipment,Medical,18000,1,0.08,16560.0,11000,5560.0,40,Enterprise,Consumer Electronics,62
O000719,2024-12-28,C0217,Customer 217,Indonesia,Online,S003,Wireless Sensor Node,IoT Devices,Smart Devices,95,6,0.04,547.2,270,277.2,78,Retail,Hospital Systems,128
O000720,2025-02-04,C0176,Customer 176,China,Direct Sales,S004,Smart Lock Control Board,IoT Devices,Smart Devices,140,6,0.0,840.0,420,420.0,45,Retail,Technology,105
O000721,2023-12-03,C0027,Customer 027,Indonesia,Distributor,A004,Robotics Motion Controller,Electronics,Autonomous,950,6,0.13,4959.0,3240,1719.0,15,Retail,Consumer Electronics,76
O000722,2025-04-18,C0023,Customer 023,Malaysia,Online,M002,Operating Table,Medical Equipment,Medical,18000,4,0.07,66960.0,44000,22960.0,7,SME,Medical Distributors,29
O000723,2024-01-20,C0128,Customer 128,Singapore,Retail,M002,Operating Table,Medical Equipment,Medical,18000,2,0.05,34200.0,22000,12200.0,40,Retail,Automotive OEM,28
O000724,2024-01-26,C0125,Customer 125,Malaysia,Online,S004,Smart Lock Control Board,IoT Devices,Smart Devices,140,10,0.01,1386.0,700,686.0,31,Retail,Automotive OEM,33
O000725,2025-04-28,C0046,Customer 046,Singapore,Direct Sales,M001,Surgical Light System,Medical Equipment,Medical,12000,2,0.16,20160.0,14000,6160.0,14,Enterprise,Consumer Electronics,64
O000726,2025-07-11,C0207,Customer 207,Thailand,Distributor,A004,Robotics Motion Controller,Electronics,Autonomous,950,4,0.15,3230.0,2160,1070.0,19,SME,Industrial Automation,63
O000727,2023-01-09,C0097,Customer 097,Thailand,Direct Sales,S001,Smart Home Controller,IoT Devices,Smart Devices,180,6,0.08,993.6,540,453.6,19,Enterprise,Robotics,7
O000728,2025-06-05,C0123,Customer 123,Singapore,Retail,S002,Drone Navigation Module,IoT Devices,Smart Devices,320,6,0.07,1785.6,1020,765.6,29,Retail,Consumer Electronics,167
O000729,2023-12-29,C0220,Customer 220,Malaysia,Distributor,S004,Smart Lock Control Board,IoT Devices,Smart Devices,140,7,0.1,882.0,490,392.0,40,SME,Hospital Systems,113
O000730,2023-09-20,C0120,Customer 120,Malaysia,Retail,M002,Operating Table,Medical Equipment,Medical,18000,2,0.15,30600.0,22000,8600.0,42,Enterprise,Industrial Automation,55
O000731,2024-10-21,C0154,Customer 154,Singapore,Retail,S001,Smart Home Controller,IoT Devices,Smart Devices,180,12,0.03,2095.2,1080,1015.2,61,Retail,Smart Home,123
O000732,2024-05-23,C0191,Customer 191,Indonesia,Retail,A001,Advanced PCB Board,Electronics,Autonomous,450,3,0.1,1215.0,750,465.0,37,Enterprise,Hospital Systems,77
O000733,2024-08-25,C0180,Customer 180,Thailand,Distributor,A004,Robotics Motion Controller,Electronics,Autonomous,950,8,0.06,7144.0,4320,2824.0,66,Enterprise,Industrial Automation,1
O000734,2025-11-15,C0010,Customer 010,China,Online,A001,Advanced PCB Board,Electronics,Autonomous,450,5,0.08,2070.0,1250,820.0,81,Enterprise,Smart Home,159
O000735,2024-03-21,C0092,Customer 092,Indonesia,Distributor,M004,Patient Monitoring Module,Medical Equipment,Medical,8500,2,0.07,15810.0,10000,5810.0,71,SME,Industrial Automation,1
O000736,2024-08-18,C0189,Customer 189,Indonesia,Online,S003,Wireless Sensor Node,IoT Devices,Smart Devices,95,13,0.11,1099.15,585,514.15,77,Enterprise,Robotics,131
O000737,2023-09-29,C0179,Customer 179,Indonesia,Distributor,S004,Smart Lock Control Board,IoT Devices,Smart Devices,140,13,0.08,1674.4,910,764.4,41,Enterprise,Medical Distributors,65
O000738,2024-10-22,C0104,Customer 104,China,Direct Sales,S004,Smart Lock Control Board,IoT Devices,Smart Devices,140,7,0.1,882.0,490,392.0,57,SME,Consumer Electronics,157
O000739,2025-09-10,C0208,Customer 208,Indonesia,Retail,S002,Drone Navigation Module,IoT Devices,Smart Devices,320,11,0.09,3203.2,1870,1333.2,22,SME,Automotive OEM,45
O000740,2025-12-29,C0071,Customer 071,Malaysia,Retail,A001,Advanced PCB Board,Electronics,Autonomous,450,4,0.08,1656.0,1000,656.0,21,SME,Smart Home,114
O000741,2025-12-06,C0198,Customer 198,Indonesia,Direct Sales,M002,Operating Table,Medical Equipment,Medical,18000,2,0.12,31680.0,22000,9680.0,57,Enterprise,Medical Distributors,26
O000742,2023-04-19,C0150,Customer 150,China,Direct Sales,S003,Wireless Sensor Node,IoT Devices,Smart Devices,95,6,0.05,541.5,270,271.5,13,Enterprise,Smart Home,50
O000743,2023-11-26,C0169,Customer 169,Thailand,Online,A001,Advanced PCB Board,Electronics,Autonomous,450,4,0.03,1746.0,1000,746.0,57,SME,Smart Home,32
O000744,2023-05-08,C0120,Customer 120,Malaysia,Online,S004,Smart Lock Control Board,IoT Devices,Smart Devices,140,4,0.05,532.0,280,252.0,42,Enterprise,Industrial Automation,55
O000745,2023-03-08,C0131,Customer 131,Malaysia,Retail,A002,Control Unit Module,Electronics,Autonomous,780,5,0.03,3783.0,2100,1683.0,88,Enterprise,Smart Home,154
O000746,2024-04-04,C0178,Customer 178,China,Retail,S004,Smart Lock Control Board,IoT Devices,Smart Devices,140,7,0.05,931.0,490,441.0,85,SME,Smart Home,103
O000747,2024-08-12,C0140,Customer 140,China,Direct Sales,S004,Smart Lock Control Board,IoT Devices,Smart Devices,140,9,0.07,1171.8,630,541.8,63,Retail,Automotive OEM,55
O000748,2025-03-04,C0201,Customer 201,Thailand,Online,A003,Sensor Processing Unit,Electronics,Autonomous,620,5,0.1,2790.0,1750,1040.0,84,Enterprise,Industrial Automation,21
O000749,2023-04-21,C0114,Customer 114,Thailand,Online,M001,Surgical Light System,Medical Equipment,Medical,12000,1,0.1,10800.0,7000,3800.0,54,Enterprise,Industrial Automation,138
O000750,2025-06-26,C0118,Customer 118,Indonesia,Online,M004,Patient Monitoring Module,Medical Equipment,Medical,8500,2,0.16,14280.0,10000,4280.0,76,Enterprise,Industrial Automation,145
O000751,2024-02-07,C0018,Customer 018,Singapore,Distributor,S004,Smart Lock Control Board,IoT Devices,Smart Devices,140,7,0.02,960.4,490,470.4,35,Retail,Industrial Automation,17
O000752,2023-12-30,C0088,Customer 088,Singapore,Direct Sales,S003,Wireless Sensor Node,IoT Devices,Smart Devices,95,6,0.01,564.3,270,294.3,80,Retail,Consumer Electronics,81
O000753,2023-12-22,C0078,Customer 078,Malaysia,Direct Sales,S004,Smart Lock Control Board,IoT Devices,Smart Devices,140,7,0.06,921.2,490,431.2,53,SME,Consumer Electronics,172
O000754,2025-05-27,C0210,Customer 210,Malaysia,Online,A001,Advanced PCB Board,Electronics,Autonomous,450,6,0.03,2619.0,1500,1119.0,30,SME,Automotive OEM,119
O000755,2024-06-06,C0109,Customer 109,Thailand,Online,M001,Surgical Light System,Medical Equipment,Medical,12000,2,0.06,22560.0,14000,8560.0,18,Retail,Medical Distributors,39
O000756,2023-11-14,C0218,Customer 218,Thailand,Distributor,M001,Surgical Light System,Medical Equipment,Medical,12000,2,0.1,21600.0,14000,7600.0,78,Retail,Robotics,91
O000757,2023-04-15,C0080,Customer 080,China,Online,S003,Wireless Sensor Node,IoT Devices,Smart Devices,95,8,0.07,706.8,360,346.8,45,Enterprise,Technology,79
O000758,2025-01-03,C0204,Customer 204,Malaysia,Online,M002,Operating Table,Medical Equipment,Medical,18000,2,0.07,33480.0,22000,11480.0,30,SME,Smart Home,24
O000759,2024-01-12,C0045,Customer 045,Thailand,Direct Sales,S001,Smart Home Controller,IoT Devices,Smart Devices,180,6,0.1,972.0,540,432.0,94,SME,Technology,14
O000760,2023-11-23,C0152,Customer 152,Indonesia,Retail,A003,Sensor Processing Unit,Electronics,Autonomous,620,4,0.03,2405.6,1400,1005.6,7,Enterprise,Hospital Systems,142
O000761,2024-03-29,C0033,Customer 033,Singapore,Online,M004,Patient Monitoring Module,Medical Equipment,Medical,8500,1,0.11,7565.0,5000,2565.0,11,Enterprise,Medical Distributors,125
O000762,2024-08-24,C0144,Customer 144,China,Retail,M004,Patient Monitoring Module,Medical Equipment,Medical,8500,2,0.1,15300.0,10000,5300.0,12,SME,Hospital Systems,76
O000763,2023-01-19,C0150,Customer 150,China,Online,M002,Operating Table,Medical Equipment,Medical,18000,2,0.12,31680.0,22000,9680.0,13,Enterprise,Smart Home,50
O000764,2024-05-14,C0057,Customer 057,Malaysia,Online,M001,Surgical Light System,Medical Equipment,Medical,12000,1,0.06,11280.0,7000,4280.0,75,SME,Robotics,153
O000765,2023-08-21,C0053,Customer 053,Thailand,Online,A003,Sensor Processing Unit,Electronics,Autonomous,620,5,0.06,2914.0,1750,1164.0,75,Enterprise,Hospital Systems,139
O000766,2024-08-02,C0206,Customer 206,Thailand,Online,M001,Surgical Light System,Medical Equipment,Medical,12000,1,0.07,11160.0,7000,4160.0,42,Retail,Hospital Systems,15
O000767,2025-11-07,C0083,Customer 083,Indonesia,Retail,A004,Robotics Motion Controller,Electronics,Autonomous,950,7,0.02,6517.0,3780,2737.0,4,SME,Consumer Electronics,30
O000768,2024-01-30,C0178,Customer 178,China,Direct Sales,A002,Control Unit Module,Electronics,Autonomous,780,6,0.1,4212.0,2520,1692.0,85,SME,Smart Home,103
O000769,2023-12-09,C0054,Customer 054,Singapore,Direct Sales,S001,Smart Home Controller,IoT Devices,Smart Devices,180,6,0.09,982.8,540,442.8,7,SME,Hospital Systems,150
O000770,2024-03-07,C0155,Customer 155,China,Distributor,S003,Wireless Sensor Node,IoT Devices,Smart Devices,95,10,0.11,845.5,450,395.5,33,Enterprise,Hospital Systems,123
O000771,2025-05-18,C0128,Customer 128,Singapore,Distributor,M002,Operating Table,Medical Equipment,Medical,18000,2,0.07,33480.0,22000,11480.0,40,Retail,Automotive OEM,28
O000772,2025-06-10,C0177,Customer 177,Thailand,Direct Sales,S003,Wireless Sensor Node,IoT Devices,Smart Devices,95,7,0.1,598.5,315,283.5,21,Enterprise,Medical Distributors,85
O000773,2023-11-11,C0125,Customer 125,Malaysia,Retail,M001,Surgical Light System,Medical Equipment,Medical,12000,1,0.08,11040.0,7000,4040.0,31,Retail,Automotive OEM,33
O000774,2023-03-19,C0094,Customer 094,Thailand,Direct Sales,M002,Operating Table,Medical Equipment,Medical,18000,2,0.03,34920.0,22000,12920.0,87,SME,Technology,55
O000775,2024-05-30,C0068,Customer 068,Indonesia,Direct Sales,S001,Smart Home Controller,IoT Devices,Smart Devices,180,9,0.08,1490.4,810,680.4,27,Enterprise,Consumer Electronics,176
O000776,2024-04-11,C0213,Customer 213,Thailand,Retail,A001,Advanced PCB Board,Electronics,Autonomous,450,6,0.05,2565.0,1500,1065.0,89,SME,Industrial Automation,65
O000777,2025-04-08,C0205,Customer 205,China,Online,A003,Sensor Processing Unit,Electronics,Autonomous,620,6,0.02,3645.6,2100,1545.6,57,Retail,Medical Distributors,43
O000778,2023-08-31,C0048,Customer 048,Malaysia,Direct Sales,S001,Smart Home Controller,IoT Devices,Smart Devices,180,9,0.09,1474.2,810,664.2,10,Enterprise,Robotics,114
O000779,2023-05-10,C0123,Customer 123,Singapore,Direct Sales,S004,Smart Lock Control Board,IoT Devices,Smart Devices,140,5,0.06,658.0,350,308.0,29,Retail,Consumer Electronics,167
O000780,2023-05-29,C0085,Customer 085,Indonesia,Direct Sales,A002,Control Unit Module,Electronics,Autonomous,780,2,0.04,1497.6,840,657.6,56,SME,Consumer Electronics,156
O000781,2024-09-09,C0088,Customer 088,Singapore,Direct Sales,S002,Drone Navigation Module,IoT Devices,Smart Devices,320,9,0.02,2822.4,1530,1292.4,80,Retail,Consumer Electronics,81
O000782,2025-06-15,C0091,Customer 091,Malaysia,Retail,A003,Sensor Processing Unit,Electronics,Autonomous,620,4,0.09,2256.8,1400,856.8,87,SME,Industrial Automation,45
O000783,2023-03-05,C0139,Customer 139,Indonesia,Distributor,A004,Robotics Motion Controller,Electronics,Autonomous,950,6,0.1,5130.0,3240,1890.0,44,SME,Industrial Automation,8
O000784,2023-10-07,C0165,Customer 165,Malaysia,Retail,S004,Smart Lock Control Board,IoT Devices,Smart Devices,140,7,0.1,882.0,490,392.0,90,Enterprise,Smart Home,117
O000785,2024-08-27,C0116,Customer 116,Thailand,Distributor,S003,Wireless Sensor Node,IoT Devices,Smart Devices,95,8,0.06,714.4,360,354.4,50,SME,Hospital Systems,87
O000786,2025-02-03,C0060,Customer 060,Thailand,Distributor,M001,Surgical Light System,Medical Equipment,Medical,12000,1,0.09,10920.0,7000,3920.0,17,Enterprise,Industrial Automation,172
O000787,2023-01-11,C0049,Customer 049,Indonesia,Retail,S002,Drone Navigation Module,IoT Devices,Smart Devices,320,6,0.08,1766.4,1020,746.4,12,Enterprise,Hospital Systems,61
O000788,2023-06-24,C0115,Customer 115,Indonesia,Distributor,A001,Advanced PCB Board,Electronics,Autonomous,450,6,0.12,2376.0,1500,876.0,63,Retail,Robotics,57
O000789,2024-12-05,C0179,Customer 179,Indonesia,Retail,M004,Patient Monitoring Module,Medical Equipment,Medical,8500,3,0.17,21165.0,15000,6165.0,41,Enterprise,Medical Distributors,65
O000790,2025-11-15,C0083,Customer 083,Indonesia,Distributor,M003,Anesthesia Machine,Medical Equipment,Medical,25000,2,0.04,48000.0,30000,18000.0,4,SME,Consumer Electronics,30
O000791,2024-06-01,C0060,Customer 060,Thailand,Direct Sales,M004,Patient Monitoring Module,Medical Equipment,Medical,8500,1,0.1,7650.0,5000,2650.0,17,Enterprise,Industrial Automation,172
O000792,2023-04-22,C0059,Customer 059,Indonesia,Retail,S001,Smart Home Controller,IoT Devices,Smart Devices,180,4,0.09,655.2,360,295.2,27,SME,Smart Home,172
O000793,2023-05-30,C0017,Customer 017,Indonesia,Direct Sales,A001,Advanced PCB Board,Electronics,Autonomous,450,2,0.04,864.0,500,364.0,8,Enterprise,Consumer Electronics,59
O000794,2024-02-09,C0212,Customer 212,Indonesia,Retail,S004,Smart Lock Control Board,IoT Devices,Smart Devices,140,5,0.12,616.0,350,266.0,45,Enterprise,Technology,151
O000795,2025-01-01,C0077,Customer 077,Malaysia,Distributor,M003,Anesthesia Machine,Medical Equipment,Medical,25000,2,0.04,48000.0,30000,18000.0,53,Retail,Automotive OEM,7
O000796,2023-05-23,C0043,Customer 043,Malaysia,Online,M004,Patient Monitoring Module,Medical Equipment,Medical,8500,1,0.06,7990.0,5000,2990.0,32,SME,Technology,122
O000797,2024-11-03,C0116,Customer 116,Thailand,Online,S002,Drone Navigation Module,IoT Devices,Smart Devices,320,7,0.09,2038.4,1190,848.4,50,SME,Hospital Systems,87
O000798,2023-11-09,C0217,Customer 217,Indonesia,Online,S002,Drone Navigation Module,IoT Devices,Smart Devices,320,7,0.06,2105.6,1190,915.6,78,Retail,Hospital Systems,128
O000799,2025-05-27,C0095,Customer 095,Indonesia,Direct Sales,M003,Anesthesia Machine,Medical Equipment,Medical,25000,2,0.05,47500.0,30000,17500.0,85,SME,Automotive OEM,22
O000800,2024-03-29,C0025,Customer 025,China,Retail,S004,Smart Lock Control Board,IoT Devices,Smart Devices,140,14,0.05,1862.0,980,882.0,68,SME,Technology,65
O000801,2025-01-06,C0178,Customer 178,China,Online,M003,Anesthesia Machine,Medical Equipment,Medical,25000,1,0.09,22750.0,15000,7750.0,85,SME,Smart Home,103
O000802,2025-08-05,C0036,Customer 036,Indonesia,Online,A004,Robotics Motion Controller,Electronics,Autonomous,950,4,0.08,3496.0,2160,1336.0,70,SME,Robotics,177
O000803,2025-09-24,C0013,Customer 013,China,Direct Sales,S001,Smart Home Controller,IoT Devices,Smart Devices,180,12,0.05,2052.0,1080,972.0,21,Enterprise,Consumer Electronics,95
O000804,2023-06-17,C0120,Customer 120,Malaysia,Distributor,A001,Advanced PCB Board,Electronics,Autonomous,450,6,0.14,2322.0,1500,822.0,42,Enterprise,Industrial Automation,55
O000805,2024-02-07,C0094,Customer 094,Thailand,Direct Sales,A001,Advanced PCB Board,Electronics,Autonomous,450,7,0.08,2898.0,1750,1148.0,87,SME,Technology,55
O000806,2023-02-08,C0190,Customer 190,Malaysia,Direct Sales,S001,Smart Home Controller,IoT Devices,Smart Devices,180,11,0.07,1841.4,990,851.4,54,Retail,Smart Home,88
O000807,2025-04-09,C0094,Customer 094,Thailand,Distributor,S002,Drone Navigation Module,IoT Devices,Smart Devices,320,9,0.11,2563.2,1530,1033.2,87,SME,Technology,55
O000808,2024-06-17,C0170,Customer 170,China,Retail,S001,Smart Home Controller,IoT Devices,Smart Devices,180,6,0.09,982.8,540,442.8,35,SME,Industrial Automation,129
O000809,2023-11-01,C0081,Customer 081,Malaysia,Retail,A002,Control Unit Module,Electronics,Autonomous,780,6,0.04,4492.8,2520,1972.8,52,Enterprise,Robotics,85
O000810,2024-08-18,C0145,Customer 145,Malaysia,Retail,M003,Anesthesia Machine,Medical Equipment,Medical,25000,2,0.07,46500.0,30000,16500.0,40,SME,Robotics,170
O000811,2023-07-05,C0177,Customer 177,Thailand,Online,A003,Sensor Processing Unit,Electronics,Autonomous,620,4,0.06,2331.2,1400,931.2,21,Enterprise,Medical Distributors,85
O000812,2024-05-04,C0004,Customer 004,Indonesia,Distributor,S002,Drone Navigation Module,IoT Devices,Smart Devices,320,10,0.1,2880.0,1700,1180.0,92,Enterprise,Robotics,167
O000813,2023-10-15,C0033,Customer 033,Singapore,Distributor,A004,Robotics Motion Controller,Electronics,Autonomous,950,4,0.07,3534.0,2160,1374.0,11,Enterprise,Medical Distributors,125
O000814,2023-10-27,C0056,Customer 056,Singapore,Retail,S004,Smart Lock Control Board,IoT Devices,Smart Devices,140,7,0.08,901.6,490,411.6,77,Retail,Medical Distributors,18
O000815,2023-03-24,C0138,Customer 138,Singapore,Retail,M004,Patient Monitoring Module,Medical Equipment,Medical,8500,2,0.1,15300.0,10000,5300.0,32,Enterprise,Technology,119
O000816,2024-06-25,C0125,Customer 125,Malaysia,Distributor,A002,Control Unit Module,Electronics,Autonomous,780,3,0.05,2223.0,1260,963.0,31,Retail,Automotive OEM,33
O000817,2024-02-28,C0178,Customer 178,China,Online,S001,Smart Home Controller,IoT Devices,Smart Devices,180,11,0.06,1861.2,990,871.2,85,SME,Smart Home,103
O000818,2025-07-20,C0096,Customer 096,Thailand,Direct Sales,M001,Surgical Light System,Medical Equipment,Medical,12000,5,0.1,54000.0,35000,19000.0,12,SME,Consumer Electronics,61
O000819,2024-10-25,C0191,Customer 191,Indonesia,Online,M002,Operating Table,Medical Equipment,Medical,18000,2,0.16,30240.0,22000,8240.0,37,Enterprise,Hospital Systems,77
O000820,2024-06-23,C0090,Customer 090,China,Distributor,S002,Drone Navigation Module,IoT Devices,Smart Devices,320,6,0.06,1804.8,1020,784.8,71,Enterprise,Smart Home,33
O000821,2025-02-14,C0199,Customer 199,Indonesia,Direct Sales,A002,Control Unit Module,Electronics,Autonomous,780,8,0.06,5865.6,3360,2505.6,93,Retail,Hospital Systems,37
O000822,2025-02-09,C0200,Customer 200,China,Retail,M004,Patient Monitoring Module,Medical Equipment,Medical,8500,1,0.05,8075.0,5000,3075.0,10,Retail,Automotive OEM,121
O000823,2024-12-07,C0036,Customer 036,Indonesia,Retail,A004,Robotics Motion Controller,Electronics,Autonomous,950,4,0.09,3458.0,2160,1298.0,70,SME,Robotics,177
O000824,2023-01-14,C0203,Customer 203,China,Distributor,S001,Smart Home Controller,IoT Devices,Smart Devices,180,5,0.04,864.0,450,414.0,80,Retail,Hospital Systems,18
O000825,2024-04-16,C0133,Customer 133,China,Online,M002,Operating Table,Medical Equipment,Medical,18000,1,0.04,17280.0,11000,6280.0,65,SME,Medical Distributors,166
O000826,2024-01-18,C0174,Customer 174,Indonesia,Online,M003,Anesthesia Machine,Medical Equipment,Medical,25000,3,0.14,64500.0,45000,19500.0,61,Enterprise,Automotive OEM,133
O000827,2023-08-31,C0051,Customer 051,Singapore,Distributor,S003,Wireless Sensor Node,IoT Devices,Smart Devices,95,4,0.07,353.4,180,173.4,50,Enterprise,Hospital Systems,68
O000828,2024-11-07,C0030,Customer 030,Indonesia,Direct Sales,S004,Smart Lock Control Board,IoT Devices,Smart Devices,140,10,0.07,1302.0,700,602.0,48,SME,Automotive OEM,42
O000829,2025-09-07,C0073,Customer 073,Malaysia,Distributor,A004,Robotics Motion Controller,Electronics,Autonomous,950,6,0.11,5073.0,3240,1833.0,75,SME,Consumer Electronics,142
O000830,2025-04-21,C0018,Customer 018,Singapore,Distributor,M001,Surgical Light System,Medical Equipment,Medical,12000,5,0.03,58200.0,35000,23200.0,35,Retail,Industrial Automation,17
O000831,2023-11-26,C0176,Customer 176,China,Direct Sales,M003,Anesthesia Machine,Medical Equipment,Medical,25000,1,0.09,22750.0,15000,7750.0,45,Retail,Technology,105
O000832,2023-10-28,C0107,Customer 107,Indonesia,Distributor,M001,Surgical Light System,Medical Equipment,Medical,12000,1,0.05,11400.0,7000,4400.0,36,SME,Robotics,113
O000833,2024-01-04,C0137,Customer 137,China,Retail,S001,Smart Home Controller,IoT Devices,Smart Devices,180,5,0.08,828.0,450,378.0,42,SME,Smart Home,63
O000834,2023-02-08,C0101,Customer 101,Singapore,Online,S004,Smart Lock Control Board,IoT Devices,Smart Devices,140,9,0.08,1159.2,630,529.2,55,Retail,Medical Distributors,57
O000835,2024-03-19,C0151,Customer 151,Thailand,Retail,A004,Robotics Motion Controller,Electronics,Autonomous,950,4,0.09,3458.0,2160,1298.0,39,Enterprise,Automotive OEM,4
O000836,2023-12-16,C0152,Customer 152,Indonesia,Retail,M004,Patient Monitoring Module,Medical Equipment,Medical,8500,1,0.14,7310.0,5000,2310.0,7,Enterprise,Hospital Systems,142
O000837,2024-01-08,C0149,Customer 149,Indonesia,Online,S002,Drone Navigation Module,IoT Devices,Smart Devices,320,9,0.01,2851.2,1530,1321.2,25,Retail,Automotive OEM,56
O000838,2024-12-02,C0086,Customer 086,Indonesia,Direct Sales,A004,Robotics Motion Controller,Electronics,Autonomous,950,2,0.04,1824.0,1080,744.0,33,Enterprise,Robotics,12
O000839,2025-02-28,C0146,Customer 146,Indonesia,Direct Sales,M003,Anesthesia Machine,Medical Equipment,Medical,25000,4,0.03,97000.0,60000,37000.0,55,SME,Consumer Electronics,141
O000840,2025-12-06,C0021,Customer 021,Malaysia,Retail,S001,Smart Home Controller,IoT Devices,Smart Devices,180,7,0.1,1134.0,630,504.0,96,Enterprise,Smart Home,150
O000841,2023-07-17,C0043,Customer 043,Malaysia,Retail,M003,Anesthesia Machine,Medical Equipment,Medical,25000,2,0.09,45500.0,30000,15500.0,32,SME,Technology,122
O000842,2023-03-21,C0022,Customer 022,China,Direct Sales,S001,Smart Home Controller,IoT Devices,Smart Devices,180,9,0.01,1603.8,810,793.8,47,Retail,Industrial Automation,57
O000843,2023-09-24,C0147,Customer 147,Thailand,Direct Sales,S002,Drone Navigation Module,IoT Devices,Smart Devices,320,9,0.11,2563.2,1530,1033.2,35,SME,Technology,79
O000844,2025-06-02,C0212,Customer 212,Indonesia,Retail,S001,Smart Home Controller,IoT Devices,Smart Devices,180,8,0.06,1353.6,720,633.6,45,Enterprise,Technology,151
O000845,2023-03-30,C0002,Customer 002,Malaysia,Retail,S004,Smart Lock Control Board,IoT Devices,Smart Devices,140,11,0.05,1463.0,770,693.0,76,SME,Medical Distributors,109
O000846,2025-09-14,C0218,Customer 218,Thailand,Online,A003,Sensor Processing Unit,Electronics,Autonomous,620,5,0.07,2883.0,1750,1133.0,78,Retail,Robotics,91
O000847,2023-07-20,C0126,Customer 126,China,Distributor,A003,Sensor Processing Unit,Electronics,Autonomous,620,4,0.08,2281.6,1400,881.6,60,SME,Robotics,180
O000848,2024-04-21,C0122,Customer 122,Thailand,Online,M002,Operating Table,Medical Equipment,Medical,18000,3,0.07,50220.0,33000,17220.0,3,Retail,Technology,139
O000849,2025-04-16,C0217,Customer 217,Indonesia,Distributor,A001,Advanced PCB Board,Electronics,Autonomous,450,2,0.05,855.0,500,355.0,78,Retail,Hospital Systems,128
O000850,2023-01-15,C0045,Customer 045,Thailand,Direct Sales,S002,Drone Navigation Module,IoT Devices,Smart Devices,320,5,0.08,1472.0,850,622.0,94,SME,Technology,14
O000851,2025-02-07,C0011,Customer 011,Thailand,Distributor,S003,Wireless Sensor Node,IoT Devices,Smart Devices,95,12,0.09,1037.4,540,497.4,6,SME,Medical Distributors,170
O000852,2024-10-08,C0004,Customer 004,Indonesia,Online,A003,Sensor Processing Unit,Electronics,Autonomous,620,2,0.03,1202.8,700,502.8,92,Enterprise,Robotics,167
O000853,2025-05-22,C0172,Customer 172,China,Online,S003,Wireless Sensor Node,IoT Devices,Smart Devices,95,4,0.05,361.0,180,181.0,4,SME,Smart Home,24
O000854,2025-05-17,C0064,Customer 064,Malaysia,Online,S002,Drone Navigation Module,IoT Devices,Smart Devices,320,7,0.09,2038.4,1190,848.4,57,SME,Automotive OEM,140
O000855,2025-03-24,C0194,Customer 194,China,Retail,M004,Patient Monitoring Module,Medical Equipment,Medical,8500,1,0.07,7905.0,5000,2905.0,25,SME,Consumer Electronics,179
O000856,2025-09-15,C0138,Customer 138,Singapore,Online,M003,Anesthesia Machine,Medical Equipment,Medical,25000,3,0.14,64500.0,45000,19500.0,32,Enterprise,Technology,119
O000857,2025-09-17,C0072,Customer 072,Indonesia,Online,A001,Advanced PCB Board,Electronics,Autonomous,450,3,0.07,1255.5,750,505.5,15,SME,Hospital Systems,20
O000858,2025-03-26,C0129,Customer 129,Indonesia,Distributor,S004,Smart Lock Control Board,IoT Devices,Smart Devices,140,9,0.11,1121.4,630,491.4,74,Enterprise,Smart Home,174
O000859,2023-09-01,C0042,Customer 042,Indonesia,Distributor,S004,Smart Lock Control Board,IoT Devices,Smart Devices,140,7,0.07,911.4,490,421.4,28,Enterprise,Technology,139
O000860,2023-11-28,C0115,Customer 115,Indonesia,Distributor,M002,Operating Table,Medical Equipment,Medical,18000,2,0.07,33480.0,22000,11480.0,63,Retail,Robotics,57
O000861,2024-11-24,C0075,Customer 075,Singapore,Direct Sales,S001,Smart Home Controller,IoT Devices,Smart Devices,180,8,0.01,1425.6,720,705.6,88,Retail,Robotics,64
O000862,2023-01-11,C0194,Customer 194,China,Distributor,M002,Operating Table,Medical Equipment,Medical,18000,2,0.06,33840.0,22000,11840.0,25,SME,Consumer Electronics,179
O000863,2025-06-10,C0046,Customer 046,Singapore,Direct Sales,M002,Operating Table,Medical Equipment,Medical,18000,2,0.11,32040.0,22000,10040.0,14,Enterprise,Consumer Electronics,64
O000864,2025-01-29,C0111,Customer 111,Singapore,Direct Sales,M002,Operating Table,Medical Equipment,Medical,18000,3,0.08,49680.0,33000,16680.0,70,SME,Consumer Electronics,120
O000865,2025-03-31,C0071,Customer 071,Malaysia,Online,S002,Drone Navigation Module,IoT Devices,Smart Devices,320,8,0.09,2329.6,1360,969.6,21,SME,Smart Home,114
O000866,2023-04-28,C0170,Customer 170,China,Retail,M003,Anesthesia Machine,Medical Equipment,Medical,25000,2,0.06,47000.0,30000,17000.0,35,SME,Industrial Automation,129
O000867,2024-02-18,C0008,Customer 008,Singapore,Online,S003,Wireless Sensor Node,IoT Devices,Smart Devices,95,10,0.05,902.5,450,452.5,45,SME,Consumer Electronics,155
O000868,2025-11-11,C0069,Customer 069,Thailand,Distributor,S001,Smart Home Controller,IoT Devices,Smart Devices,180,5,0.09,819.0,450,369.0,7,SME,Smart Home,24
O000869,2023-03-15,C0112,Customer 112,China,Distributor,A002,Control Unit Module,Electronics,Autonomous,780,3,0.12,2059.2,1260,799.2,50,Enterprise,Industrial Automation,150
O000870,2023-11-19,C0027,Customer 027,Indonesia,Online,M002,Operating Table,Medical Equipment,Medical,18000,2,0.08,33120.0,22000,11120.0,15,Retail,Consumer Electronics,76
O000871,2024-12-24,C0141,Customer 141,Thailand,Retail,S003,Wireless Sensor Node,IoT Devices,Smart Devices,95,3,0.03,276.45,135,141.45,36,Retail,Consumer Electronics,153
O000872,2024-02-15,C0158,Customer 158,Indonesia,Direct Sales,S001,Smart Home Controller,IoT Devices,Smart Devices,180,7,0.06,1184.4,630,554.4,32,Retail,Medical Distributors,31
O000873,2023-05-21,C0202,Customer 202,Thailand,Online,M002,Operating Table,Medical Equipment,Medical,18000,4,0.08,66240.0,44000,22240.0,41,Retail,Industrial Automation,161
O000874,2024-12-13,C0016,Customer 016,Malaysia,Online,A002,Control Unit Module,Electronics,Autonomous,780,8,0.04,5990.4,3360,2630.4,82,SME,Smart Home,177
O000875,2024-02-03,C0091,Customer 091,Malaysia,Retail,A004,Robotics Motion Controller,Electronics,Autonomous,950,5,0.07,4417.5,2700,1717.5,87,SME,Industrial Automation,45
O000876,2024-06-18,C0113,Customer 113,Singapore,Retail,M003,Anesthesia Machine,Medical Equipment,Medical,25000,3,0.07,69750.0,45000,24750.0,62,Retail,Industrial Automation,2
O000877,2023-05-29,C0179,Customer 179,Indonesia,Online,S001,Smart Home Controller,IoT Devices,Smart Devices,180,8,0.06,1353.6,720,633.6,41,Enterprise,Medical Distributors,65
O000878,2023-08-28,C0200,Customer 200,China,Online,S001,Smart Home Controller,IoT Devices,Smart Devices,180,7,0.07,1171.8,630,541.8,10,Retail,Automotive OEM,121
O000879,2024-05-27,C0199,Customer 199,Indonesia,Retail,S004,Smart Lock Control Board,IoT Devices,Smart Devices,140,6,0.08,772.8,420,352.8,93,Retail,Hospital Systems,37
O000880,2025-09-17,C0010,Customer 010,China,Online,M004,Patient Monitoring Module,Medical Equipment,Medical,8500,3,0.18,20910.0,15000,5910.0,81,Enterprise,Smart Home,159
O000881,2025-07-28,C0013,Customer 013,China,Retail,S003,Wireless Sensor Node,IoT Devices,Smart Devices,95,9,0.11,760.95,405,355.95,21,Enterprise,Consumer Electronics,95
O000882,2023-02-26,C0173,Customer 173,Malaysia,Direct Sales,A004,Robotics Motion Controller,Electronics,Autonomous,950,4,0.04,3648.0,2160,1488.0,87,Retail,Hospital Systems,69
O000883,2025-02-22,C0060,Customer 060,Thailand,Distributor,S003,Wireless Sensor Node,IoT Devices,Smart Devices,95,9,0.09,778.05,405,373.05,17,Enterprise,Industrial Automation,172
O000884,2024-04-15,C0066,Customer 066,Thailand,Retail,A002,Control Unit Module,Electronics,Autonomous,780,6,0.1,4212.0,2520,1692.0,18,Retail,Medical Distributors,68
O000885,2025-11-23,C0167,Customer 167,Malaysia,Direct Sales,S001,Smart Home Controller,IoT Devices,Smart Devices,180,5,0.09,819.0,450,369.0,83,SME,Robotics,39
O000886,2024-06-23,C0185,Customer 185,Thailand,Online,M004,Patient Monitoring Module,Medical Equipment,Medical,8500,1,0.04,8160.0,5000,3160.0,12,SME,Industrial Automation,58
O000887,2024-12-01,C0194,Customer 194,China,Distributor,M002,Operating Table,Medical Equipment,Medical,18000,1,0.06,16920.0,11000,5920.0,25,SME,Consumer Electronics,179
O000888,2024-12-25,C0091,Customer 091,Malaysia,Online,M004,Patient Monitoring Module,Medical Equipment,Medical,8500,1,0.04,8160.0,5000,3160.0,87,SME,Industrial Automation,45
O000889,2024-01-25,C0007,Customer 007,Thailand,Distributor,A004,Robotics Motion Controller,Electronics,Autonomous,950,4,0.07,3534.0,2160,1374.0,44,Enterprise,Robotics,27
O000890,2024-05-10,C0203,Customer 203,China,Distributor,A001,Advanced PCB Board,Electronics,Autonomous,450,2,0.07,837.0,500,337.0,80,Retail,Hospital Systems,18
O000891,2024-05-26,C0129,Customer 129,Indonesia,Online,S002,Drone Navigation Module,IoT Devices,Smart Devices,320,7,0.04,2150.4,1190,960.4,74,Enterprise,Smart Home,174
O000892,2023-08-07,C0180,Customer 180,Thailand,Direct Sales,M002,Operating Table,Medical Equipment,Medical,18000,3,0.15,45900.0,33000,12900.0,66,Enterprise,Industrial Automation,1
O000893,2025-10-05,C0207,Customer 207,Thailand,Direct Sales,S002,Drone Navigation Module,IoT Devices,Smart Devices,320,6,0.1,1728.0,1020,708.0,19,SME,Industrial Automation,63
O000894,2023-03-28,C0112,Customer 112,China,Online,A004,Robotics Motion Controller,Electronics,Autonomous,950,9,0.07,7951.5,4860,3091.5,50,Enterprise,Industrial Automation,150
O000895,2025-10-05,C0134,Customer 134,Thailand,Online,S002,Drone Navigation Module,IoT Devices,Smart Devices,320,9,0.07,2678.4,1530,1148.4,63,Enterprise,Industrial Automation,28
O000896,2025-11-12,C0122,Customer 122,Thailand,Retail,A001,Advanced PCB Board,Electronics,Autonomous,450,4,0.04,1728.0,1000,728.0,3,Retail,Technology,139
O000897,2023-09-20,C0202,Customer 202,Thailand,Retail,M001,Surgical Light System,Medical Equipment,Medical,12000,2,0.06,22560.0,14000,8560.0,41,Retail,Industrial Automation,161
O000898,2023-03-08,C0015,Customer 015,Singapore,Online,S001,Smart Home Controller,IoT Devices,Smart Devices,180,7,0.07,1171.8,630,541.8,69,SME,Automotive OEM,63
O000899,2023-12-24,C0135,Customer 135,China,Direct Sales,A004,Robotics Motion Controller,Electronics,Autonomous,950,3,0.08,2622.0,1620,1002.0,91,Retail,Technology,40
O000900,2025-07-31,C0151,Customer 151,Thailand,Direct Sales,A002,Control Unit Module,Electronics,Autonomous,780,11,0.02,8408.4,4620,3788.4,39,Enterprise,Automotive OEM,4
O000901,2024-03-07,C0072,Customer 072,Indonesia,Direct Sales,A003,Sensor Processing Unit,Electronics,Autonomous,620,5,0.05,2945.0,1750,1195.0,15,SME,Hospital Systems,20
O000902,2024-06-15,C0130,Customer 130,China,Online,M003,Anesthesia Machine,Medical Equipment,Medical,25000,2,0.05,47500.0,30000,17500.0,10,SME,Robotics,152
O000903,2025-08-23,C0047,Customer 047,Malaysia,Online,S002,Drone Navigation Module,IoT Devices,Smart Devices,320,7,0.06,2105.6,1190,915.6,18,Enterprise,Technology,109
O000904,2025-10-18,C0201,Customer 201,Thailand,Distributor,A003,Sensor Processing Unit,Electronics,Autonomous,620,2,0.09,1128.4,700,428.4,84,Enterprise,Industrial Automation,21
O000905,2025-02-01,C0112,Customer 112,China,Retail,A002,Control Unit Module,Electronics,Autonomous,780,4,0.04,2995.2,1680,1315.2,50,Enterprise,Industrial Automation,150
O000906,2024-01-04,C0044,Customer 044,China,Distributor,S002,Drone Navigation Module,IoT Devices,Smart Devices,320,7,0.12,1971.2,1190,781.2,85,Enterprise,Medical Distributors,111
O000907,2024-04-13,C0155,Customer 155,China,Online,M002,Operating Table,Medical Equipment,Medical,18000,1,0.16,15120.0,11000,4120.0,33,Enterprise,Hospital Systems,123
O000908,2025-06-04,C0034,Customer 034,Singapore,Distributor,A003,Sensor Processing Unit,Electronics,Autonomous,620,4,0.06,2331.2,1400,931.2,17,Retail,Automotive OEM,169
O000909,2023-11-03,C0102,Customer 102,Malaysia,Direct Sales,A004,Robotics Motion Controller,Electronics,Autonomous,950,7,0.03,6450.5,3780,2670.5,7,Retail,Technology,143
O000910,2025-10-20,C0101,Customer 101,Singapore,Online,M003,Anesthesia Machine,Medical Equipment,Medical,25000,2,0.08,46000.0,30000,16000.0,55,Retail,Medical Distributors,57
O000911,2024-09-06,C0181,Customer 181,Indonesia,Direct Sales,A001,Advanced PCB Board,Electronics,Autonomous,450,6,0.05,2565.0,1500,1065.0,25,SME,Hospital Systems,133
O000912,2023-12-01,C0209,Customer 209,Singapore,Distributor,M001,Surgical Light System,Medical Equipment,Medical,12000,2,0.09,21840.0,14000,7840.0,80,SME,Industrial Automation,175
O000913,2025-09-02,C0081,Customer 081,Malaysia,Direct Sales,S003,Wireless Sensor Node,IoT Devices,Smart Devices,95,9,0.07,795.15,405,390.15,52,Enterprise,Robotics,85
O000914,2024-11-16,C0178,Customer 178,China,Online,A001,Advanced PCB Board,Electronics,Autonomous,450,5,0.05,2137.5,1250,887.5,85,SME,Smart Home,103
O000915,2024-06-11,C0075,Customer 075,Singapore,Direct Sales,A002,Control Unit Module,Electronics,Autonomous,780,4,0.05,2964.0,1680,1284.0,88,Retail,Robotics,64
O000916,2024-12-20,C0063,Customer 063,Malaysia,Distributor,S003,Wireless Sensor Node,IoT Devices,Smart Devices,95,5,0.08,437.0,225,212.0,45,SME,Automotive OEM,18
O000917,2023-12-24,C0207,Customer 207,Thailand,Online,A001,Advanced PCB Board,Electronics,Autonomous,450,7,0.05,2992.5,1750,1242.5,19,SME,Industrial Automation,63
O000918,2025-11-11,C0015,Customer 015,Singapore,Retail,A004,Robotics Motion Controller,Electronics,Autonomous,950,7,0.09,6051.5,3780,2271.5,69,SME,Automotive OEM,63
O000919,2025-02-19,C0147,Customer 147,Thailand,Online,S002,Drone Navigation Module,IoT Devices,Smart Devices,320,6,0.07,1785.6,1020,765.6,35,SME,Technology,79
O000920,2023-10-24,C0134,Customer 134,Thailand,Online,M003,Anesthesia Machine,Medical Equipment,Medical,25000,1,0.12,22000.0,15000,7000.0,63,Enterprise,Industrial Automation,28
O000921,2025-04-08,C0156,Customer 156,Singapore,Direct Sales,M002,Operating Table,Medical Equipment,Medical,18000,2,0.04,34560.0,22000,12560.0,63,Retail,Industrial Automation,19
O000922,2024-04-12,C0057,Customer 057,Malaysia,Online,A002,Control Unit Module,Electronics,Autonomous,780,6,0.07,4352.4,2520,1832.4,75,SME,Robotics,153
O000923,2024-07-01,C0003,Customer 003,Singapore,Retail,S002,Drone Navigation Module,IoT Devices,Smart Devices,320,5,0.05,1520.0,850,670.0,30,Enterprise,Robotics,130
O000924,2025-06-30,C0181,Customer 181,Indonesia,Retail,A002,Control Unit Module,Electronics,Autonomous,780,5,0.05,3705.0,2100,1605.0,25,SME,Hospital Systems,133
O000925,2024-01-12,C0159,Customer 159,Indonesia,Distributor,M001,Surgical Light System,Medical Equipment,Medical,12000,3,0.08,33120.0,21000,12120.0,67,Retail,Robotics,98
O000926,2024-05-30,C0045,Customer 045,Thailand,Direct Sales,S004,Smart Lock Control Board,IoT Devices,Smart Devices,140,11,0.05,1463.0,770,693.0,94,SME,Technology,14
O000927,2025-03-24,C0204,Customer 204,Malaysia,Direct Sales,M002,Operating Table,Medical Equipment,Medical,18000,2,0.03,34920.0,22000,12920.0,30,SME,Smart Home,24
O000928,2025-08-27,C0036,Customer 036,Indonesia,Direct Sales,S001,Smart Home Controller,IoT Devices,Smart Devices,180,9,0.03,1571.4,810,761.4,70,SME,Robotics,177
O000929,2025-03-24,C0055,Customer 055,China,Direct Sales,S001,Smart Home Controller,IoT Devices,Smart Devices,180,4,0.04,691.2,360,331.2,8,SME,Automotive OEM,131
O000930,2023-11-15,C0153,Customer 153,Thailand,Retail,M002,Operating Table,Medical Equipment,Medical,18000,3,0.05,51300.0,33000,18300.0,82,SME,Automotive OEM,126
O000931,2024-05-21,C0168,Customer 168,Thailand,Online,S004,Smart Lock Control Board,IoT Devices,Smart Devices,140,6,0.04,806.4,420,386.4,8,Retail,Medical Distributors,43
O000932,2023-09-16,C0010,Customer 010,China,Distributor,M003,Anesthesia Machine,Medical Equipment,Medical,25000,2,0.08,46000.0,30000,16000.0,81,Enterprise,Smart Home,159
O000933,2024-12-31,C0158,Customer 158,Indonesia,Retail,A002,Control Unit Module,Electronics,Autonomous,780,5,0.06,3666.0,2100,1566.0,32,Retail,Medical Distributors,31
O000934,2024-07-11,C0172,Customer 172,China,Retail,S001,Smart Home Controller,IoT Devices,Smart Devices,180,10,0.04,1728.0,900,828.0,4,SME,Smart Home,24
O000935,2023-12-29,C0057,Customer 057,Malaysia,Retail,S002,Drone Navigation Module,IoT Devices,Smart Devices,320,11,0.09,3203.2,1870,1333.2,75,SME,Robotics,153
O000936,2025-06-09,C0098,Customer 098,Singapore,Online,S001,Smart Home Controller,IoT Devices,Smart Devices,180,7,0.11,1121.4,630,491.4,79,Enterprise,Technology,19
O000937,2025-09-13,C0073,Customer 073,Malaysia,Distributor,S001,Smart Home Controller,IoT Devices,Smart Devices,180,8,0.1,1296.0,720,576.0,75,SME,Consumer Electronics,142
O000938,2025-06-23,C0176,Customer 176,China,Online,A001,Advanced PCB Board,Electronics,Autonomous,450,3,0.05,1282.5,750,532.5,45,Retail,Technology,105
O000939,2023-11-15,C0103,Customer 103,Malaysia,Direct Sales,A001,Advanced PCB Board,Electronics,Autonomous,450,4,0.02,1764.0,1000,764.0,59,Retail,Medical Distributors,35
O000940,2023-10-07,C0063,Customer 063,Malaysia,Online,A002,Control Unit Module,Electronics,Autonomous,780,3,0.06,2199.6,1260,939.6,45,SME,Automotive OEM,18
O000941,2023-01-18,C0107,Customer 107,Indonesia,Retail,S004,Smart Lock Control Board,IoT Devices,Smart Devices,140,9,0.12,1108.8,630,478.8,36,SME,Robotics,113
O000942,2025-09-04,C0128,Customer 128,Singapore,Direct Sales,A001,Advanced PCB Board,Electronics,Autonomous,450,2,0.08,828.0,500,328.0,40,Retail,Automotive OEM,28
O000943,2024-08-22,C0137,Customer 137,China,Distributor,S002,Drone Navigation Module,IoT Devices,Smart Devices,320,7,0.1,2016.0,1190,826.0,42,SME,Smart Home,63
O000944,2025-02-04,C0134,Customer 134,Thailand,Retail,M004,Patient Monitoring Module,Medical Equipment,Medical,8500,2,0.17,14110.0,10000,4110.0,63,Enterprise,Industrial Automation,28
O000945,2025-06-14,C0173,Customer 173,Malaysia,Distributor,A003,Sensor Processing Unit,Electronics,Autonomous,620,5,0.07,2883.0,1750,1133.0,87,Retail,Hospital Systems,69
O000946,2025-03-09,C0108,Customer 108,Singapore,Distributor,A003,Sensor Processing Unit,Electronics,Autonomous,620,7,0.08,3992.8,2450,1542.8,35,SME,Robotics,86
O000947,2025-05-14,C0107,Customer 107,Indonesia,Distributor,S003,Wireless Sensor Node,IoT Devices,Smart Devices,95,8,0.08,699.2,360,339.2,36,SME,Robotics,113
O000948,2024-07-10,C0164,Customer 164,China,Online,A001,Advanced PCB Board,Electronics,Autonomous,450,6,0.05,2565.0,1500,1065.0,38,SME,Technology,9
O000949,2023-05-21,C0100,Customer 100,China,Distributor,M003,Anesthesia Machine,Medical Equipment,Medical,25000,3,0.05,71250.0,45000,26250.0,19,SME,Robotics,168
O000950,2025-07-21,C0078,Customer 078,Malaysia,Retail,S002,Drone Navigation Module,IoT Devices,Smart Devices,320,5,0.05,1520.0,850,670.0,53,SME,Consumer Electronics,172
O000951,2025-10-04,C0074,Customer 074,Malaysia,Online,M004,Patient Monitoring Module,Medical Equipment,Medical,8500,2,0.03,16490.0,10000,6490.0,40,SME,Hospital Systems,94
O000952,2023-04-12,C0111,Customer 111,Singapore,Direct Sales,S001,Smart Home Controller,IoT Devices,Smart Devices,180,3,0.05,513.0,270,243.0,70,SME,Consumer Electronics,120
O000953,2023-07-29,C0008,Customer 008,Singapore,Online,A001,Advanced PCB Board,Electronics,Autonomous,450,10,0.03,4365.0,2500,1865.0,45,SME,Consumer Electronics,155
O000954,2025-06-16,C0192,Customer 192,Indonesia,Direct Sales,S004,Smart Lock Control Board,IoT Devices,Smart Devices,140,6,0.05,798.0,420,378.0,20,SME,Technology,115
O000955,2023-11-05,C0125,Customer 125,Malaysia,Retail,M001,Surgical Light System,Medical Equipment,Medical,12000,2,0.05,22800.0,14000,8800.0,31,Retail,Automotive OEM,33
O000956,2025-05-10,C0075,Customer 075,Singapore,Retail,A001,Advanced PCB Board,Electronics,Autonomous,450,4,0.1,1620.0,1000,620.0,88,Retail,Robotics,64
O000957,2025-08-07,C0025,Customer 025,China,Direct Sales,S004,Smart Lock Control Board,IoT Devices,Smart Devices,140,7,0.06,921.2,490,431.2,68,SME,Technology,65
O000958,2023-10-27,C0039,Customer 039,Malaysia,Online,M001,Surgical Light System,Medical Equipment,Medical,12000,2,0.16,20160.0,14000,6160.0,76,Enterprise,Hospital Systems,142
O000959,2023-05-27,C0019,Customer 019,Malaysia,Retail,S001,Smart Home Controller,IoT Devices,Smart Devices,180,7,0.01,1247.4,630,617.4,28,Retail,Consumer Electronics,168
O000960,2024-05-27,C0149,Customer 149,Indonesia,Direct Sales,A003,Sensor Processing Unit,Electronics,Autonomous,620,3,0.03,1804.2,1050,754.2,25,Retail,Automotive OEM,56
O000961,2024-05-24,C0042,Customer 042,Indonesia,Retail,A003,Sensor Processing Unit,Electronics,Autonomous,620,6,0.04,3571.2,2100,1471.2,28,Enterprise,Technology,139
O000962,2023-03-10,C0132,Customer 132,Singapore,Retail,M004,Patient Monitoring Module,Medical Equipment,Medical,8500,4,0.08,31280.0,20000,11280.0,45,Retail,Hospital Systems,137
O000963,2023-07-12,C0157,Customer 157,Indonesia,Distributor,S001,Smart Home Controller,IoT Devices,Smart Devices,180,6,0.07,1004.4,540,464.4,20,SME,Hospital Systems,39
O000964,2024-10-01,C0118,Customer 118,Indonesia,Distributor,A002,Control Unit Module,Electronics,Autonomous,780,6,0.11,4165.2,2520,1645.2,76,Enterprise,Industrial Automation,145
O000965,2023-03-28,C0081,Customer 081,Malaysia,Direct Sales,S004,Smart Lock Control Board,IoT Devices,Smart Devices,140,6,0.05,798.0,420,378.0,52,Enterprise,Robotics,85
O000966,2024-09-03,C0174,Customer 174,Indonesia,Online,M004,Patient Monitoring Module,Medical Equipment,Medical,8500,1,0.17,7055.0,5000,2055.0,61,Enterprise,Automotive OEM,133
O000967,2024-03-22,C0074,Customer 074,Malaysia,Distributor,M002,Operating Table,Medical Equipment,Medical,18000,2,0.07,33480.0,22000,11480.0,40,SME,Hospital Systems,94
O000968,2024-10-26,C0204,Customer 204,Malaysia,Distributor,M001,Surgical Light System,Medical Equipment,Medical,12000,2,0.09,21840.0,14000,7840.0,30,SME,Smart Home,24
O000969,2023-09-03,C0189,Customer 189,Indonesia,Distributor,A003,Sensor Processing Unit,Electronics,Autonomous,620,4,0.05,2356.0,1400,956.0,77,Enterprise,Robotics,131
O000970,2023-03-28,C0152,Customer 152,Indonesia,Retail,S002,Drone Navigation Module,IoT Devices,Smart Devices,320,10,0.09,2912.0,1700,1212.0,7,Enterprise,Hospital Systems,142
O000971,2023-11-14,C0068,Customer 068,Indonesia,Direct Sales,A002,Control Unit Module,Electronics,Autonomous,780,6,0.04,4492.8,2520,1972.8,27,Enterprise,Consumer Electronics,176
O000972,2025-10-20,C0116,Customer 116,Thailand,Online,M002,Operating Table,Medical Equipment,Medical,18000,1,0.1,16200.0,11000,5200.0,50,SME,Hospital Systems,87
O000973,2023-05-03,C0179,Customer 179,Indonesia,Online,M001,Surgical Light System,Medical Equipment,Medical,12000,1,0.14,10320.0,7000,3320.0,41,Enterprise,Medical Distributors,65
O000974,2023-08-08,C0047,Customer 047,Malaysia,Retail,M003,Anesthesia Machine,Medical Equipment,Medical,25000,1,0.1,22500.0,15000,7500.0,18,Enterprise,Technology,109
O000975,2024-12-12,C0134,Customer 134,Thailand,Distributor,A004,Robotics Motion Controller,Electronics,Autonomous,950,5,0.05,4512.5,2700,1812.5,63,Enterprise,Industrial Automation,28
O000976,2025-02-12,C0171,Customer 171,Indonesia,Distributor,A002,Control Unit Module,Electronics,Autonomous,780,6,0.08,4305.6,2520,1785.6,77,SME,Medical Distributors,11
O000977,2023-03-22,C0036,Customer 036,Indonesia,Retail,A004,Robotics Motion Controller,Electronics,Autonomous,950,4,0.06,3572.0,2160,1412.0,70,SME,Robotics,177
O000978,2025-09-30,C0024,Customer 024,Malaysia,Distributor,M004,Patient Monitoring Module,Medical Equipment,Medical,8500,1,0.07,7905.0,5000,2905.0,77,SME,Industrial Automation,17
O000979,2024-10-24,C0137,Customer 137,China,Retail,S004,Smart Lock Control Board,IoT Devices,Smart Devices,140,10,0.05,1330.0,700,630.0,42,SME,Smart Home,63
O000980,2023-11-25,C0027,Customer 027,Indonesia,Distributor,M002,Operating Table,Medical Equipment,Medical,18000,1,0.06,16920.0,11000,5920.0,15,Retail,Consumer Electronics,76
O000981,2024-06-23,C0022,Customer 022,China,Online,S001,Smart Home Controller,IoT Devices,Smart Devices,180,9,0.04,1555.2,810,745.2,47,Retail,Industrial Automation,57
O000982,2025-11-02,C0061,Customer 061,Thailand,Distributor,A003,Sensor Processing Unit,Electronics,Autonomous,620,8,0.14,4265.6,2800,1465.6,2,SME,Medical Distributors,118
O000983,2025-01-15,C0150,Customer 150,China,Distributor,S002,Drone Navigation Module,IoT Devices,Smart Devices,320,7,0.06,2105.6,1190,915.6,13,Enterprise,Smart Home,50
O000984,2023-05-10,C0190,Customer 190,Malaysia,Retail,S003,Wireless Sensor Node,IoT Devices,Smart Devices,95,17,0.02,1582.7,765,817.7,54,Retail,Smart Home,88
O000985,2025-10-15,C0096,Customer 096,Thailand,Distributor,S001,Smart Home Controller,IoT Devices,Smart Devices,180,11,0.09,1801.8,990,811.8,12,SME,Consumer Electronics,61
O000986,2024-10-22,C0043,Customer 043,Malaysia,Online,A003,Sensor Processing Unit,Electronics,Autonomous,620,7,0.03,4209.8,2450,1759.8,32,SME,Technology,122
O000987,2025-12-07,C0136,Customer 136,China,Direct Sales,S003,Wireless Sensor Node,IoT Devices,Smart Devices,95,4,0.03,368.6,180,188.6,79,Enterprise,Smart Home,138
O000988,2023-09-23,C0025,Customer 025,China,Direct Sales,M003,Anesthesia Machine,Medical Equipment,Medical,25000,1,0.04,24000.0,15000,9000.0,68,SME,Technology,65
O000989,2025-09-21,C0158,Customer 158,Indonesia,Direct Sales,M004,Patient Monitoring Module,Medical Equipment,Medical,8500,3,0.03,24735.0,15000,9735.0,32,Retail,Medical Distributors,31
O000990,2025-03-06,C0118,Customer 118,Indonesia,Retail,S003,Wireless Sensor Node,IoT Devices,Smart Devices,95,4,0.08,349.6,180,169.6,76,Enterprise,Industrial Automation,145
O000991,2024-06-08,C0082,Customer 082,Thailand,Online,M001,Surgical Light System,Medical Equipment,Medical,12000,1,0.05,11400.0,7000,4400.0,45,Retail,Smart Home,165
O000992,2023-05-26,C0173,Customer 173,Malaysia,Distributor,M001,Surgical Light System,Medical Equipment,Medical,12000,2,0.08,22080.0,14000,8080.0,87,Retail,Hospital Systems,69
O000993,2023-06-13,C0078,Customer 078,Malaysia,Direct Sales,A004,Robotics Motion Controller,Electronics,Autonomous,950,3,0.05,2707.5,1620,1087.5,53,SME,Consumer Electronics,172
O000994,2025-05-01,C0155,Customer 155,China,Direct Sales,A002,Control Unit Module,Electronics,Autonomous,780,6,0.09,4258.8,2520,1738.8,33,Enterprise,Hospital Systems,123
O000995,2024-06-28,C0185,Customer 185,Thailand,Direct Sales,S001,Smart Home Controller,IoT Devices,Smart Devices,180,7,0.1,1134.0,630,504.0,12,SME,Industrial Automation,58
O000996,2024-09-14,C0101,Customer 101,Singapore,Distributor,M002,Operating Table,Medical Equipment,Medical,18000,1,0.1,16200.0,11000,5200.0,55,Retail,Medical Distributors,57
O000997,2023-07-18,C0107,Customer 107,Indonesia,Distributor,M002,Operating Table,Medical Equipment,Medical,18000,4,0.07,66960.0,44000,22960.0,36,SME,Robotics,113
O000998,2024-01-24,C0147,Customer 147,Thailand,Distributor,M004,Patient Monitoring Module,Medical Equipment,Medical,8500,1,0.07,7905.0,5000,2905.0,35,SME,Technology,79
O000999,2024-01-02,C0054,Customer 054,Singapore,Retail,S001,Smart Home Controller,IoT Devices,Smart Devices,180,9,0.1,1458.0,810,648.0,7,SME,Hospital Systems,150
O001000,2025-01-03,C0004,Customer 004,Indonesia,Retail,S003,Wireless Sensor Node,IoT Devices,Smart Devices,95,9,0.09,778.05,405,373.05,92,Enterprise,Robotics,167
O001001,2025-05-24,C0052,Customer 052,China,Distributor,M002,Operating Table,Medical Equipment,Medical,18000,1,0.16,15120.0,11000,4120.0,20,Enterprise,Technology,49
O001002,2025-04-02,C0107,Customer 107,Indonesia,Online,S001,Smart Home Controller,IoT Devices,Smart Devices,180,5,0.09,819.0,450,369.0,36,SME,Robotics,113
O001003,2025-12-29,C0093,Customer 093,Thailand,Retail,S002,Drone Navigation Module,IoT Devices,Smart Devices,320,6,0.11,1708.8,1020,688.8,75,Enterprise,Industrial Automation,156
O001004,2024-10-07,C0220,Customer 220,Malaysia,Online,S001,Smart Home Controller,IoT Devices,Smart Devices,180,5,0.11,801.0,450,351.0,40,SME,Hospital Systems,113
O001005,2025-04-24,C0018,Customer 018,Singapore,Retail,S003,Wireless Sensor Node,IoT Devices,Smart Devices,95,6,0.07,530.1,270,260.1,35,Retail,Industrial Automation,17
O001006,2024-10-24,C0200,Customer 200,China,Distributor,S002,Drone Navigation Module,IoT Devices,Smart Devices,320,14,0.05,4256.0,2380,1876.0,10,Retail,Automotive OEM,121
O001007,2024-03-14,C0170,Customer 170,China,Online,A003,Sensor Processing Unit,Electronics,Autonomous,620,6,0.05,3534.0,2100,1434.0,35,SME,Industrial Automation,129
O001008,2025-07-15,C0145,Customer 145,Malaysia,Retail,A004,Robotics Motion Controller,Electronics,Autonomous,950,3,0.02,2793.0,1620,1173.0,40,SME,Robotics,170
O001009,2023-03-12,C0072,Customer 072,Indonesia,Direct Sales,A001,Advanced PCB Board,Electronics,Autonomous,450,3,0.06,1269.0,750,519.0,15,SME,Hospital Systems,20
O001010,2024-09-10,C0156,Customer 156,Singapore,Online,M001,Surgical Light System,Medical Equipment,Medical,12000,1,0.1,10800.0,7000,3800.0,63,Retail,Industrial Automation,19
O001011,2024-03-15,C0176,Customer 176,China,Direct Sales,A002,Control Unit Module,Electronics,Autonomous,780,7,0.08,5023.2,2940,2083.2,45,Retail,Technology,105
O001012,2024-07-19,C0160,Customer 160,China,Distributor,S001,Smart Home Controller,IoT Devices,Smart Devices,180,11,0.01,1960.2,990,970.2,76,Retail,Smart Home,110
O001013,2025-07-31,C0148,Customer 148,Thailand,Distributor,A002,Control Unit Module,Electronics,Autonomous,780,4,0.06,2932.8,1680,1252.8,41,Enterprise,Robotics,31
O001014,2025-01-21,C0049,Customer 049,Indonesia,Distributor,S002,Drone Navigation Module,IoT Devices,Smart Devices,320,9,0.05,2736.0,1530,1206.0,12,Enterprise,Hospital Systems,61
O001015,2024-09-07,C0139,Customer 139,Indonesia,Retail,M002,Operating Table,Medical Equipment,Medical,18000,1,0.07,16740.0,11000,5740.0,44,SME,Industrial Automation,8
O001016,2024-03-21,C0106,Customer 106,China,Direct Sales,S004,Smart Lock Control Board,IoT Devices,Smart Devices,140,5,0.1,630.0,350,280.0,82,Enterprise,Robotics,71
O001017,2025-09-15,C0012,Customer 012,Malaysia,Retail,M003,Anesthesia Machine,Medical Equipment,Medical,25000,2,0.09,45500.0,30000,15500.0,30,Retail,Medical Distributors,26
O001018,2023-07-15,C0035,Customer 035,China,Online,S002,Drone Navigation Module,IoT Devices,Smart Devices,320,13,0.0,4160.0,2210,1950.0,34,Retail,Automotive OEM,136
O001019,2025-02-20,C0029,Customer 029,Indonesia,Direct Sales,M002,Operating Table,Medical Equipment,Medical,18000,4,0.09,65520.0,44000,21520.0,81,Retail,Medical Distributors,77
O001020,2024-11-15,C0134,Customer 134,Thailand,Retail,A002,Control Unit Module,Electronics,Autonomous,780,5,0.05,3705.0,2100,1605.0,63,Enterprise,Industrial Automation,28
O001021,2023-09-04,C0099,Customer 099,China,Direct Sales,M004,Patient Monitoring Module,Medical Equipment,Medical,8500,1,0.07,7905.0,5000,2905.0,92,SME,Robotics,179
O001022,2025-02-22,C0160,Customer 160,China,Online,M001,Surgical Light System,Medical Equipment,Medical,12000,1,0.07,11160.0,7000,4160.0,76,Retail,Smart Home,110
O001023,2024-10-15,C0203,Customer 203,China,Distributor,S001,Smart Home Controller,IoT Devices,Smart Devices,180,11,0.03,1920.6,990,930.6,80,Retail,Hospital Systems,18
O001024,2024-03-28,C0082,Customer 082,Thailand,Direct Sales,M003,Anesthesia Machine,Medical Equipment,Medical,25000,1,0.08,23000.0,15000,8000.0,45,Retail,Smart Home,165
O001025,2025-03-15,C0179,Customer 179,Indonesia,Direct Sales,A004,Robotics Motion Controller,Electronics,Autonomous,950,3,0.04,2736.0,1620,1116.0,41,Enterprise,Medical Distributors,65
O001026,2024-08-16,C0089,Customer 089,Singapore,Distributor,A003,Sensor Processing Unit,Electronics,Autonomous,620,2,0.06,1165.6,700,465.6,65,SME,Smart Home,80
O001027,2023-06-19,C0190,Customer 190,Malaysia,Direct Sales,A004,Robotics Motion Controller,Electronics,Autonomous,950,3,0.06,2679.0,1620,1059.0,54,Retail,Smart Home,88
O001028,2024-06-21,C0082,Customer 082,Thailand,Retail,M002,Operating Table,Medical Equipment,Medical,18000,3,0.07,50220.0,33000,17220.0,45,Retail,Smart Home,165
O001029,2023-09-25,C0157,Customer 157,Indonesia,Retail,M003,Anesthesia Machine,Medical Equipment,Medical,25000,1,0.07,23250.0,15000,8250.0,20,SME,Hospital Systems,39
O001030,2025-09-26,C0148,Customer 148,Thailand,Distributor,A003,Sensor Processing Unit,Electronics,Autonomous,620,3,0.11,1655.4,1050,605.4,41,Enterprise,Robotics,31
O001031,2025-12-09,C0112,Customer 112,China,Distributor,M004,Patient Monitoring Module,Medical Equipment,Medical,8500,1,0.09,7735.0,5000,2735.0,50,Enterprise,Industrial Automation,150
O001032,2025-05-30,C0088,Customer 088,Singapore,Direct Sales,A002,Control Unit Module,Electronics,Autonomous,780,1,0.03,756.6,420,336.6,80,Retail,Consumer Electronics,81
O001033,2025-04-27,C0163,Customer 163,Malaysia,Online,A003,Sensor Processing Unit,Electronics,Autonomous,620,6,0.05,3534.0,2100,1434.0,21,Enterprise,Medical Distributors,1
O001034,2024-10-18,C0117,Customer 117,China,Direct Sales,A002,Control Unit Module,Electronics,Autonomous,780,2,0.08,1435.2,840,595.2,17,SME,Technology,160
O001035,2023-12-13,C0073,Customer 073,Malaysia,Retail,A002,Control Unit Module,Electronics,Autonomous,780,3,0.07,2176.2,1260,916.2,75,SME,Consumer Electronics,142
O001036,2025-06-21,C0102,Customer 102,Malaysia,Distributor,M001,Surgical Light System,Medical Equipment,Medical,12000,2,0.04,23040.0,14000,9040.0,7,Retail,Technology,143
O001037,2025-02-04,C0084,Customer 084,Thailand,Direct Sales,M003,Anesthesia Machine,Medical Equipment,Medical,25000,3,0.09,68250.0,45000,23250.0,5,Enterprise,Smart Home,28
O001038,2023-04-22,C0089,Customer 089,Singapore,Distributor,M004,Patient Monitoring Module,Medical Equipment,Medical,8500,1,0.09,7735.0,5000,2735.0,65,SME,Smart Home,80
O001039,2024-08-12,C0122,Customer 122,Thailand,Online,M001,Surgical Light System,Medical Equipment,Medical,12000,1,0.08,11040.0,7000,4040.0,3,Retail,Technology,139
O001040,2023-08-16,C0061,Customer 061,Thailand,Retail,A001,Advanced PCB Board,Electronics,Autonomous,450,6,0.06,2538.0,1500,1038.0,2,SME,Medical Distributors,118
O001041,2024-11-10,C0007,Customer 007,Thailand,Distributor,M004,Patient Monitoring Module,Medical Equipment,Medical,8500,3,0.1,22950.0,15000,7950.0,44,Enterprise,Robotics,27
O001042,2025-12-07,C0196,Customer 196,Thailand,Retail,A001,Advanced PCB Board,Electronics,Autonomous,450,2,0.07,837.0,500,337.0,50,SME,Industrial Automation,170
O001043,2023-10-17,C0144,Customer 144,China,Direct Sales,S004,Smart Lock Control Board,IoT Devices,Smart Devices,140,7,0.06,921.2,490,431.2,12,SME,Hospital Systems,76
O001044,2025-12-14,C0072,Customer 072,Indonesia,Online,M001,Surgical Light System,Medical Equipment,Medical,12000,1,0.04,11520.0,7000,4520.0,15,SME,Hospital Systems,20
O001045,2024-08-04,C0166,Customer 166,Singapore,Online,M004,Patient Monitoring Module,Medical Equipment,Medical,8500,2,0.03,16490.0,10000,6490.0,81,SME,Smart Home,151
O001046,2023-01-18,C0156,Customer 156,Singapore,Retail,M002,Operating Table,Medical Equipment,Medical,18000,2,0.08,33120.0,22000,11120.0,63,Retail,Industrial Automation,19
O001047,2025-01-07,C0210,Customer 210,Malaysia,Direct Sales,M002,Operating Table,Medical Equipment,Medical,18000,2,0.05,34200.0,22000,12200.0,30,SME,Automotive OEM,119
O001048,2025-03-02,C0212,Customer 212,Indonesia,Retail,M004,Patient Monitoring Module,Medical Equipment,Medical,8500,3,0.13,22185.0,15000,7185.0,45,Enterprise,Technology,151
O001049,2023-07-23,C0067,Customer 067,Singapore,Retail,A002,Control Unit Module,Electronics,Autonomous,780,3,0.09,2129.4,1260,869.4,35,Retail,Automotive OEM,73
O001050,2025-12-24,C0012,Customer 012,Malaysia,Distributor,M002,Operating Table,Medical Equipment,Medical,18000,3,0.04,51840.0,33000,18840.0,30,Retail,Medical Distributors,26
O001051,2025-07-26,C0171,Customer 171,Indonesia,Direct Sales,S001,Smart Home Controller,IoT Devices,Smart Devices,180,7,0.03,1222.2,630,592.2,77,SME,Medical Distributors,11
O001052,2025-12-20,C0125,Customer 125,Malaysia,Online,A001,Advanced PCB Board,Electronics,Autonomous,450,5,0.06,2115.0,1250,865.0,31,Retail,Automotive OEM,33
O001053,2023-11-18,C0038,Customer 038,Thailand,Online,M001,Surgical Light System,Medical Equipment,Medical,12000,2,0.08,22080.0,14000,8080.0,16,SME,Technology,64
O001054,2024-12-28,C0130,Customer 130,China,Online,S003,Wireless Sensor Node,IoT Devices,Smart Devices,95,5,0.05,451.25,225,226.25,10,SME,Robotics,152
O001055,2025-10-23,C0070,Customer 070,China,Direct Sales,A001,Advanced PCB Board,Electronics,Autonomous,450,3,0.07,1255.5,750,505.5,1,Retail,Hospital Systems,86
O001056,2025-03-03,C0188,Customer 188,China,Online,M001,Surgical Light System,Medical Equipment,Medical,12000,2,0.05,22800.0,14000,8800.0,32,Retail,Technology,117
O001057,2024-11-30,C0192,Customer 192,Indonesia,Distributor,A003,Sensor Processing Unit,Electronics,Autonomous,620,6,0.06,3496.8,2100,1396.8,20,SME,Technology,115
O001058,2025-02-21,C0097,Customer 097,Thailand,Distributor,S001,Smart Home Controller,IoT Devices,Smart Devices,180,3,0.07,502.2,270,232.2,19,Enterprise,Robotics,7
O001059,2023-11-09,C0042,Customer 042,Indonesia,Online,A003,Sensor Processing Unit,Electronics,Autonomous,620,7,0.09,3949.4,2450,1499.4,28,Enterprise,Technology,139
O001060,2024-11-05,C0096,Customer 096,Thailand,Distributor,A004,Robotics Motion Controller,Electronics,Autonomous,950,8,0.07,7068.0,4320,2748.0,12,SME,Consumer Electronics,61
O001061,2023-10-11,C0142,Customer 142,Thailand,Distributor,S002,Drone Navigation Module,IoT Devices,Smart Devices,320,11,0.11,3132.8,1870,1262.8,11,SME,Robotics,62
O001062,2024-09-24,C0163,Customer 163,Malaysia,Distributor,S004,Smart Lock Control Board,IoT Devices,Smart Devices,140,6,0.07,781.2,420,361.2,21,Enterprise,Medical Distributors,1
O001063,2023-10-25,C0051,Customer 051,Singapore,Distributor,S003,Wireless Sensor Node,IoT Devices,Smart Devices,95,3,0.06,267.9,135,132.9,50,Enterprise,Hospital Systems,68
O001064,2025-12-27,C0174,Customer 174,Indonesia,Direct Sales,S004,Smart Lock Control Board,IoT Devices,Smart Devices,140,12,0.05,1596.0,840,756.0,61,Enterprise,Automotive OEM,133
O001065,2023-10-26,C0157,Customer 157,Indonesia,Direct Sales,S004,Smart Lock Control Board,IoT Devices,Smart Devices,140,6,0.1,756.0,420,336.0,20,SME,Hospital Systems,39
O001066,2025-04-27,C0053,Customer 053,Thailand,Online,A003,Sensor Processing Unit,Electronics,Autonomous,620,9,0.06,5245.2,3150,2095.2,75,Enterprise,Hospital Systems,139
O001067,2024-07-14,C0050,Customer 050,Malaysia,Distributor,M003,Anesthesia Machine,Medical Equipment,Medical,25000,2,0.04,48000.0,30000,18000.0,28,SME,Technology,103
O001068,2024-01-14,C0072,Customer 072,Indonesia,Online,M001,Surgical Light System,Medical Equipment,Medical,12000,2,0.07,22320.0,14000,8320.0,15,SME,Hospital Systems,20
O001069,2024-04-17,C0220,Customer 220,Malaysia,Distributor,S002,Drone Navigation Module,IoT Devices,Smart Devices,320,5,0.05,1520.0,850,670.0,40,SME,Hospital Systems,113
O001070,2023-02-23,C0076,Customer 076,Singapore,Direct Sales,A002,Control Unit Module,Electronics,Autonomous,780,5,0.08,3588.0,2100,1488.0,80,SME,Industrial Automation,40
O001071,2025-09-03,C0179,Customer 179,Indonesia,Retail,M003,Anesthesia Machine,Medical Equipment,Medical,25000,3,0.15,63750.0,45000,18750.0,41,Enterprise,Medical Distributors,65
O001072,2025-02-04,C0216,Customer 216,Thailand,Retail,M003,Anesthesia Machine,Medical Equipment,Medical,25000,2,0.13,43500.0,30000,13500.0,36,Enterprise,Industrial Automation,3
O001073,2023-10-09,C0135,Customer 135,China,Distributor,M003,Anesthesia Machine,Medical Equipment,Medical,25000,2,0.05,47500.0,30000,17500.0,91,Retail,Technology,40
O001074,2025-04-16,C0207,Customer 207,Thailand,Online,M001,Surgical Light System,Medical Equipment,Medical,12000,2,0.1,21600.0,14000,7600.0,19,SME,Industrial Automation,63
O001075,2024-03-31,C0179,Customer 179,Indonesia,Distributor,S004,Smart Lock Control Board,IoT Devices,Smart Devices,140,6,0.1,756.0,420,336.0,41,Enterprise,Medical Distributors,65
O001076,2023-05-16,C0076,Customer 076,Singapore,Retail,M003,Anesthesia Machine,Medical Equipment,Medical,25000,1,0.09,22750.0,15000,7750.0,80,SME,Industrial Automation,40
O001077,2025-09-30,C0136,Customer 136,China,Online,S004,Smart Lock Control Board,IoT Devices,Smart Devices,140,7,0.11,872.2,490,382.2,79,Enterprise,Smart Home,138
O001078,2024-05-20,C0003,Customer 003,Singapore,Retail,A003,Sensor Processing Unit,Electronics,Autonomous,620,11,0.08,6274.4,3850,2424.4,30,Enterprise,Robotics,130
O001079,2025-02-18,C0033,Customer 033,Singapore,Online,S004,Smart Lock Control Board,IoT Devices,Smart Devices,140,7,0.07,911.4,490,421.4,11,Enterprise,Medical Distributors,125
O001080,2025-12-11,C0055,Customer 055,China,Direct Sales,S003,Wireless Sensor Node,IoT Devices,Smart Devices,95,9,0.08,786.6,405,381.6,8,SME,Automotive OEM,131
O001081,2025-07-13,C0032,Customer 032,China,Direct Sales,A004,Robotics Motion Controller,Electronics,Autonomous,950,3,0.09,2593.5,1620,973.5,40,Enterprise,Consumer Electronics,62
O001082,2024-05-18,C0195,Customer 195,Malaysia,Retail,S001,Smart Home Controller,IoT Devices,Smart Devices,180,8,0.12,1267.2,720,547.2,53,SME,Robotics,12
O001083,2023-03-22,C0173,Customer 173,Malaysia,Retail,S001,Smart Home Controller,IoT Devices,Smart Devices,180,6,0.04,1036.8,540,496.8,87,Retail,Hospital Systems,69
O001084,2023-04-11,C0209,Customer 209,Singapore,Online,M004,Patient Monitoring Module,Medical Equipment,Medical,8500,2,0.06,15980.0,10000,5980.0,80,SME,Industrial Automation,175
O001085,2024-09-15,C0220,Customer 220,Malaysia,Retail,A001,Advanced PCB Board,Electronics,Autonomous,450,5,0.03,2182.5,1250,932.5,40,SME,Hospital Systems,113
O001086,2024-08-25,C0009,Customer 009,Thailand,Direct Sales,S002,Drone Navigation Module,IoT Devices,Smart Devices,320,8,0.06,2406.4,1360,1046.4,69,Retail,Technology,32
O001087,2023-10-19,C0170,Customer 170,China,Retail,A004,Robotics Motion Controller,Electronics,Autonomous,950,4,0.03,3686.0,2160,1526.0,35,SME,Industrial Automation,129
O001088,2025-10-22,C0148,Customer 148,Thailand,Distributor,M002,Operating Table,Medical Equipment,Medical,18000,1,0.16,15120.0,11000,4120.0,41,Enterprise,Robotics,31
O001089,2023-10-05,C0185,Customer 185,Thailand,Retail,A003,Sensor Processing Unit,Electronics,Autonomous,620,10,0.05,5890.0,3500,2390.0,12,SME,Industrial Automation,58
O001090,2023-02-21,C0168,Customer 168,Thailand,Retail,M003,Anesthesia Machine,Medical Equipment,Medical,25000,3,0.07,69750.0,45000,24750.0,8,Retail,Medical Distributors,43
O001091,2024-02-18,C0043,Customer 043,Malaysia,Direct Sales,A004,Robotics Motion Controller,Electronics,Autonomous,950,6,0.04,5472.0,3240,2232.0,32,SME,Technology,122
O001092,2023-12-02,C0044,Customer 044,China,Direct Sales,S004,Smart Lock Control Board,IoT Devices,Smart Devices,140,7,0.04,940.8,490,450.8,85,Enterprise,Medical Distributors,111
O001093,2025-07-09,C0106,Customer 106,China,Online,S003,Wireless Sensor Node,IoT Devices,Smart Devices,95,9,0.04,820.8,405,415.8,82,Enterprise,Robotics,71
O001094,2025-02-25,C0148,Customer 148,Thailand,Distributor,S004,Smart Lock Control Board,IoT Devices,Smart Devices,140,11,0.06,1447.6,770,677.6,41,Enterprise,Robotics,31
O001095,2025-02-18,C0174,Customer 174,Indonesia,Distributor,M001,Surgical Light System,Medical Equipment,Medical,12000,3,0.17,29880.0,21000,8880.0,61,Enterprise,Automotive OEM,133
O001096,2023-11-04,C0202,Customer 202,Thailand,Distributor,M003,Anesthesia Machine,Medical Equipment,Medical,25000,1,0.04,24000.0,15000,9000.0,41,Retail,Industrial Automation,161
O001097,2023-04-16,C0026,Customer 026,Indonesia,Online,A003,Sensor Processing Unit,Electronics,Autonomous,620,5,0.04,2976.0,1750,1226.0,88,Retail,Hospital Systems,30
O001098,2025-07-02,C0062,Customer 062,Indonesia,Distributor,A001,Advanced PCB Board,Electronics,Autonomous,450,7,0.06,2961.0,1750,1211.0,10,Retail,Medical Distributors,138
O001099,2023-09-27,C0038,Customer 038,Thailand,Direct Sales,M004,Patient Monitoring Module,Medical Equipment,Medical,8500,3,0.07,23715.0,15000,8715.0,16,SME,Technology,64
O001100,2024-06-02,C0035,Customer 035,China,Retail,M001,Surgical Light System,Medical Equipment,Medical,12000,1,0.06,11280.0,7000,4280.0,34,Retail,Automotive OEM,136
O001101,2025-10-18,C0063,Customer 063,Malaysia,Direct Sales,S001,Smart Home Controller,IoT Devices,Smart Devices,180,9,0.08,1490.4,810,680.4,45,SME,Automotive OEM,18
O001102,2025-10-07,C0159,Customer 159,Indonesia,Distributor,M004,Patient Monitoring Module,Medical Equipment,Medical,8500,2,0.07,15810.0,10000,5810.0,67,Retail,Robotics,98
O001103,2025-09-01,C0060,Customer 060,Thailand,Retail,A004,Robotics Motion Controller,Electronics,Autonomous,950,4,0.06,3572.0,2160,1412.0,17,Enterprise,Industrial Automation,172
O001104,2023-01-14,C0068,Customer 068,Indonesia,Online,M004,Patient Monitoring Module,Medical Equipment,Medical,8500,2,0.14,14620.0,10000,4620.0,27,Enterprise,Consumer Electronics,176
O001105,2024-03-01,C0171,Customer 171,Indonesia,Distributor,M001,Surgical Light System,Medical Equipment,Medical,12000,4,0.04,46080.0,28000,18080.0,77,SME,Medical Distributors,11
O001106,2024-12-15,C0216,Customer 216,Thailand,Distributor,M001,Surgical Light System,Medical Equipment,Medical,12000,1,0.17,9960.0,7000,2960.0,36,Enterprise,Industrial Automation,3
O001107,2024-09-03,C0205,Customer 205,China,Direct Sales,A002,Control Unit Module,Electronics,Autonomous,780,6,0.02,4586.4,2520,2066.4,57,Retail,Medical Distributors,43
O001108,2025-05-03,C0047,Customer 047,Malaysia,Distributor,M003,Anesthesia Machine,Medical Equipment,Medical,25000,2,0.15,42500.0,30000,12500.0,18,Enterprise,Technology,109
O001109,2023-12-30,C0015,Customer 015,Singapore,Online,A004,Robotics Motion Controller,Electronics,Autonomous,950,6,0.09,5187.0,3240,1947.0,69,SME,Automotive OEM,63
O001110,2023-07-10,C0121,Customer 121,China,Online,A001,Advanced PCB Board,Electronics,Autonomous,450,6,0.05,2565.0,1500,1065.0,36,Enterprise,Industrial Automation,108
O001111,2025-02-15,C0112,Customer 112,China,Retail,M002,Operating Table,Medical Equipment,Medical,18000,1,0.16,15120.0,11000,4120.0,50,Enterprise,Industrial Automation,150
O001112,2023-05-13,C0083,Customer 083,Indonesia,Retail,A001,Advanced PCB Board,Electronics,Autonomous,450,4,0.03,1746.0,1000,746.0,4,SME,Consumer Electronics,30
O001113,2024-07-16,C0206,Customer 206,Thailand,Retail,A002,Control Unit Module,Electronics,Autonomous,780,9,0.06,6598.8,3780,2818.8,42,Retail,Hospital Systems,15
O001114,2024-03-04,C0144,Customer 144,China,Direct Sales,S002,Drone Navigation Module,IoT Devices,Smart Devices,320,5,0.04,1536.0,850,686.0,12,SME,Hospital Systems,76
O001115,2025-12-19,C0203,Customer 203,China,Retail,M002,Operating Table,Medical Equipment,Medical,18000,1,0.08,16560.0,11000,5560.0,80,Retail,Hospital Systems,18
O001116,2024-08-11,C0169,Customer 169,Thailand,Online,A003,Sensor Processing Unit,Electronics,Autonomous,620,5,0.04,2976.0,1750,1226.0,57,SME,Smart Home,32
O001117,2024-12-25,C0053,Customer 053,Thailand,Retail,M003,Anesthesia Machine,Medical Equipment,Medical,25000,3,0.13,65250.0,45000,20250.0,75,Enterprise,Hospital Systems,139
O001118,2025-10-16,C0117,Customer 117,China,Distributor,A004,Robotics Motion Controller,Electronics,Autonomous,950,6,0.14,4902.0,3240,1662.0,17,SME,Technology,160
O001119,2024-04-21,C0097,Customer 097,Thailand,Online,S004,Smart Lock Control Board,IoT Devices,Smart Devices,140,9,0.12,1108.8,630,478.8,19,Enterprise,Robotics,7
O001120,2023-01-04,C0219,Customer 219,Malaysia,Direct Sales,M002,Operating Table,Medical Equipment,Medical,18000,3,0.06,50760.0,33000,17760.0,87,SME,Smart Home,169
O001121,2023-08-30,C0149,Customer 149,Indonesia,Distributor,S004,Smart Lock Control Board,IoT Devices,Smart Devices,140,7,0.06,921.2,490,431.2,25,Retail,Automotive OEM,56
O001122,2025-04-29,C0126,Customer 126,China,Direct Sales,A003,Sensor Processing Unit,Electronics,Autonomous,620,5,0.05,2945.0,1750,1195.0,60,SME,Robotics,180
O001123,2024-03-10,C0210,Customer 210,Malaysia,Distributor,M001,Surgical Light System,Medical Equipment,Medical,12000,3,0.08,33120.0,21000,12120.0,30,SME,Automotive OEM,119
O001124,2024-06-05,C0179,Customer 179,Indonesia,Online,M002,Operating Table,Medical Equipment,Medical,18000,2,0.11,32040.0,22000,10040.0,41,Enterprise,Medical Distributors,65
O001125,2024-10-25,C0198,Customer 198,Indonesia,Direct Sales,M001,Surgical Light System,Medical Equipment,Medical,12000,3,0.15,30600.0,21000,9600.0,57,Enterprise,Medical Distributors,26
O001126,2024-11-30,C0091,Customer 091,Malaysia,Direct Sales,A003,Sensor Processing Unit,Electronics,Autonomous,620,5,0.09,2821.0,1750,1071.0,87,SME,Industrial Automation,45
O001127,2024-02-02,C0130,Customer 130,China,Online,A002,Control Unit Module,Electronics,Autonomous,780,5,0.09,3549.0,2100,1449.0,10,SME,Robotics,152
O001128,2025-09-08,C0123,Customer 123,Singapore,Direct Sales,A004,Robotics Motion Controller,Electronics,Autonomous,950,7,0.07,6184.5,3780,2404.5,29,Retail,Consumer Electronics,167
O001129,2025-09-13,C0075,Customer 075,Singapore,Retail,M003,Anesthesia Machine,Medical Equipment,Medical,25000,3,0.09,68250.0,45000,23250.0,88,Retail,Robotics,64
O001130,2024-11-17,C0190,Customer 190,Malaysia,Retail,A004,Robotics Motion Controller,Electronics,Autonomous,950,6,0.09,5187.0,3240,1947.0,54,Retail,Smart Home,88
O001131,2023-04-25,C0123,Customer 123,Singapore,Online,S001,Smart Home Controller,IoT Devices,Smart Devices,180,8,0.05,1368.0,720,648.0,29,Retail,Consumer Electronics,167
O001132,2024-10-08,C0164,Customer 164,China,Direct Sales,S001,Smart Home Controller,IoT Devices,Smart Devices,180,7,0.05,1197.0,630,567.0,38,SME,Technology,9
O001133,2024-11-10,C0204,Customer 204,Malaysia,Direct Sales,A002,Control Unit Module,Electronics,Autonomous,780,2,0.1,1404.0,840,564.0,30,SME,Smart Home,24
O001134,2024-07-28,C0139,Customer 139,Indonesia,Online,M001,Surgical Light System,Medical Equipment,Medical,12000,1,0.1,10800.0,7000,3800.0,44,SME,Industrial Automation,8
O001135,2025-12-30,C0138,Customer 138,Singapore,Retail,M003,Anesthesia Machine,Medical Equipment,Medical,25000,2,0.1,45000.0,30000,15000.0,32,Enterprise,Technology,119
O001136,2023-08-28,C0208,Customer 208,Indonesia,Online,A001,Advanced PCB Board,Electronics,Autonomous,450,7,0.08,2898.0,1750,1148.0,22,SME,Automotive OEM,45
O001137,2024-07-10,C0173,Customer 173,Malaysia,Direct Sales,A003,Sensor Processing Unit,Electronics,Autonomous,620,6,0.06,3496.8,2100,1396.8,87,Retail,Hospital Systems,69
O001138,2024-05-01,C0110,Customer 110,Malaysia,Retail,A002,Control Unit Module,Electronics,Autonomous,780,10,0.09,7098.0,4200,2898.0,91,SME,Automotive OEM,55
O001139,2024-09-11,C0205,Customer 205,China,Online,M004,Patient Monitoring Module,Medical Equipment,Medical,8500,2,0.04,16320.0,10000,6320.0,57,Retail,Medical Distributors,43
O001140,2025-02-05,C0040,Customer 040,Malaysia,Distributor,M001,Surgical Light System,Medical Equipment,Medical,12000,2,0.09,21840.0,14000,7840.0,10,SME,Hospital Systems,162
O001141,2025-06-27,C0014,Customer 014,Thailand,Direct Sales,S001,Smart Home Controller,IoT Devices,Smart Devices,180,6,0.1,972.0,540,432.0,90,Enterprise,Smart Home,175
O001142,2025-10-21,C0056,Customer 056,Singapore,Distributor,M003,Anesthesia Machine,Medical Equipment,Medical,25000,1,0.05,23750.0,15000,8750.0,77,Retail,Medical Distributors,18
O001143,2025-09-17,C0161,Customer 161,Thailand,Online,S004,Smart Lock Control Board,IoT Devices,Smart Devices,140,3,0.1,378.0,210,168.0,79,SME,Hospital Systems,26
O001144,2023-10-21,C0002,Customer 002,Malaysia,Distributor,M002,Operating Table,Medical Equipment,Medical,18000,3,0.04,51840.0,33000,18840.0,76,SME,Medical Distributors,109
O001145,2023-03-16,C0042,Customer 042,Indonesia,Retail,A004,Robotics Motion Controller,Electronics,Autonomous,950,11,0.08,9614.0,5940,3674.0,28,Enterprise,Technology,139
O001146,2025-12-05,C0207,Customer 207,Thailand,Direct Sales,M002,Operating Table,Medical Equipment,Medical,18000,3,0.05,51300.0,33000,18300.0,19,SME,Industrial Automation,63
O001147,2023-04-01,C0040,Customer 040,Malaysia,Direct Sales,S003,Wireless Sensor Node,IoT Devices,Smart Devices,95,13,0.06,1160.9,585,575.9,10,SME,Hospital Systems,162
O001148,2023-04-05,C0053,Customer 053,Thailand,Online,M002,Operating Table,Medical Equipment,Medical,18000,3,0.08,49680.0,33000,16680.0,75,Enterprise,Hospital Systems,139
O001149,2024-10-01,C0195,Customer 195,Malaysia,Distributor,S003,Wireless Sensor Node,IoT Devices,Smart Devices,95,8,0.06,714.4,360,354.4,53,SME,Robotics,12
O001150,2024-01-30,C0183,Customer 183,Singapore,Online,A001,Advanced PCB Board,Electronics,Autonomous,450,5,0.06,2115.0,1250,865.0,37,Enterprise,Automotive OEM,113
O001151,2025-06-22,C0141,Customer 141,Thailand,Direct Sales,S003,Wireless Sensor Node,IoT Devices,Smart Devices,95,8,0.02,744.8,360,384.8,36,Retail,Consumer Electronics,153
O001152,2023-11-19,C0160,Customer 160,China,Direct Sales,A001,Advanced PCB Board,Electronics,Autonomous,450,2,0.02,882.0,500,382.0,76,Retail,Smart Home,110
O001153,2025-11-18,C0160,Customer 160,China,Distributor,M002,Operating Table,Medical Equipment,Medical,18000,3,0.07,50220.0,33000,17220.0,76,Retail,Smart Home,110
O001154,2024-10-14,C0074,Customer 074,Malaysia,Distributor,A001,Advanced PCB Board,Electronics,Autonomous,450,3,0.14,1161.0,750,411.0,40,SME,Hospital Systems,94
O001155,2024-08-03,C0050,Customer 050,Malaysia,Distributor,S002,Drone Navigation Module,IoT Devices,Smart Devices,320,7,0.05,2128.0,1190,938.0,28,SME,Technology,103
O001156,2024-09-29,C0159,Customer 159,Indonesia,Online,S002,Drone Navigation Module,IoT Devices,Smart Devices,320,8,0.04,2457.6,1360,1097.6,67,Retail,Robotics,98
O001157,2023-04-14,C0138,Customer 138,Singapore,Direct Sales,M003,Anesthesia Machine,Medical Equipment,Medical,25000,1,0.13,21750.0,15000,6750.0,32,Enterprise,Technology,119
O001158,2023-04-14,C0218,Customer 218,Thailand,Retail,M002,Operating Table,Medical Equipment,Medical,18000,2,0.03,34920.0,22000,12920.0,78,Retail,Robotics,91
O001159,2025-05-23,C0029,Customer 029,Indonesia,Distributor,A003,Sensor Processing Unit,Electronics,Autonomous,620,7,0.12,3819.2,2450,1369.2,81,Retail,Medical Distributors,77
O001160,2025-07-02,C0209,Customer 209,Singapore,Online,S002,Drone Navigation Module,IoT Devices,Smart Devices,320,9,0.06,2707.2,1530,1177.2,80,SME,Industrial Automation,175
O001161,2024-02-10,C0017,Customer 017,Indonesia,Direct Sales,S004,Smart Lock Control Board,IoT Devices,Smart Devices,140,7,0.12,862.4,490,372.4,8,Enterprise,Consumer Electronics,59
O001162,2025-08-11,C0215,Customer 215,Singapore,Distributor,S002,Drone Navigation Module,IoT Devices,Smart Devices,320,7,0.04,2150.4,1190,960.4,74,Enterprise,Consumer Electronics,76
O001163,2025-08-17,C0048,Customer 048,Malaysia,Retail,M002,Operating Table,Medical Equipment,Medical,18000,1,0.11,16020.0,11000,5020.0,10,Enterprise,Robotics,114
O001164,2025-08-11,C0059,Customer 059,Indonesia,Distributor,A004,Robotics Motion Controller,Electronics,Autonomous,950,5,0.14,4085.0,2700,1385.0,27,SME,Smart Home,172
O001165,2023-10-22,C0021,Customer 021,Malaysia,Online,S002,Drone Navigation Module,IoT Devices,Smart Devices,320,6,0.11,1708.8,1020,688.8,96,Enterprise,Smart Home,150
O001166,2025-03-13,C0109,Customer 109,Thailand,Online,M003,Anesthesia Machine,Medical Equipment,Medical,25000,3,0.09,68250.0,45000,23250.0,18,Retail,Medical Distributors,39
O001167,2024-10-27,C0029,Customer 029,Indonesia,Retail,A004,Robotics Motion Controller,Electronics,Autonomous,950,3,0.02,2793.0,1620,1173.0,81,Retail,Medical Distributors,77
O001168,2025-08-31,C0085,Customer 085,Indonesia,Online,M002,Operating Table,Medical Equipment,Medical,18000,1,0.06,16920.0,11000,5920.0,56,SME,Consumer Electronics,156
O001169,2023-12-16,C0043,Customer 043,Malaysia,Online,A001,Advanced PCB Board,Electronics,Autonomous,450,2,0.07,837.0,500,337.0,32,SME,Technology,122
O001170,2023-09-18,C0156,Customer 156,Singapore,Direct Sales,S001,Smart Home Controller,IoT Devices,Smart Devices,180,10,0.03,1746.0,900,846.0,63,Retail,Industrial Automation,19
O001171,2023-08-08,C0016,Customer 016,Malaysia,Direct Sales,A002,Control Unit Module,Electronics,Autonomous,780,5,0.08,3588.0,2100,1488.0,82,SME,Smart Home,177
O001172,2025-12-27,C0003,Customer 003,Singapore,Retail,A004,Robotics Motion Controller,Electronics,Autonomous,950,3,0.07,2650.5,1620,1030.5,30,Enterprise,Robotics,130
O001173,2024-05-03,C0112,Customer 112,China,Distributor,S002,Drone Navigation Module,IoT Devices,Smart Devices,320,7,0.08,2060.8,1190,870.8,50,Enterprise,Industrial Automation,150
O001174,2025-09-14,C0034,Customer 034,Singapore,Direct Sales,A003,Sensor Processing Unit,Electronics,Autonomous,620,4,0.05,2356.0,1400,956.0,17,Retail,Automotive OEM,169
O001175,2025-06-01,C0100,Customer 100,China,Online,A003,Sensor Processing Unit,Electronics,Autonomous,620,7,0.06,4079.6,2450,1629.6,19,SME,Robotics,168
O001176,2024-04-28,C0128,Customer 128,Singapore,Direct Sales,M003,Anesthesia Machine,Medical Equipment,Medical,25000,1,0.08,23000.0,15000,8000.0,40,Retail,Automotive OEM,28
O001177,2025-09-23,C0055,Customer 055,China,Retail,M002,Operating Table,Medical Equipment,Medical,18000,1,0.05,17100.0,11000,6100.0,8,SME,Automotive OEM,131
O001178,2023-07-19,C0208,Customer 208,Indonesia,Distributor,A004,Robotics Motion Controller,Electronics,Autonomous,950,1,0.08,874.0,540,334.0,22,SME,Automotive OEM,45
O001179,2025-04-11,C0037,Customer 037,Malaysia,Direct Sales,M002,Operating Table,Medical Equipment,Medical,18000,3,0.08,49680.0,33000,16680.0,86,SME,Industrial Automation,167
O001180,2025-02-15,C0196,Customer 196,Thailand,Retail,A002,Control Unit Module,Electronics,Autonomous,780,8,0.07,5803.2,3360,2443.2,50,SME,Industrial Automation,170
O001181,2023-05-06,C0064,Customer 064,Malaysia,Distributor,M002,Operating Table,Medical Equipment,Medical,18000,2,0.09,32760.0,22000,10760.0,57,SME,Automotive OEM,140
O001182,2023-01-01,C0113,Customer 113,Singapore,Distributor,M003,Anesthesia Machine,Medical Equipment,Medical,25000,2,0.06,47000.0,30000,17000.0,62,Retail,Industrial Automation,2
O001183,2024-08-19,C0203,Customer 203,China,Retail,A003,Sensor Processing Unit,Electronics,Autonomous,620,5,0.04,2976.0,1750,1226.0,80,Retail,Hospital Systems,18
O001184,2024-10-10,C0078,Customer 078,Malaysia,Online,A001,Advanced PCB Board,Electronics,Autonomous,450,3,0.09,1228.5,750,478.5,53,SME,Consumer Electronics,172
O001185,2025-06-09,C0191,Customer 191,Indonesia,Online,S004,Smart Lock Control Board,IoT Devices,Smart Devices,140,8,0.12,985.6,560,425.6,37,Enterprise,Hospital Systems,77
O001186,2023-01-17,C0206,Customer 206,Thailand,Retail,S002,Drone Navigation Module,IoT Devices,Smart Devices,320,9,0.07,2678.4,1530,1148.4,42,Retail,Hospital Systems,15
O001187,2024-08-25,C0097,Customer 097,Thailand,Online,M001,Surgical Light System,Medical Equipment,Medical,12000,1,0.17,9960.0,7000,2960.0,19,Enterprise,Robotics,7
O001188,2023-04-19,C0014,Customer 014,Thailand,Online,M001,Surgical Light System,Medical Equipment,Medical,12000,2,0.09,21840.0,14000,7840.0,90,Enterprise,Smart Home,175
O001189,2024-07-31,C0072,Customer 072,Indonesia,Distributor,M001,Surgical Light System,Medical Equipment,Medical,12000,2,0.06,22560.0,14000,8560.0,15,SME,Hospital Systems,20
O001190,2025-03-18,C0071,Customer 071,Malaysia,Online,S003,Wireless Sensor Node,IoT Devices,Smart Devices,95,8,0.09,691.6,360,331.6,21,SME,Smart Home,114
O001191,2025-04-11,C0202,Customer 202,Thailand,Retail,A003,Sensor Processing Unit,Electronics,Autonomous,620,3,0.06,1748.4,1050,698.4,41,Retail,Industrial Automation,161
O001192,2023-12-22,C0101,Customer 101,Singapore,Distributor,A004,Robotics Motion Controller,Electronics,Autonomous,950,6,0.07,5301.0,3240,2061.0,55,Retail,Medical Distributors,57
O001193,2025-02-26,C0142,Customer 142,Thailand,Retail,A002,Control Unit Module,Electronics,Autonomous,780,3,0.03,2269.8,1260,1009.8,11,SME,Robotics,62
O001194,2023-09-15,C0049,Customer 049,Indonesia,Direct Sales,M003,Anesthesia Machine,Medical Equipment,Medical,25000,2,0.09,45500.0,30000,15500.0,12,Enterprise,Hospital Systems,61
O001195,2023-02-02,C0214,Customer 214,China,Retail,M003,Anesthesia Machine,Medical Equipment,Medical,25000,1,0.08,23000.0,15000,8000.0,50,Retail,Robotics,124
O001196,2023-10-06,C0138,Customer 138,Singapore,Distributor,M002,Operating Table,Medical Equipment,Medical,18000,2,0.14,30960.0,22000,8960.0,32,Enterprise,Technology,119
O001197,2025-05-01,C0107,Customer 107,Indonesia,Retail,A004,Robotics Motion Controller,Electronics,Autonomous,950,3,0.07,2650.5,1620,1030.5,36,SME,Robotics,113
O001198,2025-07-19,C0133,Customer 133,China,Retail,S001,Smart Home Controller,IoT Devices,Smart Devices,180,4,0.08,662.4,360,302.4,65,SME,Medical Distributors,166
O001199,2025-07-10,C0114,Customer 114,Thailand,Online,A003,Sensor Processing Unit,Electronics,Autonomous,620,5,0.04,2976.0,1750,1226.0,54,Enterprise,Industrial Automation,138
O001200,2025-05-19,C0208,Customer 208,Indonesia,Direct Sales,S002,Drone Navigation Module,IoT Devices,Smart Devices,320,12,0.08,3532.8,2040,1492.8,22,SME,Automotive OEM,45
O001201,2024-04-29,C0193,Customer 193,Indonesia,Online,S004,Smart Lock Control Board,IoT Devices,Smart Devices,140,8,0.07,1041.6,560,481.6,71,SME,Consumer Electronics,140
O001202,2025-01-21,C0044,Customer 044,China,Direct Sales,M001,Surgical Light System,Medical Equipment,Medical,12000,2,0.14,20640.0,14000,6640.0,85,Enterprise,Medical Distributors,111
O001203,2025-01-24,C0181,Customer 181,Indonesia,Retail,M002,Operating Table,Medical Equipment,Medical,18000,3,0.1,48600.0,33000,15600.0,25,SME,Hospital Systems,133
O001204,2023-06-13,C0029,Customer 029,Indonesia,Online,M003,Anesthesia Machine,Medical Equipment,Medical,25000,1,0.06,23500.0,15000,8500.0,81,Retail,Medical Distributors,77
O001205,2023-06-10,C0114,Customer 114,Thailand,Direct Sales,S001,Smart Home Controller,IoT Devices,Smart Devices,180,12,0.05,2052.0,1080,972.0,54,Enterprise,Industrial Automation,138
O001206,2023-06-09,C0012,Customer 012,Malaysia,Online,S003,Wireless Sensor Node,IoT Devices,Smart Devices,95,11,0.05,992.75,495,497.75,30,Retail,Medical Distributors,26
O001207,2024-12-04,C0129,Customer 129,Indonesia,Direct Sales,S001,Smart Home Controller,IoT Devices,Smart Devices,180,8,0.07,1339.2,720,619.2,74,Enterprise,Smart Home,174
O001208,2025-11-15,C0162,Customer 162,Malaysia,Online,A004,Robotics Motion Controller,Electronics,Autonomous,950,3,0.05,2707.5,1620,1087.5,85,SME,Smart Home,21
O001209,2024-08-26,C0118,Customer 118,Indonesia,Distributor,A001,Advanced PCB Board,Electronics,Autonomous,450,6,0.05,2565.0,1500,1065.0,76,Enterprise,Industrial Automation,145
O001210,2024-09-14,C0026,Customer 026,Indonesia,Online,S004,Smart Lock Control Board,IoT Devices,Smart Devices,140,7,0.0,980.0,490,490.0,88,Retail,Hospital Systems,30
O001211,2025-08-27,C0128,Customer 128,Singapore,Distributor,S002,Drone Navigation Module,IoT Devices,Smart Devices,320,7,0.05,2128.0,1190,938.0,40,Retail,Automotive OEM,28
O001212,2024-08-20,C0095,Customer 095,Indonesia,Direct Sales,S004,Smart Lock Control Board,IoT Devices,Smart Devices,140,10,0.06,1316.0,700,616.0,85,SME,Automotive OEM,22
O001213,2023-06-18,C0055,Customer 055,China,Direct Sales,M003,Anesthesia Machine,Medical Equipment,Medical,25000,4,0.09,91000.0,60000,31000.0,8,SME,Automotive OEM,131
O001214,2024-07-23,C0042,Customer 042,Indonesia,Distributor,A001,Advanced PCB Board,Electronics,Autonomous,450,1,0.11,400.5,250,150.5,28,Enterprise,Technology,139
O001215,2024-07-17,C0191,Customer 191,Indonesia,Direct Sales,A001,Advanced PCB Board,Electronics,Autonomous,450,4,0.08,1656.0,1000,656.0,37,Enterprise,Hospital Systems,77
O001216,2023-12-24,C0172,Customer 172,China,Distributor,S002,Drone Navigation Module,IoT Devices,Smart Devices,320,4,0.09,1164.8,680,484.8,4,SME,Smart Home,24
O001217,2025-01-27,C0214,Customer 214,China,Online,M003,Anesthesia Machine,Medical Equipment,Medical,25000,4,0.08,92000.0,60000,32000.0,50,Retail,Robotics,124
O001218,2024-04-28,C0129,Customer 129,Indonesia,Distributor,A004,Robotics Motion Controller,Electronics,Autonomous,950,6,0.13,4959.0,3240,1719.0,74,Enterprise,Smart Home,174
O001219,2023-03-09,C0065,Customer 065,Thailand,Direct Sales,A002,Control Unit Module,Electronics,Autonomous,780,6,0.1,4212.0,2520,1692.0,86,SME,Hospital Systems,142
O001220,2023-11-12,C0199,Customer 199,Indonesia,Retail,A004,Robotics Motion Controller,Electronics,Autonomous,950,3,0.08,2622.0,1620,1002.0,93,Retail,Hospital Systems,37
O001221,2024-05-02,C0005,Customer 005,Indonesia,Retail,S003,Wireless Sensor Node,IoT Devices,Smart Devices,95,6,0.1,513.0,270,243.0,76,SME,Technology,72
O001222,2023-12-09,C0041,Customer 041,Singapore,Online,M004,Patient Monitoring Module,Medical Equipment,Medical,8500,2,0.09,15470.0,10000,5470.0,43,Enterprise,Hospital Systems,19
O001223,2024-06-25,C0210,Customer 210,Malaysia,Direct Sales,M002,Operating Table,Medical Equipment,Medical,18000,1,0.04,17280.0,11000,6280.0,30,SME,Automotive OEM,119
O001224,2025-03-27,C0196,Customer 196,Thailand,Online,A004,Robotics Motion Controller,Electronics,Autonomous,950,3,0.06,2679.0,1620,1059.0,50,SME,Industrial Automation,170
O001225,2025-12-26,C0027,Customer 027,Indonesia,Retail,M004,Patient Monitoring Module,Medical Equipment,Medical,8500,4,0.08,31280.0,20000,11280.0,15,Retail,Consumer Electronics,76
O001226,2025-03-09,C0199,Customer 199,Indonesia,Online,A004,Robotics Motion Controller,Electronics,Autonomous,950,3,0.03,2764.5,1620,1144.5,93,Retail,Hospital Systems,37
O001227,2025-06-09,C0160,Customer 160,China,Online,M001,Surgical Light System,Medical Equipment,Medical,12000,2,0.09,21840.0,14000,7840.0,76,Retail,Smart Home,110
O001228,2025-07-08,C0182,Customer 182,Thailand,Online,A003,Sensor Processing Unit,Electronics,Autonomous,620,4,0.1,2232.0,1400,832.0,81,SME,Technology,114
O001229,2023-03-26,C0199,Customer 199,Indonesia,Online,M002,Operating Table,Medical Equipment,Medical,18000,2,0.1,32400.0,22000,10400.0,93,Retail,Hospital Systems,37
O001230,2025-06-03,C0098,Customer 098,Singapore,Online,S002,Drone Navigation Module,IoT Devices,Smart Devices,320,7,0.06,2105.6,1190,915.6,79,Enterprise,Technology,19
O001231,2024-06-30,C0137,Customer 137,China,Online,M002,Operating Table,Medical Equipment,Medical,18000,1,0.08,16560.0,11000,5560.0,42,SME,Smart Home,63
O001232,2025-03-12,C0033,Customer 033,Singapore,Distributor,A004,Robotics Motion Controller,Electronics,Autonomous,950,3,0.12,2508.0,1620,888.0,11,Enterprise,Medical Distributors,125
O001233,2024-02-04,C0158,Customer 158,Indonesia,Online,S001,Smart Home Controller,IoT Devices,Smart Devices,180,7,0.05,1197.0,630,567.0,32,Retail,Medical Distributors,31
O001234,2024-01-04,C0113,Customer 113,Singapore,Direct Sales,A002,Control Unit Module,Electronics,Autonomous,780,7,0.07,5077.8,2940,2137.8,62,Retail,Industrial Automation,2
O001235,2023-05-20,C0193,Customer 193,Indonesia,Retail,M001,Surgical Light System,Medical Equipment,Medical,12000,1,0.04,11520.0,7000,4520.0,71,SME,Consumer Electronics,140
O001236,2023-08-01,C0098,Customer 098,Singapore,Retail,S003,Wireless Sensor Node,IoT Devices,Smart Devices,95,17,0.06,1518.1,765,753.1,79,Enterprise,Technology,19
O001237,2024-08-03,C0009,Customer 009,Thailand,Distributor,A001,Advanced PCB Board,Electronics,Autonomous,450,7,0.05,2992.5,1750,1242.5,69,Retail,Technology,32
O001238,2023-07-08,C0039,Customer 039,Malaysia,Distributor,M001,Surgical Light System,Medical Equipment,Medical,12000,3,0.18,29520.0,21000,8520.0,76,Enterprise,Hospital Systems,142
O001239,2023-09-07,C0183,Customer 183,Singapore,Direct Sales,S004,Smart Lock Control Board,IoT Devices,Smart Devices,140,9,0.04,1209.6,630,579.6,37,Enterprise,Automotive OEM,113
O001240,2023-09-24,C0185,Customer 185,Thailand,Distributor,A003,Sensor Processing Unit,Electronics,Autonomous,620,5,0.14,2666.0,1750,916.0,12,SME,Industrial Automation,58
O001241,2024-01-13,C0217,Customer 217,Indonesia,Online,A001,Advanced PCB Board,Electronics,Autonomous,450,4,0.06,1692.0,1000,692.0,78,Retail,Hospital Systems,128
O001242,2023-06-05,C0146,Customer 146,Indonesia,Retail,S003,Wireless Sensor Node,IoT Devices,Smart Devices,95,10,0.11,845.5,450,395.5,55,SME,Consumer Electronics,141
O001243,2024-07-20,C0157,Customer 157,Indonesia,Online,A003,Sensor Processing Unit,Electronics,Autonomous,620,6,0.04,3571.2,2100,1471.2,20,SME,Hospital Systems,39
O001244,2023-06-01,C0108,Customer 108,Singapore,Direct Sales,A001,Advanced PCB Board,Electronics,Autonomous,450,5,0.05,2137.5,1250,887.5,35,SME,Robotics,86
O001245,2024-11-12,C0167,Customer 167,Malaysia,Online,M001,Surgical Light System,Medical Equipment,Medical,12000,1,0.1,10800.0,7000,3800.0,83,SME,Robotics,39
O001246,2024-06-26,C0150,Customer 150,China,Retail,M003,Anesthesia Machine,Medical Equipment,Medical,25000,3,0.09,68250.0,45000,23250.0,13,Enterprise,Smart Home,50
O001247,2024-02-15,C0171,Customer 171,Indonesia,Retail,S002,Drone Navigation Module,IoT Devices,Smart Devices,320,5,0.05,1520.0,850,670.0,77,SME,Medical Distributors,11
O001248,2025-10-04,C0028,Customer 028,China,Distributor,M002,Operating Table,Medical Equipment,Medical,18000,1,0.13,15660.0,11000,4660.0,93,Enterprise,Hospital Systems,68
O001249,2025-06-02,C0095,Customer 095,Indonesia,Direct Sales,M004,Patient Monitoring Module,Medical Equipment,Medical,8500,1,0.09,7735.0,5000,2735.0,85,SME,Automotive OEM,22
O001250,2024-06-14,C0152,Customer 152,Indonesia,Direct Sales,M002,Operating Table,Medical Equipment,Medical,18000,3,0.09,49140.0,33000,16140.0,7,Enterprise,Hospital Systems,142
O001251,2024-05-28,C0053,Customer 053,Thailand,Direct Sales,A004,Robotics Motion Controller,Electronics,Autonomous,950,3,0.09,2593.5,1620,973.5,75,Enterprise,Hospital Systems,139
O001252,2023-11-01,C0083,Customer 083,Indonesia,Direct Sales,S003,Wireless Sensor Node,IoT Devices,Smart Devices,95,7,0.11,591.85,315,276.85,4,SME,Consumer Electronics,30
O001253,2025-03-10,C0106,Customer 106,China,Distributor,A001,Advanced PCB Board,Electronics,Autonomous,450,2,0.12,792.0,500,292.0,82,Enterprise,Robotics,71
O001254,2025-03-12,C0096,Customer 096,Thailand,Direct Sales,S002,Drone Navigation Module,IoT Devices,Smart Devices,320,7,0.08,2060.8,1190,870.8,12,SME,Consumer Electronics,61
O001255,2025-10-01,C0078,Customer 078,Malaysia,Retail,A004,Robotics Motion Controller,Electronics,Autonomous,950,4,0.05,3610.0,2160,1450.0,53,SME,Consumer Electronics,172
O001256,2023-05-24,C0101,Customer 101,Singapore,Distributor,S001,Smart Home Controller,IoT Devices,Smart Devices,180,4,0.0,720.0,360,360.0,55,Retail,Medical Distributors,57
O001257,2025-09-14,C0149,Customer 149,Indonesia,Online,M002,Operating Table,Medical Equipment,Medical,18000,1,0.05,17100.0,11000,6100.0,25,Retail,Automotive OEM,56
O001258,2024-09-12,C0140,Customer 140,China,Direct Sales,A003,Sensor Processing Unit,Electronics,Autonomous,620,4,0.07,2306.4,1400,906.4,63,Retail,Automotive OEM,55
O001259,2023-07-05,C0131,Customer 131,Malaysia,Online,A002,Control Unit Module,Electronics,Autonomous,780,8,0.03,6052.8,3360,2692.8,88,Enterprise,Smart Home,154
O001260,2025-07-30,C0075,Customer 075,Singapore,Distributor,A001,Advanced PCB Board,Electronics,Autonomous,450,4,0.07,1674.0,1000,674.0,88,Retail,Robotics,64
O001261,2023-03-22,C0127,Customer 127,Thailand,Distributor,A003,Sensor Processing Unit,Electronics,Autonomous,620,6,0.08,3422.4,2100,1322.4,78,Retail,Automotive OEM,156
O001262,2025-03-09,C0208,Customer 208,Indonesia,Online,M002,Operating Table,Medical Equipment,Medical,18000,2,0.06,33840.0,22000,11840.0,22,SME,Automotive OEM,45
O001263,2025-06-15,C0104,Customer 104,China,Distributor,S004,Smart Lock Control Board,IoT Devices,Smart Devices,140,6,0.04,806.4,420,386.4,57,SME,Consumer Electronics,157
O001264,2024-01-31,C0014,Customer 014,Thailand,Distributor,M001,Surgical Light System,Medical Equipment,Medical,12000,1,0.13,10440.0,7000,3440.0,90,Enterprise,Smart Home,175
O001265,2023-05-10,C0155,Customer 155,China,Online,S001,Smart Home Controller,IoT Devices,Smart Devices,180,10,0.07,1674.0,900,774.0,33,Enterprise,Hospital Systems,123
O001266,2025-07-09,C0121,Customer 121,China,Direct Sales,M001,Surgical Light System,Medical Equipment,Medical,12000,3,0.11,32040.0,21000,11040.0,36,Enterprise,Industrial Automation,108
O001267,2024-11-22,C0098,Customer 098,Singapore,Direct Sales,S004,Smart Lock Control Board,IoT Devices,Smart Devices,140,7,0.07,911.4,490,421.4,79,Enterprise,Technology,19
O001268,2024-03-09,C0016,Customer 016,Malaysia,Retail,S003,Wireless Sensor Node,IoT Devices,Smart Devices,95,12,0.11,1014.6,540,474.6,82,SME,Smart Home,177
O001269,2023-11-02,C0161,Customer 161,Thailand,Distributor,S004,Smart Lock Control Board,IoT Devices,Smart Devices,140,13,0.11,1619.8,910,709.8,79,SME,Hospital Systems,26
O001270,2023-03-17,C0091,Customer 091,Malaysia,Distributor,S004,Smart Lock Control Board,IoT Devices,Smart Devices,140,10,0.07,1302.0,700,602.0,87,SME,Industrial Automation,45
O001271,2023-02-09,C0145,Customer 145,Malaysia,Direct Sales,A004,Robotics Motion Controller,Electronics,Autonomous,950,4,0.04,3648.0,2160,1488.0,40,SME,Robotics,170
O001272,2023-09-25,C0184,Customer 184,China,Distributor,M001,Surgical Light System,Medical Equipment,Medical,12000,2,0.14,20640.0,14000,6640.0,91,Enterprise,Robotics,41
O001273,2024-09-21,C0109,Customer 109,Thailand,Retail,M002,Operating Table,Medical Equipment,Medical,18000,1,0.07,16740.0,11000,5740.0,18,Retail,Medical Distributors,39
O001274,2023-05-11,C0111,Customer 111,Singapore,Direct Sales,M002,Operating Table,Medical Equipment,Medical,18000,2,0.06,33840.0,22000,11840.0,70,SME,Consumer Electronics,120
O001275,2024-03-27,C0212,Customer 212,Indonesia,Distributor,M002,Operating Table,Medical Equipment,Medical,18000,2,0.12,31680.0,22000,9680.0,45,Enterprise,Technology,151
O001276,2025-04-03,C0057,Customer 057,Malaysia,Direct Sales,A002,Control Unit Module,Electronics,Autonomous,780,3,0.1,2106.0,1260,846.0,75,SME,Robotics,153
O001277,2023-10-09,C0006,Customer 006,Singapore,Distributor,A002,Control Unit Module,Electronics,Autonomous,780,4,0.13,2714.4,1680,1034.4,90,Retail,Automotive OEM,109
O001278,2023-12-22,C0122,Customer 122,Thailand,Direct Sales,A002,Control Unit Module,Electronics,Autonomous,780,5,0.03,3783.0,2100,1683.0,3,Retail,Technology,139
O001279,2023-10-17,C0186,Customer 186,Singapore,Distributor,A003,Sensor Processing Unit,Electronics,Autonomous,620,4,0.12,2182.4,1400,782.4,83,SME,Medical Distributors,40
O001280,2023-12-04,C0153,Customer 153,Thailand,Distributor,A004,Robotics Motion Controller,Electronics,Autonomous,950,8,0.14,6536.0,4320,2216.0,82,SME,Automotive OEM,126
O001281,2023-03-25,C0088,Customer 088,Singapore,Direct Sales,M003,Anesthesia Machine,Medical Equipment,Medical,25000,1,0.09,22750.0,15000,7750.0,80,Retail,Consumer Electronics,81
O001282,2025-02-09,C0146,Customer 146,Indonesia,Direct Sales,M003,Anesthesia Machine,Medical Equipment,Medical,25000,3,0.09,68250.0,45000,23250.0,55,SME,Consumer Electronics,141
O001283,2023-06-15,C0119,Customer 119,Singapore,Direct Sales,M001,Surgical Light System,Medical Equipment,Medical,12000,3,0.1,32400.0,21000,11400.0,18,Enterprise,Industrial Automation,119
O001284,2023-07-02,C0090,Customer 090,China,Online,S004,Smart Lock Control Board,IoT Devices,Smart Devices,140,10,0.07,1302.0,700,602.0,71,Enterprise,Smart Home,33
O001285,2025-09-01,C0057,Customer 057,Malaysia,Distributor,S004,Smart Lock Control Board,IoT Devices,Smart Devices,140,8,0.05,1064.0,560,504.0,75,SME,Robotics,153
O001286,2024-07-08,C0076,Customer 076,Singapore,Retail,S001,Smart Home Controller,IoT Devices,Smart Devices,180,10,0.07,1674.0,900,774.0,80,SME,Industrial Automation,40
O001287,2023-12-24,C0191,Customer 191,Indonesia,Direct Sales,S002,Drone Navigation Module,IoT Devices,Smart Devices,320,6,0.08,1766.4,1020,746.4,37,Enterprise,Hospital Systems,77
O001288,2025-10-20,C0089,Customer 089,Singapore,Direct Sales,S002,Drone Navigation Module,IoT Devices,Smart Devices,320,12,0.09,3494.4,2040,1454.4,65,SME,Smart Home,80
O001289,2024-09-08,C0049,Customer 049,Indonesia,Retail,A002,Control Unit Module,Electronics,Autonomous,780,3,0.02,2293.2,1260,1033.2,12,Enterprise,Hospital Systems,61
O001290,2024-04-27,C0027,Customer 027,Indonesia,Direct Sales,M004,Patient Monitoring Module,Medical Equipment,Medical,8500,2,0.1,15300.0,10000,5300.0,15,Retail,Consumer Electronics,76
O001291,2023-07-15,C0050,Customer 050,Malaysia,Online,S002,Drone Navigation Module,IoT Devices,Smart Devices,320,7,0.11,1993.6,1190,803.6,28,SME,Technology,103
O001292,2025-11-05,C0158,Customer 158,Indonesia,Retail,M004,Patient Monitoring Module,Medical Equipment,Medical,8500,3,0.08,23460.0,15000,8460.0,32,Retail,Medical Distributors,31
O001293,2024-03-02,C0034,Customer 034,Singapore,Direct Sales,A001,Advanced PCB Board,Electronics,Autonomous,450,5,0.04,2160.0,1250,910.0,17,Retail,Automotive OEM,169
O001294,2023-11-02,C0081,Customer 081,Malaysia,Retail,S003,Wireless Sensor Node,IoT Devices,Smart Devices,95,11,0.07,971.85,495,476.85,52,Enterprise,Robotics,85
O001295,2023-11-24,C0191,Customer 191,Indonesia,Direct Sales,S003,Wireless Sensor Node,IoT Devices,Smart Devices,95,2,0.03,184.3,90,94.3,37,Enterprise,Hospital Systems,77
O001296,2025-01-15,C0090,Customer 090,China,Distributor,A001,Advanced PCB Board,Electronics,Autonomous,450,6,0.09,2457.0,1500,957.0,71,Enterprise,Smart Home,33
O001297,2024-11-15,C0060,Customer 060,Thailand,Retail,S002,Drone Navigation Module,IoT Devices,Smart Devices,320,12,0.03,3724.8,2040,1684.8,17,Enterprise,Industrial Automation,172
O001298,2023-04-18,C0136,Customer 136,China,Distributor,S001,Smart Home Controller,IoT Devices,Smart Devices,180,5,0.04,864.0,450,414.0,79,Enterprise,Smart Home,138
O001299,2023-03-01,C0078,Customer 078,Malaysia,Direct Sales,A004,Robotics Motion Controller,Electronics,Autonomous,950,5,0.03,4607.5,2700,1907.5,53,SME,Consumer Electronics,172
O001300,2024-04-26,C0126,Customer 126,China,Retail,S004,Smart Lock Control Board,IoT Devices,Smart Devices,140,6,0.08,772.8,420,352.8,60,SME,Robotics,180
O001301,2024-10-29,C0087,Customer 087,China,Distributor,A003,Sensor Processing Unit,Electronics,Autonomous,620,6,0.12,3273.6,2100,1173.6,47,Enterprise,Robotics,111
O001302,2024-10-29,C0093,Customer 093,Thailand,Direct Sales,M004,Patient Monitoring Module,Medical Equipment,Medical,8500,1,0.11,7565.0,5000,2565.0,75,Enterprise,Industrial Automation,156
O001303,2023-07-20,C0084,Customer 084,Thailand,Retail,M004,Patient Monitoring Module,Medical Equipment,Medical,8500,2,0.17,14110.0,10000,4110.0,5,Enterprise,Smart Home,28
O001304,2025-02-08,C0189,Customer 189,Indonesia,Direct Sales,M004,Patient Monitoring Module,Medical Equipment,Medical,8500,3,0.13,22185.0,15000,7185.0,77,Enterprise,Robotics,131
O001305,2025-09-19,C0022,Customer 022,China,Retail,M001,Surgical Light System,Medical Equipment,Medical,12000,1,0.04,11520.0,7000,4520.0,47,Retail,Industrial Automation,57
O001306,2025-07-20,C0112,Customer 112,China,Retail,M003,Anesthesia Machine,Medical Equipment,Medical,25000,1,0.12,22000.0,15000,7000.0,50,Enterprise,Industrial Automation,150
O001307,2025-07-26,C0054,Customer 054,Singapore,Distributor,S004,Smart Lock Control Board,IoT Devices,Smart Devices,140,12,0.09,1528.8,840,688.8,7,SME,Hospital Systems,150
O001308,2024-07-06,C0198,Customer 198,Indonesia,Online,M004,Patient Monitoring Module,Medical Equipment,Medical,8500,1,0.09,7735.0,5000,2735.0,57,Enterprise,Medical Distributors,26
O001309,2023-05-03,C0052,Customer 052,China,Distributor,A001,Advanced PCB Board,Electronics,Autonomous,450,4,0.06,1692.0,1000,692.0,20,Enterprise,Technology,49
O001310,2025-08-11,C0192,Customer 192,Indonesia,Retail,A004,Robotics Motion Controller,Electronics,Autonomous,950,5,0.03,4607.5,2700,1907.5,20,SME,Technology,115
O001311,2024-12-04,C0059,Customer 059,Indonesia,Online,M004,Patient Monitoring Module,Medical Equipment,Medical,8500,4,0.07,31620.0,20000,11620.0,27,SME,Smart Home,172
O001312,2023-12-15,C0101,Customer 101,Singapore,Distributor,S002,Drone Navigation Module,IoT Devices,Smart Devices,320,7,0.01,2217.6,1190,1027.6,55,Retail,Medical Distributors,57
O001313,2025-12-04,C0160,Customer 160,China,Distributor,A004,Robotics Motion Controller,Electronics,Autonomous,950,7,0.11,5918.5,3780,2138.5,76,Retail,Smart Home,110
O001314,2025-08-05,C0048,Customer 048,Malaysia,Direct Sales,A001,Advanced PCB Board,Electronics,Autonomous,450,3,0.08,1242.0,750,492.0,10,Enterprise,Robotics,114
O001315,2024-05-20,C0185,Customer 185,Thailand,Online,M004,Patient Monitoring Module,Medical Equipment,Medical,8500,2,0.06,15980.0,10000,5980.0,12,SME,Industrial Automation,58
O001316,2024-03-31,C0093,Customer 093,Thailand,Distributor,S002,Drone Navigation Module,IoT Devices,Smart Devices,320,4,0.11,1139.2,680,459.2,75,Enterprise,Industrial Automation,156
O001317,2023-01-11,C0013,Customer 013,China,Direct Sales,A003,Sensor Processing Unit,Electronics,Autonomous,620,5,0.02,3038.0,1750,1288.0,21,Enterprise,Consumer Electronics,95
O001318,2025-08-21,C0183,Customer 183,Singapore,Direct Sales,S004,Smart Lock Control Board,IoT Devices,Smart Devices,140,5,0.07,651.0,350,301.0,37,Enterprise,Automotive OEM,113
O001319,2025-03-18,C0040,Customer 040,Malaysia,Direct Sales,A004,Robotics Motion Controller,Electronics,Autonomous,950,4,0.06,3572.0,2160,1412.0,10,SME,Hospital Systems,162
O001320,2024-05-07,C0143,Customer 143,China,Direct Sales,M002,Operating Table,Medical Equipment,Medical,18000,3,0.08,49680.0,33000,16680.0,89,SME,Robotics,122
O001321,2025-04-12,C0137,Customer 137,China,Distributor,M004,Patient Monitoring Module,Medical Equipment,Medical,8500,2,0.06,15980.0,10000,5980.0,42,SME,Smart Home,63
O001322,2024-05-04,C0052,Customer 052,China,Direct Sales,S003,Wireless Sensor Node,IoT Devices,Smart Devices,95,4,0.03,368.6,180,188.6,20,Enterprise,Technology,49
O001323,2024-09-16,C0146,Customer 146,Indonesia,Retail,M003,Anesthesia Machine,Medical Equipment,Medical,25000,2,0.09,45500.0,30000,15500.0,55,SME,Consumer Electronics,141
O001324,2023-02-19,C0129,Customer 129,Indonesia,Retail,A004,Robotics Motion Controller,Electronics,Autonomous,950,5,0.08,4370.0,2700,1670.0,74,Enterprise,Smart Home,174
O001325,2025-04-10,C0082,Customer 082,Thailand,Online,M003,Anesthesia Machine,Medical Equipment,Medical,25000,4,0.07,93000.0,60000,33000.0,45,Retail,Smart Home,165
O001326,2023-01-03,C0013,Customer 013,China,Direct Sales,S003,Wireless Sensor Node,IoT Devices,Smart Devices,95,7,0.06,625.1,315,310.1,21,Enterprise,Consumer Electronics,95
O001327,2024-11-12,C0128,Customer 128,Singapore,Direct Sales,S001,Smart Home Controller,IoT Devices,Smart Devices,180,10,0.02,1764.0,900,864.0,40,Retail,Automotive OEM,28
O001328,2024-07-06,C0160,Customer 160,China,Distributor,S004,Smart Lock Control Board,IoT Devices,Smart Devices,140,5,0.06,658.0,350,308.0,76,Retail,Smart Home,110
O001329,2023-06-15,C0008,Customer 008,Singapore,Online,S002,Drone Navigation Module,IoT Devices,Smart Devices,320,7,0.1,2016.0,1190,826.0,45,SME,Consumer Electronics,155
O001330,2023-04-23,C0125,Customer 125,Malaysia,Online,S001,Smart Home Controller,IoT Devices,Smart Devices,180,9,0.07,1506.6,810,696.6,31,Retail,Automotive OEM,33
O001331,2023-08-16,C0123,Customer 123,Singapore,Online,A003,Sensor Processing Unit,Electronics,Autonomous,620,5,0.06,2914.0,1750,1164.0,29,Retail,Consumer Electronics,167
O001332,2023-03-25,C0083,Customer 083,Indonesia,Online,A002,Control Unit Module,Electronics,Autonomous,780,4,0.03,3026.4,1680,1346.4,4,SME,Consumer Electronics,30
O001333,2023-05-18,C0079,Customer 079,Malaysia,Distributor,S001,Smart Home Controller,IoT Devices,Smart Devices,180,8,0.04,1382.4,720,662.4,49,Enterprise,Medical Distributors,10
O001334,2024-11-16,C0164,Customer 164,China,Direct Sales,M004,Patient Monitoring Module,Medical Equipment,Medical,8500,2,0.08,15640.0,10000,5640.0,38,SME,Technology,9
O001335,2024-03-05,C0011,Customer 011,Thailand,Distributor,S004,Smart Lock Control Board,IoT Devices,Smart Devices,140,4,0.06,526.4,280,246.4,6,SME,Medical Distributors,170
O001336,2024-07-01,C0013,Customer 013,China,Retail,S001,Smart Home Controller,IoT Devices,Smart Devices,180,5,0.05,855.0,450,405.0,21,Enterprise,Consumer Electronics,95
O001337,2023-05-10,C0148,Customer 148,Thailand,Online,A002,Control Unit Module,Electronics,Autonomous,780,3,0.06,2199.6,1260,939.6,41,Enterprise,Robotics,31
O001338,2025-10-23,C0034,Customer 034,Singapore,Direct Sales,S001,Smart Home Controller,IoT Devices,Smart Devices,180,10,0.04,1728.0,900,828.0,17,Retail,Automotive OEM,169
O001339,2025-12-25,C0078,Customer 078,Malaysia,Online,S003,Wireless Sensor Node,IoT Devices,Smart Devices,95,8,0.07,706.8,360,346.8,53,SME,Consumer Electronics,172
O001340,2025-01-23,C0213,Customer 213,Thailand,Direct Sales,S003,Wireless Sensor Node,IoT Devices,Smart Devices,95,10,0.05,902.5,450,452.5,89,SME,Industrial Automation,65
O001341,2025-07-26,C0170,Customer 170,China,Direct Sales,M002,Operating Table,Medical Equipment,Medical,18000,1,0.06,16920.0,11000,5920.0,35,SME,Industrial Automation,129
O001342,2024-01-02,C0053,Customer 053,Thailand,Direct Sales,A001,Advanced PCB Board,Electronics,Autonomous,450,5,0.03,2182.5,1250,932.5,75,Enterprise,Hospital Systems,139
O001343,2024-07-19,C0107,Customer 107,Indonesia,Distributor,M002,Operating Table,Medical Equipment,Medical,18000,2,0.06,33840.0,22000,11840.0,36,SME,Robotics,113
O001344,2024-02-23,C0097,Customer 097,Thailand,Direct Sales,S001,Smart Home Controller,IoT Devices,Smart Devices,180,4,0.06,676.8,360,316.8,19,Enterprise,Robotics,7
O001345,2023-09-28,C0102,Customer 102,Malaysia,Online,A004,Robotics Motion Controller,Electronics,Autonomous,950,5,0.05,4512.5,2700,1812.5,7,Retail,Technology,143
O001346,2023-02-13,C0201,Customer 201,Thailand,Distributor,A001,Advanced PCB Board,Electronics,Autonomous,450,5,0.06,2115.0,1250,865.0,84,Enterprise,Industrial Automation,21
O001347,2024-04-20,C0160,Customer 160,China,Online,S001,Smart Home Controller,IoT Devices,Smart Devices,180,9,0.03,1571.4,810,761.4,76,Retail,Smart Home,110
O001348,2024-12-03,C0106,Customer 106,China,Online,S003,Wireless Sensor Node,IoT Devices,Smart Devices,95,7,0.07,618.45,315,303.45,82,Enterprise,Robotics,71
O001349,2025-12-21,C0166,Customer 166,Singapore,Retail,S001,Smart Home Controller,IoT Devices,Smart Devices,180,4,0.07,669.6,360,309.6,81,SME,Smart Home,151
O001350,2023-09-28,C0006,Customer 006,Singapore,Distributor,A001,Advanced PCB Board,Electronics,Autonomous,450,3,0.13,1174.5,750,424.5,90,Retail,Automotive OEM,109
O001351,2024-04-09,C0197,Customer 197,Malaysia,Online,A004,Robotics Motion Controller,Electronics,Autonomous,950,5,0.1,4275.0,2700,1575.0,17,SME,Hospital Systems,129
O001352,2023-04-07,C0084,Customer 084,Thailand,Online,M003,Anesthesia Machine,Medical Equipment,Medical,25000,2,0.11,44500.0,30000,14500.0,5,Enterprise,Smart Home,28
O001353,2023-12-07,C0174,Customer 174,Indonesia,Distributor,S002,Drone Navigation Module,IoT Devices,Smart Devices,320,10,0.09,2912.0,1700,1212.0,61,Enterprise,Automotive OEM,133
O001354,2024-08-07,C0124,Customer 124,Singapore,Distributor,M003,Anesthesia Machine,Medical Equipment,Medical,25000,3,0.09,68250.0,45000,23250.0,4,Retail,Hospital Systems,64
O001355,2023-11-11,C0205,Customer 205,China,Distributor,M003,Anesthesia Machine,Medical Equipment,Medical,25000,1,0.04,24000.0,15000,9000.0,57,Retail,Medical Distributors,43
O001356,2024-10-10,C0190,Customer 190,Malaysia,Distributor,S002,Drone Navigation Module,IoT Devices,Smart Devices,320,8,0.04,2457.6,1360,1097.6,54,Retail,Smart Home,88
O001357,2025-01-27,C0041,Customer 041,Singapore,Distributor,M003,Anesthesia Machine,Medical Equipment,Medical,25000,2,0.14,43000.0,30000,13000.0,43,Enterprise,Hospital Systems,19
O001358,2023-03-13,C0081,Customer 081,Malaysia,Online,S003,Wireless Sensor Node,IoT Devices,Smart Devices,95,7,0.12,585.2,315,270.2,52,Enterprise,Robotics,85
O001359,2023-10-30,C0049,Customer 049,Indonesia,Retail,A002,Control Unit Module,Electronics,Autonomous,780,8,0.06,5865.6,3360,2505.6,12,Enterprise,Hospital Systems,61
O001360,2023-11-29,C0137,Customer 137,China,Online,S001,Smart Home Controller,IoT Devices,Smart Devices,180,10,0.04,1728.0,900,828.0,42,SME,Smart Home,63
O001361,2023-02-21,C0168,Customer 168,Thailand,Retail,A003,Sensor Processing Unit,Electronics,Autonomous,620,5,0.08,2852.0,1750,1102.0,8,Retail,Medical Distributors,43
O001362,2025-07-27,C0195,Customer 195,Malaysia,Distributor,A002,Control Unit Module,Electronics,Autonomous,780,1,0.05,741.0,420,321.0,53,SME,Robotics,12
O001363,2025-11-05,C0134,Customer 134,Thailand,Online,A002,Control Unit Module,Electronics,Autonomous,780,6,0.06,4399.2,2520,1879.2,63,Enterprise,Industrial Automation,28
O001364,2024-08-16,C0064,Customer 064,Malaysia,Distributor,S002,Drone Navigation Module,IoT Devices,Smart Devices,320,6,0.1,1728.0,1020,708.0,57,SME,Automotive OEM,140
O001365,2025-06-24,C0094,Customer 094,Thailand,Direct Sales,A002,Control Unit Module,Electronics,Autonomous,780,8,0.08,5740.8,3360,2380.8,87,SME,Technology,55
O001366,2023-03-24,C0077,Customer 077,Malaysia,Direct Sales,M003,Anesthesia Machine,Medical Equipment,Medical,25000,1,0.05,23750.0,15000,8750.0,53,Retail,Automotive OEM,7
O001367,2025-04-02,C0147,Customer 147,Thailand,Distributor,S002,Drone Navigation Module,IoT Devices,Smart Devices,320,11,0.07,3273.6,1870,1403.6,35,SME,Technology,79
O001368,2023-07-09,C0170,Customer 170,China,Direct Sales,A002,Control Unit Module,Electronics,Autonomous,780,3,0.07,2176.2,1260,916.2,35,SME,Industrial Automation,129
O001369,2024-02-04,C0065,Customer 065,Thailand,Distributor,S002,Drone Navigation Module,IoT Devices,Smart Devices,320,4,0.1,1152.0,680,472.0,86,SME,Hospital Systems,142
O001370,2024-07-23,C0087,Customer 087,China,Direct Sales,M004,Patient Monitoring Module,Medical Equipment,Medical,8500,1,0.09,7735.0,5000,2735.0,47,Enterprise,Robotics,111
O001371,2025-07-01,C0131,Customer 131,Malaysia,Direct Sales,S003,Wireless Sensor Node,IoT Devices,Smart Devices,95,11,0.12,919.6,495,424.6,88,Enterprise,Smart Home,154
O001372,2025-03-18,C0011,Customer 011,Thailand,Retail,M004,Patient Monitoring Module,Medical Equipment,Medical,8500,2,0.05,16150.0,10000,6150.0,6,SME,Medical Distributors,170
O001373,2025-11-13,C0199,Customer 199,Indonesia,Online,M001,Surgical Light System,Medical Equipment,Medical,12000,1,0.06,11280.0,7000,4280.0,93,Retail,Hospital Systems,37
O001374,2025-05-25,C0006,Customer 006,Singapore,Retail,A002,Control Unit Module,Electronics,Autonomous,780,5,0.05,3705.0,2100,1605.0,90,Retail,Automotive OEM,109
O001375,2024-08-05,C0176,Customer 176,China,Online,A002,Control Unit Module,Electronics,Autonomous,780,4,0.04,2995.2,1680,1315.2,45,Retail,Technology,105
O001376,2025-07-01,C0140,Customer 140,China,Direct Sales,S001,Smart Home Controller,IoT Devices,Smart Devices,180,11,0.02,1940.4,990,950.4,63,Retail,Automotive OEM,55
O001377,2025-06-28,C0080,Customer 080,China,Retail,S004,Smart Lock Control Board,IoT Devices,Smart Devices,140,7,0.1,882.0,490,392.0,45,Enterprise,Technology,79
O001378,2024-08-14,C0208,Customer 208,Indonesia,Retail,M003,Anesthesia Machine,Medical Equipment,Medical,25000,2,0.08,46000.0,30000,16000.0,22,SME,Automotive OEM,45
O001379,2025-04-28,C0113,Customer 113,Singapore,Direct Sales,M003,Anesthesia Machine,Medical Equipment,Medical,25000,3,0.04,72000.0,45000,27000.0,62,Retail,Industrial Automation,2
O001380,2024-09-13,C0092,Customer 092,Indonesia,Online,A004,Robotics Motion Controller,Electronics,Autonomous,950,10,0.03,9215.0,5400,3815.0,71,SME,Industrial Automation,1
O001381,2025-02-08,C0161,Customer 161,Thailand,Direct Sales,M002,Operating Table,Medical Equipment,Medical,18000,1,0.06,16920.0,11000,5920.0,79,SME,Hospital Systems,26
O001382,2024-07-13,C0123,Customer 123,Singapore,Distributor,A003,Sensor Processing Unit,Electronics,Autonomous,620,3,0.11,1655.4,1050,605.4,29,Retail,Consumer Electronics,167
O001383,2023-10-08,C0123,Customer 123,Singapore,Distributor,M004,Patient Monitoring Module,Medical Equipment,Medical,8500,1,0.09,7735.0,5000,2735.0,29,Retail,Consumer Electronics,167
O001384,2024-08-15,C0058,Customer 058,Singapore,Retail,S001,Smart Home Controller,IoT Devices,Smart Devices,180,5,0.03,873.0,450,423.0,85,SME,Industrial Automation,150
O001385,2024-09-10,C0141,Customer 141,Thailand,Online,S002,Drone Navigation Module,IoT Devices,Smart Devices,320,6,0.04,1843.2,1020,823.2,36,Retail,Consumer Electronics,153
O001386,2025-08-07,C0121,Customer 121,China,Direct Sales,M004,Patient Monitoring Module,Medical Equipment,Medical,8500,2,0.16,14280.0,10000,4280.0,36,Enterprise,Industrial Automation,108
O001387,2023-11-12,C0078,Customer 078,Malaysia,Online,A001,Advanced PCB Board,Electronics,Autonomous,450,2,0.1,810.0,500,310.0,53,SME,Consumer Electronics,172
O001388,2025-08-25,C0198,Customer 198,Indonesia,Online,M002,Operating Table,Medical Equipment,Medical,18000,2,0.12,31680.0,22000,9680.0,57,Enterprise,Medical Distributors,26
O001389,2025-10-04,C0079,Customer 079,Malaysia,Distributor,S004,Smart Lock Control Board,IoT Devices,Smart Devices,140,10,0.03,1358.0,700,658.0,49,Enterprise,Medical Distributors,10
O001390,2024-07-21,C0086,Customer 086,Indonesia,Direct Sales,A004,Robotics Motion Controller,Electronics,Autonomous,950,2,0.07,1767.0,1080,687.0,33,Enterprise,Robotics,12
O001391,2025-01-10,C0027,Customer 027,Indonesia,Retail,S002,Drone Navigation Module,IoT Devices,Smart Devices,320,4,0.05,1216.0,680,536.0,15,Retail,Consumer Electronics,76
O001392,2024-06-12,C0145,Customer 145,Malaysia,Retail,S003,Wireless Sensor Node,IoT Devices,Smart Devices,95,8,0.12,668.8,360,308.8,40,SME,Robotics,170
O001393,2023-09-02,C0066,Customer 066,Thailand,Direct Sales,A002,Control Unit Module,Electronics,Autonomous,780,3,0.09,2129.4,1260,869.4,18,Retail,Medical Distributors,68
O001394,2023-11-30,C0121,Customer 121,China,Direct Sales,S002,Drone Navigation Module,IoT Devices,Smart Devices,320,5,0.04,1536.0,850,686.0,36,Enterprise,Industrial Automation,108
O001395,2025-08-02,C0049,Customer 049,Indonesia,Distributor,S004,Smart Lock Control Board,IoT Devices,Smart Devices,140,9,0.06,1184.4,630,554.4,12,Enterprise,Hospital Systems,61
O001396,2023-04-19,C0082,Customer 082,Thailand,Online,A001,Advanced PCB Board,Electronics,Autonomous,450,6,0.05,2565.0,1500,1065.0,45,Retail,Smart Home,165
O001397,2024-12-30,C0046,Customer 046,Singapore,Online,M001,Surgical Light System,Medical Equipment,Medical,12000,1,0.11,10680.0,7000,3680.0,14,Enterprise,Consumer Electronics,64
O001398,2023-06-07,C0023,Customer 023,Malaysia,Distributor,S001,Smart Home Controller,IoT Devices,Smart Devices,180,7,0.1,1134.0,630,504.0,7,SME,Medical Distributors,29
O001399,2024-01-11,C0053,Customer 053,Thailand,Distributor,M002,Operating Table,Medical Equipment,Medical,18000,1,0.13,15660.0,11000,4660.0,75,Enterprise,Hospital Systems,139
O001400,2024-10-09,C0034,Customer 034,Singapore,Online,S003,Wireless Sensor Node,IoT Devices,Smart Devices,95,6,0.02,558.6,270,288.6,17,Retail,Automotive OEM,169
O001401,2025-01-12,C0188,Customer 188,China,Online,M002,Operating Table,Medical Equipment,Medical,18000,1,0.09,16380.0,11000,5380.0,32,Retail,Technology,117
O001402,2023-01-27,C0160,Customer 160,China,Online,M003,Anesthesia Machine,Medical Equipment,Medical,25000,2,0.06,47000.0,30000,17000.0,76,Retail,Smart Home,110
O001403,2025-09-20,C0020,Customer 020,China,Online,A003,Sensor Processing Unit,Electronics,Autonomous,620,3,0.09,1692.6,1050,642.6,19,SME,Technology,68
O001404,2023-11-30,C0029,Customer 029,Indonesia,Distributor,M002,Operating Table,Medical Equipment,Medical,18000,1,0.04,17280.0,11000,6280.0,81,Retail,Medical Distributors,77
O001405,2024-03-28,C0101,Customer 101,Singapore,Direct Sales,M004,Patient Monitoring Module,Medical Equipment,Medical,8500,1,0.06,7990.0,5000,2990.0,55,Retail,Medical Distributors,57
O001406,2023-06-06,C0181,Customer 181,Indonesia,Distributor,M002,Operating Table,Medical Equipment,Medical,18000,4,0.09,65520.0,44000,21520.0,25,SME,Hospital Systems,133
O001407,2025-09-09,C0166,Customer 166,Singapore,Online,A002,Control Unit Module,Electronics,Autonomous,780,3,0.08,2152.8,1260,892.8,81,SME,Smart Home,151
O001408,2023-10-12,C0044,Customer 044,China,Online,A004,Robotics Motion Controller,Electronics,Autonomous,950,5,0.03,4607.5,2700,1907.5,85,Enterprise,Medical Distributors,111
O001409,2024-09-15,C0192,Customer 192,Indonesia,Direct Sales,M001,Surgical Light System,Medical Equipment,Medical,12000,1,0.05,11400.0,7000,4400.0,20,SME,Technology,115
O001410,2023-10-19,C0173,Customer 173,Malaysia,Distributor,S004,Smart Lock Control Board,IoT Devices,Smart Devices,140,6,0.02,823.2,420,403.2,87,Retail,Hospital Systems,69
O001411,2024-03-05,C0097,Customer 097,Thailand,Direct Sales,M003,Anesthesia Machine,Medical Equipment,Medical,25000,4,0.12,88000.0,60000,28000.0,19,Enterprise,Robotics,7
O001412,2023-08-17,C0104,Customer 104,China,Direct Sales,M002,Operating Table,Medical Equipment,Medical,18000,2,0.08,33120.0,22000,11120.0,57,SME,Consumer Electronics,157
O001413,2025-06-02,C0208,Customer 208,Indonesia,Distributor,M001,Surgical Light System,Medical Equipment,Medical,12000,2,0.04,23040.0,14000,9040.0,22,SME,Automotive OEM,45
O001414,2025-11-17,C0018,Customer 018,Singapore,Direct Sales,S002,Drone Navigation Module,IoT Devices,Smart Devices,320,10,0.04,3072.0,1700,1372.0,35,Retail,Industrial Automation,17
O001415,2024-06-02,C0053,Customer 053,Thailand,Direct Sales,M001,Surgical Light System,Medical Equipment,Medical,12000,1,0.11,10680.0,7000,3680.0,75,Enterprise,Hospital Systems,139
O001416,2023-01-22,C0143,Customer 143,China,Direct Sales,M002,Operating Table,Medical Equipment,Medical,18000,4,0.09,65520.0,44000,21520.0,89,SME,Robotics,122
O001417,2024-02-25,C0010,Customer 010,China,Distributor,S002,Drone Navigation Module,IoT Devices,Smart Devices,320,6,0.05,1824.0,1020,804.0,81,Enterprise,Smart Home,159
O001418,2024-12-20,C0129,Customer 129,Indonesia,Direct Sales,M001,Surgical Light System,Medical Equipment,Medical,12000,1,0.09,10920.0,7000,3920.0,74,Enterprise,Smart Home,174
O001419,2024-07-22,C0010,Customer 010,China,Online,S002,Drone Navigation Module,IoT Devices,Smart Devices,320,4,0.06,1203.2,680,523.2,81,Enterprise,Smart Home,159
O001420,2025-10-22,C0204,Customer 204,Malaysia,Distributor,S004,Smart Lock Control Board,IoT Devices,Smart Devices,140,6,0.08,772.8,420,352.8,30,SME,Smart Home,24
O001421,2023-05-20,C0090,Customer 090,China,Direct Sales,M002,Operating Table,Medical Equipment,Medical,18000,2,0.13,31320.0,22000,9320.0,71,Enterprise,Smart Home,33
O001422,2024-01-28,C0035,Customer 035,China,Distributor,A001,Advanced PCB Board,Electronics,Autonomous,450,8,0.14,3096.0,2000,1096.0,34,Retail,Automotive OEM,136
O001423,2023-01-09,C0178,Customer 178,China,Direct Sales,S004,Smart Lock Control Board,IoT Devices,Smart Devices,140,5,0.11,623.0,350,273.0,85,SME,Smart Home,103
O001424,2025-10-29,C0107,Customer 107,Indonesia,Retail,S004,Smart Lock Control Board,IoT Devices,Smart Devices,140,6,0.06,789.6,420,369.6,36,SME,Robotics,113
O001425,2024-01-15,C0124,Customer 124,Singapore,Direct Sales,A004,Robotics Motion Controller,Electronics,Autonomous,950,5,0.03,4607.5,2700,1907.5,4,Retail,Hospital Systems,64
O001426,2024-12-27,C0015,Customer 015,Singapore,Retail,A003,Sensor Processing Unit,Electronics,Autonomous,620,5,0.04,2976.0,1750,1226.0,69,SME,Automotive OEM,63
O001427,2024-04-11,C0010,Customer 010,China,Direct Sales,A003,Sensor Processing Unit,Electronics,Autonomous,620,2,0.08,1140.8,700,440.8,81,Enterprise,Smart Home,159
O001428,2024-10-05,C0150,Customer 150,China,Retail,M002,Operating Table,Medical Equipment,Medical,18000,2,0.09,32760.0,22000,10760.0,13,Enterprise,Smart Home,50
O001429,2023-10-06,C0106,Customer 106,China,Online,A004,Robotics Motion Controller,Electronics,Autonomous,950,2,0.08,1748.0,1080,668.0,82,Enterprise,Robotics,71
O001430,2023-03-25,C0052,Customer 052,China,Online,M002,Operating Table,Medical Equipment,Medical,18000,2,0.13,31320.0,22000,9320.0,20,Enterprise,Technology,49
O001431,2025-02-27,C0076,Customer 076,Singapore,Retail,A001,Advanced PCB Board,Electronics,Autonomous,450,4,0.07,1674.0,1000,674.0,80,SME,Industrial Automation,40
O001432,2024-09-30,C0010,Customer 010,China,Retail,S003,Wireless Sensor Node,IoT Devices,Smart Devices,95,5,0.05,451.25,225,226.25,81,Enterprise,Smart Home,159
O001433,2025-04-14,C0100,Customer 100,China,Retail,A001,Advanced PCB Board,Electronics,Autonomous,450,5,0.04,2160.0,1250,910.0,19,SME,Robotics,168
O001434,2023-05-23,C0037,Customer 037,Malaysia,Online,A004,Robotics Motion Controller,Electronics,Autonomous,950,6,0.03,5529.0,3240,2289.0,86,SME,Industrial Automation,167
O001435,2025-10-03,C0050,Customer 050,Malaysia,Direct Sales,S003,Wireless Sensor Node,IoT Devices,Smart Devices,95,13,0.07,1148.55,585,563.55,28,SME,Technology,103
O001436,2025-12-06,C0024,Customer 024,Malaysia,Direct Sales,S003,Wireless Sensor Node,IoT Devices,Smart Devices,95,4,0.04,364.8,180,184.8,77,SME,Industrial Automation,17
O001437,2025-03-19,C0216,Customer 216,Thailand,Direct Sales,A003,Sensor Processing Unit,Electronics,Autonomous,620,3,0.08,1711.2,1050,661.2,36,Enterprise,Industrial Automation,3
O001438,2023-12-12,C0037,Customer 037,Malaysia,Online,M002,Operating Table,Medical Equipment,Medical,18000,2,0.1,32400.0,22000,10400.0,86,SME,Industrial Automation,167
O001439,2024-11-24,C0002,Customer 002,Malaysia,Retail,M004,Patient Monitoring Module,Medical Equipment,Medical,8500,3,0.04,24480.0,15000,9480.0,76,SME,Medical Distributors,109
O001440,2025-05-19,C0122,Customer 122,Thailand,Retail,S004,Smart Lock Control Board,IoT Devices,Smart Devices,140,3,0.02,411.6,210,201.6,3,Retail,Technology,139
O001441,2024-07-13,C0034,Customer 034,Singapore,Retail,S003,Wireless Sensor Node,IoT Devices,Smart Devices,95,9,0.03,829.35,405,424.35,17,Retail,Automotive OEM,169
O001442,2025-04-08,C0112,Customer 112,China,Online,A004,Robotics Motion Controller,Electronics,Autonomous,950,7,0.03,6450.5,3780,2670.5,50,Enterprise,Industrial Automation,150
O001443,2025-07-20,C0063,Customer 063,Malaysia,Direct Sales,M002,Operating Table,Medical Equipment,Medical,18000,2,0.05,34200.0,22000,12200.0,45,SME,Automotive OEM,18
O001444,2025-10-15,C0132,Customer 132,Singapore,Distributor,M004,Patient Monitoring Module,Medical Equipment,Medical,8500,1,0.03,8245.0,5000,3245.0,45,Retail,Hospital Systems,137
O001445,2023-04-19,C0050,Customer 050,Malaysia,Retail,M002,Operating Table,Medical Equipment,Medical,18000,2,0.08,33120.0,22000,11120.0,28,SME,Technology,103
O001446,2024-01-02,C0141,Customer 141,Thailand,Online,A003,Sensor Processing Unit,Electronics,Autonomous,620,3,0.03,1804.2,1050,754.2,36,Retail,Consumer Electronics,153
O001447,2023-07-17,C0203,Customer 203,China,Retail,M002,Operating Table,Medical Equipment,Medical,18000,1,0.09,16380.0,11000,5380.0,80,Retail,Hospital Systems,18
O001448,2024-02-18,C0053,Customer 053,Thailand,Retail,A001,Advanced PCB Board,Electronics,Autonomous,450,3,0.06,1269.0,750,519.0,75,Enterprise,Hospital Systems,139
O001449,2024-06-19,C0060,Customer 060,Thailand,Online,S001,Smart Home Controller,IoT Devices,Smart Devices,180,12,0.1,1944.0,1080,864.0,17,Enterprise,Industrial Automation,172
O001450,2023-02-06,C0081,Customer 081,Malaysia,Retail,M001,Surgical Light System,Medical Equipment,Medical,12000,2,0.17,19920.0,14000,5920.0,52,Enterprise,Robotics,85
O001451,2023-09-01,C0041,Customer 041,Singapore,Retail,A003,Sensor Processing Unit,Electronics,Autonomous,620,4,0.05,2356.0,1400,956.0,43,Enterprise,Hospital Systems,19
O001452,2025-02-09,C0020,Customer 020,China,Retail,A004,Robotics Motion Controller,Electronics,Autonomous,950,3,0.02,2793.0,1620,1173.0,19,SME,Technology,68
O001453,2023-12-29,C0058,Customer 058,Singapore,Online,S001,Smart Home Controller,IoT Devices,Smart Devices,180,3,0.11,480.6,270,210.6,85,SME,Industrial Automation,150
O001454,2023-12-03,C0077,Customer 077,Malaysia,Retail,A004,Robotics Motion Controller,Electronics,Autonomous,950,4,0.03,3686.0,2160,1526.0,53,Retail,Automotive OEM,7
O001455,2025-03-07,C0154,Customer 154,Singapore,Direct Sales,A004,Robotics Motion Controller,Electronics,Autonomous,950,6,0.07,5301.0,3240,2061.0,61,Retail,Smart Home,123
O001456,2025-10-01,C0066,Customer 066,Thailand,Retail,S003,Wireless Sensor Node,IoT Devices,Smart Devices,95,7,0.04,638.4,315,323.4,18,Retail,Medical Distributors,68
O001457,2023-11-17,C0100,Customer 100,China,Direct Sales,S001,Smart Home Controller,IoT Devices,Smart Devices,180,8,0.07,1339.2,720,619.2,19,SME,Robotics,168
O001458,2025-10-10,C0173,Customer 173,Malaysia,Retail,S002,Drone Navigation Module,IoT Devices,Smart Devices,320,8,0.05,2432.0,1360,1072.0,87,Retail,Hospital Systems,69
O001459,2024-12-23,C0049,Customer 049,Indonesia,Online,A001,Advanced PCB Board,Electronics,Autonomous,450,5,0.02,2205.0,1250,955.0,12,Enterprise,Hospital Systems,61
O001460,2023-04-03,C0162,Customer 162,Malaysia,Online,M003,Anesthesia Machine,Medical Equipment,Medical,25000,4,0.05,95000.0,60000,35000.0,85,SME,Smart Home,21
O001461,2023-02-25,C0178,Customer 178,China,Online,S003,Wireless Sensor Node,IoT Devices,Smart Devices,95,9,0.06,803.7,405,398.7,85,SME,Smart Home,103
O001462,2025-05-26,C0046,Customer 046,Singapore,Online,A002,Control Unit Module,Electronics,Autonomous,780,6,0.05,4446.0,2520,1926.0,14,Enterprise,Consumer Electronics,64
O001463,2023-04-26,C0155,Customer 155,China,Distributor,S003,Wireless Sensor Node,IoT Devices,Smart Devices,95,12,0.05,1083.0,540,543.0,33,Enterprise,Hospital Systems,123
O001464,2024-10-01,C0033,Customer 033,Singapore,Direct Sales,S002,Drone Navigation Module,IoT Devices,Smart Devices,320,9,0.11,2563.2,1530,1033.2,11,Enterprise,Medical Distributors,125
O001465,2023-05-15,C0211,Customer 211,Thailand,Direct Sales,A001,Advanced PCB Board,Electronics,Autonomous,450,11,0.05,4702.5,2750,1952.5,60,SME,Hospital Systems,74
O001466,2023-02-10,C0038,Customer 038,Thailand,Online,S001,Smart Home Controller,IoT Devices,Smart Devices,180,9,0.03,1571.4,810,761.4,16,SME,Technology,64
O001467,2025-05-15,C0038,Customer 038,Thailand,Retail,S002,Drone Navigation Module,IoT Devices,Smart Devices,320,5,0.05,1520.0,850,670.0,16,SME,Technology,64
O001468,2025-08-19,C0081,Customer 081,Malaysia,Direct Sales,S002,Drone Navigation Module,IoT Devices,Smart Devices,320,8,0.12,2252.8,1360,892.8,52,Enterprise,Robotics,85
O001469,2025-02-12,C0196,Customer 196,Thailand,Retail,S002,Drone Navigation Module,IoT Devices,Smart Devices,320,8,0.06,2406.4,1360,1046.4,50,SME,Industrial Automation,170
O001470,2023-07-20,C0199,Customer 199,Indonesia,Direct Sales,A004,Robotics Motion Controller,Electronics,Autonomous,950,4,0.08,3496.0,2160,1336.0,93,Retail,Hospital Systems,37
O001471,2024-02-26,C0011,Customer 011,Thailand,Retail,A002,Control Unit Module,Electronics,Autonomous,780,2,0.06,1466.4,840,626.4,6,SME,Medical Distributors,170
O001472,2024-11-26,C0035,Customer 035,China,Online,M003,Anesthesia Machine,Medical Equipment,Medical,25000,1,0.06,23500.0,15000,8500.0,34,Retail,Automotive OEM,136
O001473,2025-06-11,C0083,Customer 083,Indonesia,Retail,M004,Patient Monitoring Module,Medical Equipment,Medical,8500,1,0.07,7905.0,5000,2905.0,4,SME,Consumer Electronics,30
O001474,2023-06-04,C0003,Customer 003,Singapore,Distributor,S001,Smart Home Controller,IoT Devices,Smart Devices,180,6,0.06,1015.2,540,475.2,30,Enterprise,Robotics,130
O001475,2023-04-08,C0107,Customer 107,Indonesia,Retail,A001,Advanced PCB Board,Electronics,Autonomous,450,3,0.08,1242.0,750,492.0,36,SME,Robotics,113
O001476,2023-07-08,C0122,Customer 122,Thailand,Direct Sales,S004,Smart Lock Control Board,IoT Devices,Smart Devices,140,6,0.05,798.0,420,378.0,3,Retail,Technology,139
O001477,2024-07-13,C0183,Customer 183,Singapore,Retail,M002,Operating Table,Medical Equipment,Medical,18000,3,0.12,47520.0,33000,14520.0,37,Enterprise,Automotive OEM,113
O001478,2024-12-12,C0059,Customer 059,Indonesia,Online,M002,Operating Table,Medical Equipment,Medical,18000,1,0.07,16740.0,11000,5740.0,27,SME,Smart Home,172
O001479,2024-09-06,C0168,Customer 168,Thailand,Online,A003,Sensor Processing Unit,Electronics,Autonomous,620,2,0.04,1190.4,700,490.4,8,Retail,Medical Distributors,43
O001480,2025-04-03,C0078,Customer 078,Malaysia,Retail,A001,Advanced PCB Board,Electronics,Autonomous,450,9,0.07,3766.5,2250,1516.5,53,SME,Consumer Electronics,172
O001481,2024-01-05,C0163,Customer 163,Malaysia,Distributor,M001,Surgical Light System,Medical Equipment,Medical,12000,2,0.14,20640.0,14000,6640.0,21,Enterprise,Medical Distributors,1
O001482,2024-03-12,C0078,Customer 078,Malaysia,Retail,S003,Wireless Sensor Node,IoT Devices,Smart Devices,95,4,0.05,361.0,180,181.0,53,SME,Consumer Electronics,172
O001483,2025-12-27,C0121,Customer 121,China,Retail,S002,Drone Navigation Module,IoT Devices,Smart Devices,320,4,0.11,1139.2,680,459.2,36,Enterprise,Industrial Automation,108
O001484,2023-05-03,C0008,Customer 008,Singapore,Distributor,S001,Smart Home Controller,IoT Devices,Smart Devices,180,6,0.06,1015.2,540,475.2,45,SME,Consumer Electronics,155
O001485,2023-10-30,C0048,Customer 048,Malaysia,Distributor,M004,Patient Monitoring Module,Medical Equipment,Medical,8500,1,0.15,7225.0,5000,2225.0,10,Enterprise,Robotics,114
O001486,2024-09-06,C0040,Customer 040,Malaysia,Retail,A003,Sensor Processing Unit,Electronics,Autonomous,620,2,0.05,1178.0,700,478.0,10,SME,Hospital Systems,162
O001487,2023-05-12,C0022,Customer 022,China,Distributor,S003,Wireless Sensor Node,IoT Devices,Smart Devices,95,12,0.07,1060.2,540,520.2,47,Retail,Industrial Automation,57
O001488,2024-06-30,C0183,Customer 183,Singapore,Distributor,A001,Advanced PCB Board,Electronics,Autonomous,450,4,0.08,1656.0,1000,656.0,37,Enterprise,Automotive OEM,113
O001489,2024-04-28,C0161,Customer 161,Thailand,Distributor,A003,Sensor Processing Unit,Electronics,Autonomous,620,3,0.06,1748.4,1050,698.4,79,SME,Hospital Systems,26
O001490,2024-01-29,C0013,Customer 013,China,Distributor,M001,Surgical Light System,Medical Equipment,Medical,12000,1,0.16,10080.0,7000,3080.0,21,Enterprise,Consumer Electronics,95
O001491,2024-09-27,C0219,Customer 219,Malaysia,Retail,A004,Robotics Motion Controller,Electronics,Autonomous,950,6,0.06,5358.0,3240,2118.0,87,SME,Smart Home,169
O001492,2025-06-12,C0195,Customer 195,Malaysia,Direct Sales,A003,Sensor Processing Unit,Electronics,Autonomous,620,7,0.04,4166.4,2450,1716.4,53,SME,Robotics,12
O001493,2024-07-12,C0166,Customer 166,Singapore,Direct Sales,M003,Anesthesia Machine,Medical Equipment,Medical,25000,2,0.05,47500.0,30000,17500.0,81,SME,Smart Home,151
O001494,2024-07-22,C0109,Customer 109,Thailand,Distributor,S003,Wireless Sensor Node,IoT Devices,Smart Devices,95,5,0.05,451.25,225,226.25,18,Retail,Medical Distributors,39
O001495,2023-03-28,C0184,Customer 184,China,Retail,S004,Smart Lock Control Board,IoT Devices,Smart Devices,140,8,0.1,1008.0,560,448.0,91,Enterprise,Robotics,41
O001496,2023-04-24,C0118,Customer 118,Indonesia,Online,M002,Operating Table,Medical Equipment,Medical,18000,3,0.14,46440.0,33000,13440.0,76,Enterprise,Industrial Automation,145
O001497,2023-05-11,C0015,Customer 015,Singapore,Online,A003,Sensor Processing Unit,Electronics,Autonomous,620,6,0.07,3459.6,2100,1359.6,69,SME,Automotive OEM,63
O001498,2023-07-04,C0202,Customer 202,Thailand,Distributor,A003,Sensor Processing Unit,Electronics,Autonomous,620,4,0.07,2306.4,1400,906.4,41,Retail,Industrial Automation,161
O001499,2025-10-21,C0197,Customer 197,Malaysia,Online,M002,Operating Table,Medical Equipment,Medical,18000,4,0.06,67680.0,44000,23680.0,17,SME,Hospital Systems,129
O001500,2023-07-04,C0076,Customer 076,Singapore,Direct Sales,M004,Patient Monitoring Module,Medical Equipment,Medical,8500,1,0.08,7820.0,5000,2820.0,80,SME,Industrial Automation,40
O001501,2024-10-03,C0052,Customer 052,China,Retail,A002,Control Unit Module,Electronics,Autonomous,780,6,0.08,4305.6,2520,1785.6,20,Enterprise,Technology,49
O001502,2024-04-28,C0051,Customer 051,Singapore,Distributor,A003,Sensor Processing Unit,Electronics,Autonomous,620,6,0.06,3496.8,2100,1396.8,50,Enterprise,Hospital Systems,68
O001503,2023-12-25,C0193,Customer 193,Indonesia,Online,M004,Patient Monitoring Module,Medical Equipment,Medical,8500,3,0.06,23970.0,15000,8970.0,71,SME,Consumer Electronics,140
O001504,2024-06-04,C0201,Customer 201,Thailand,Direct Sales,S002,Drone Navigation Module,IoT Devices,Smart Devices,320,6,0.07,1785.6,1020,765.6,84,Enterprise,Industrial Automation,21
O001505,2025-02-06,C0030,Customer 030,Indonesia,Direct Sales,S004,Smart Lock Control Board,IoT Devices,Smart Devices,140,9,0.06,1184.4,630,554.4,48,SME,Automotive OEM,42
O001506,2025-05-17,C0056,Customer 056,Singapore,Distributor,A004,Robotics Motion Controller,Electronics,Autonomous,950,3,0.15,2422.5,1620,802.5,77,Retail,Medical Distributors,18
O001507,2023-10-24,C0211,Customer 211,Thailand,Retail,A002,Control Unit Module,Electronics,Autonomous,780,4,0.08,2870.4,1680,1190.4,60,SME,Hospital Systems,74
O001508,2024-09-23,C0209,Customer 209,Singapore,Direct Sales,M001,Surgical Light System,Medical Equipment,Medical,12000,2,0.09,21840.0,14000,7840.0,80,SME,Industrial Automation,175
O001509,2023-04-22,C0131,Customer 131,Malaysia,Distributor,S004,Smart Lock Control Board,IoT Devices,Smart Devices,140,7,0.05,931.0,490,441.0,88,Enterprise,Smart Home,154
O001510,2025-02-26,C0008,Customer 008,Singapore,Online,A001,Advanced PCB Board,Electronics,Autonomous,450,7,0.09,2866.5,1750,1116.5,45,SME,Consumer Electronics,155
O001511,2023-09-07,C0055,Customer 055,China,Distributor,S001,Smart Home Controller,IoT Devices,Smart Devices,180,10,0.11,1602.0,900,702.0,8,SME,Automotive OEM,131
O001512,2025-03-06,C0220,Customer 220,Malaysia,Retail,M001,Surgical Light System,Medical Equipment,Medical,12000,3,0.09,32760.0,21000,11760.0,40,SME,Hospital Systems,113
O001513,2024-06-07,C0167,Customer 167,Malaysia,Direct Sales,A001,Advanced PCB Board,Electronics,Autonomous,450,5,0.09,2047.5,1250,797.5,83,SME,Robotics,39
O001514,2024-04-27,C0204,Customer 204,Malaysia,Distributor,A001,Advanced PCB Board,Electronics,Autonomous,450,2,0.14,774.0,500,274.0,30,SME,Smart Home,24
O001515,2023-11-25,C0076,Customer 076,Singapore,Online,A004,Robotics Motion Controller,Electronics,Autonomous,950,6,0.09,5187.0,3240,1947.0,80,SME,Industrial Automation,40
O001516,2025-04-12,C0007,Customer 007,Thailand,Online,M001,Surgical Light System,Medical Equipment,Medical,12000,2,0.17,19920.0,14000,5920.0,44,Enterprise,Robotics,27
O001517,2025-10-03,C0151,Customer 151,Thailand,Retail,A004,Robotics Motion Controller,Electronics,Autonomous,950,5,0.09,4322.5,2700,1622.5,39,Enterprise,Automotive OEM,4
O001518,2024-11-12,C0024,Customer 024,Malaysia,Retail,S004,Smart Lock Control Board,IoT Devices,Smart Devices,140,4,0.11,498.4,280,218.4,77,SME,Industrial Automation,17
O001519,2023-07-25,C0188,Customer 188,China,Online,M003,Anesthesia Machine,Medical Equipment,Medical,25000,1,0.07,23250.0,15000,8250.0,32,Retail,Technology,117
O001520,2024-12-21,C0081,Customer 081,Malaysia,Online,A003,Sensor Processing Unit,Electronics,Autonomous,620,6,0.06,3496.8,2100,1396.8,52,Enterprise,Robotics,85
O001521,2023-02-26,C0114,Customer 114,Thailand,Distributor,M001,Surgical Light System,Medical Equipment,Medical,12000,2,0.14,20640.0,14000,6640.0,54,Enterprise,Industrial Automation,138
O001522,2023-10-06,C0055,Customer 055,China,Retail,M001,Surgical Light System,Medical Equipment,Medical,12000,2,0.04,23040.0,14000,9040.0,8,SME,Automotive OEM,131
O001523,2024-09-17,C0213,Customer 213,Thailand,Direct Sales,A002,Control Unit Module,Electronics,Autonomous,780,8,0.03,6052.8,3360,2692.8,89,SME,Industrial Automation,65
O001524,2024-05-26,C0139,Customer 139,Indonesia,Distributor,S001,Smart Home Controller,IoT Devices,Smart Devices,180,9,0.11,1441.8,810,631.8,44,SME,Industrial Automation,8
O001525,2025-04-20,C0150,Customer 150,China,Retail,A002,Control Unit Module,Electronics,Autonomous,780,3,0.06,2199.6,1260,939.6,13,Enterprise,Smart Home,50
O001526,2023-10-01,C0089,Customer 089,Singapore,Distributor,A001,Advanced PCB Board,Electronics,Autonomous,450,3,0.12,1188.0,750,438.0,65,SME,Smart Home,80
O001527,2024-11-01,C0107,Customer 107,Indonesia,Distributor,A001,Advanced PCB Board,Electronics,Autonomous,450,8,0.06,3384.0,2000,1384.0,36,SME,Robotics,113
O001528,2025-01-22,C0192,Customer 192,Indonesia,Retail,M003,Anesthesia Machine,Medical Equipment,Medical,25000,3,0.09,68250.0,45000,23250.0,20,SME,Technology,115
O001529,2024-04-04,C0015,Customer 015,Singapore,Direct Sales,M001,Surgical Light System,Medical Equipment,Medical,12000,2,0.09,21840.0,14000,7840.0,69,SME,Automotive OEM,63
O001530,2024-04-13,C0050,Customer 050,Malaysia,Retail,M002,Operating Table,Medical Equipment,Medical,18000,3,0.04,51840.0,33000,18840.0,28,SME,Technology,103
O001531,2023-12-12,C0060,Customer 060,Thailand,Retail,M001,Surgical Light System,Medical Equipment,Medical,12000,4,0.14,41280.0,28000,13280.0,17,Enterprise,Industrial Automation,172
O001532,2024-06-16,C0047,Customer 047,Malaysia,Direct Sales,M003,Anesthesia Machine,Medical Equipment,Medical,25000,1,0.18,20500.0,15000,5500.0,18,Enterprise,Technology,109
O001533,2023-12-15,C0214,Customer 214,China,Direct Sales,S002,Drone Navigation Module,IoT Devices,Smart Devices,320,6,0.0,1920.0,1020,900.0,50,Retail,Robotics,124
O001534,2025-12-12,C0109,Customer 109,Thailand,Retail,A003,Sensor Processing Unit,Electronics,Autonomous,620,6,0.09,3385.2,2100,1285.2,18,Retail,Medical Distributors,39
O001535,2025-10-09,C0145,Customer 145,Malaysia,Distributor,M002,Operating Table,Medical Equipment,Medical,18000,2,0.08,33120.0,22000,11120.0,40,SME,Robotics,170
O001536,2024-01-26,C0113,Customer 113,Singapore,Online,A001,Advanced PCB Board,Electronics,Autonomous,450,4,0.08,1656.0,1000,656.0,62,Retail,Industrial Automation,2
O001537,2025-02-21,C0189,Customer 189,Indonesia,Retail,M003,Anesthesia Machine,Medical Equipment,Medical,25000,2,0.17,41500.0,30000,11500.0,77,Enterprise,Robotics,131
O001538,2024-03-17,C0187,Customer 187,China,Distributor,A001,Advanced PCB Board,Electronics,Autonomous,450,1,0.09,409.5,250,159.5,66,Retail,Smart Home,70
O001539,2025-04-16,C0082,Customer 082,Thailand,Direct Sales,M003,Anesthesia Machine,Medical Equipment,Medical,25000,3,0.05,71250.0,45000,26250.0,45,Retail,Smart Home,165
O001540,2024-06-20,C0050,Customer 050,Malaysia,Retail,M004,Patient Monitoring Module,Medical Equipment,Medical,8500,2,0.09,15470.0,10000,5470.0,28,SME,Technology,103
O001541,2025-01-27,C0054,Customer 054,Singapore,Retail,S002,Drone Navigation Module,IoT Devices,Smart Devices,320,4,0.04,1228.8,680,548.8,7,SME,Hospital Systems,150
O001542,2025-08-18,C0047,Customer 047,Malaysia,Online,M003,Anesthesia Machine,Medical Equipment,Medical,25000,2,0.18,41000.0,30000,11000.0,18,Enterprise,Technology,109
O001543,2025-03-25,C0081,Customer 081,Malaysia,Distributor,S003,Wireless Sensor Node,IoT Devices,Smart Devices,95,9,0.09,778.05,405,373.05,52,Enterprise,Robotics,85
O001544,2025-05-16,C0186,Customer 186,Singapore,Online,S004,Smart Lock Control Board,IoT Devices,Smart Devices,140,9,0.04,1209.6,630,579.6,83,SME,Medical Distributors,40
O001545,2023-05-01,C0215,Customer 215,Singapore,Online,M001,Surgical Light System,Medical Equipment,Medical,12000,2,0.17,19920.0,14000,5920.0,74,Enterprise,Consumer Electronics,76
O001546,2025-08-22,C0003,Customer 003,Singapore,Direct Sales,A002,Control Unit Module,Electronics,Autonomous,780,6,0.02,4586.4,2520,2066.4,30,Enterprise,Robotics,130
O001547,2025-10-30,C0196,Customer 196,Thailand,Retail,S002,Drone Navigation Module,IoT Devices,Smart Devices,320,7,0.06,2105.6,1190,915.6,50,SME,Industrial Automation,170
O001548,2025-03-19,C0086,Customer 086,Indonesia,Online,S003,Wireless Sensor Node,IoT Devices,Smart Devices,95,7,0.04,638.4,315,323.4,33,Enterprise,Robotics,12
O001549,2023-03-26,C0133,Customer 133,China,Distributor,S002,Drone Navigation Module,IoT Devices,Smart Devices,320,5,0.05,1520.0,850,670.0,65,SME,Medical Distributors,166
O001550,2025-10-28,C0172,Customer 172,China,Online,A004,Robotics Motion Controller,Electronics,Autonomous,950,7,0.09,6051.5,3780,2271.5,4,SME,Smart Home,24
O001551,2023-09-28,C0034,Customer 034,Singapore,Online,M002,Operating Table,Medical Equipment,Medical,18000,2,0.08,33120.0,22000,11120.0,17,Retail,Automotive OEM,169
O001552,2025-06-05,C0036,Customer 036,Indonesia,Online,M003,Anesthesia Machine,Medical Equipment,Medical,25000,2,0.04,48000.0,30000,18000.0,70,SME,Robotics,177
O001553,2023-04-01,C0066,Customer 066,Thailand,Retail,M003,Anesthesia Machine,Medical Equipment,Medical,25000,5,0.09,113750.0,75000,38750.0,18,Retail,Medical Distributors,68
O001554,2024-07-29,C0200,Customer 200,China,Online,S004,Smart Lock Control Board,IoT Devices,Smart Devices,140,5,0.07,651.0,350,301.0,10,Retail,Automotive OEM,121
O001555,2024-08-02,C0155,Customer 155,China,Online,A001,Advanced PCB Board,Electronics,Autonomous,450,8,0.06,3384.0,2000,1384.0,33,Enterprise,Hospital Systems,123
O001556,2025-06-11,C0154,Customer 154,Singapore,Online,M003,Anesthesia Machine,Medical Equipment,Medical,25000,1,0.08,23000.0,15000,8000.0,61,Retail,Smart Home,123
O001557,2025-10-03,C0059,Customer 059,Indonesia,Retail,M003,Anesthesia Machine,Medical Equipment,Medical,25000,1,0.03,24250.0,15000,9250.0,27,SME,Smart Home,172
O001558,2023-11-01,C0007,Customer 007,Thailand,Distributor,M001,Surgical Light System,Medical Equipment,Medical,12000,3,0.1,32400.0,21000,11400.0,44,Enterprise,Robotics,27
O001559,2025-08-21,C0073,Customer 073,Malaysia,Distributor,A001,Advanced PCB Board,Electronics,Autonomous,450,8,0.12,3168.0,2000,1168.0,75,SME,Consumer Electronics,142
O001560,2025-06-12,C0145,Customer 145,Malaysia,Retail,M002,Operating Table,Medical Equipment,Medical,18000,2,0.03,34920.0,22000,12920.0,40,SME,Robotics,170
O001561,2024-12-31,C0082,Customer 082,Thailand,Retail,S004,Smart Lock Control Board,IoT Devices,Smart Devices,140,8,0.04,1075.2,560,515.2,45,Retail,Smart Home,165
O001562,2023-08-19,C0213,Customer 213,Thailand,Distributor,S004,Smart Lock Control Board,IoT Devices,Smart Devices,140,5,0.04,672.0,350,322.0,89,SME,Industrial Automation,65
O001563,2023-07-11,C0139,Customer 139,Indonesia,Online,M004,Patient Monitoring Module,Medical Equipment,Medical,8500,2,0.04,16320.0,10000,6320.0,44,SME,Industrial Automation,8
O001564,2023-12-11,C0086,Customer 086,Indonesia,Online,S004,Smart Lock Control Board,IoT Devices,Smart Devices,140,7,0.08,901.6,490,411.6,33,Enterprise,Robotics,12
O001565,2024-03-10,C0048,Customer 048,Malaysia,Direct Sales,S002,Drone Navigation Module,IoT Devices,Smart Devices,320,11,0.08,3238.4,1870,1368.4,10,Enterprise,Robotics,114
O001566,2024-01-05,C0029,Customer 029,Indonesia,Direct Sales,A003,Sensor Processing Unit,Electronics,Autonomous,620,4,0.04,2380.8,1400,980.8,81,Retail,Medical Distributors,77
O001567,2025-10-17,C0216,Customer 216,Thailand,Direct Sales,S003,Wireless Sensor Node,IoT Devices,Smart Devices,95,4,0.11,338.2,180,158.2,36,Enterprise,Industrial Automation,3
O001568,2023-02-23,C0091,Customer 091,Malaysia,Direct Sales,A001,Advanced PCB Board,Electronics,Autonomous,450,2,0.05,855.0,500,355.0,87,SME,Industrial Automation,45
O001569,2023-08-06,C0123,Customer 123,Singapore,Distributor,A002,Control Unit Module,Electronics,Autonomous,780,7,0.05,5187.0,2940,2247.0,29,Retail,Consumer Electronics,167
O001570,2025-07-31,C0043,Customer 043,Malaysia,Retail,S004,Smart Lock Control Board,IoT Devices,Smart Devices,140,7,0.07,911.4,490,421.4,32,SME,Technology,122
O001571,2024-07-05,C0198,Customer 198,Indonesia,Direct Sales,S002,Drone Navigation Module,IoT Devices,Smart Devices,320,7,0.06,2105.6,1190,915.6,57,Enterprise,Medical Distributors,26
O001572,2023-03-31,C0126,Customer 126,China,Retail,S003,Wireless Sensor Node,IoT Devices,Smart Devices,95,10,0.06,893.0,450,443.0,60,SME,Robotics,180
O001573,2023-09-22,C0094,Customer 094,Thailand,Direct Sales,M004,Patient Monitoring Module,Medical Equipment,Medical,8500,1,0.09,7735.0,5000,2735.0,87,SME,Technology,55
O001574,2024-08-02,C0163,Customer 163,Malaysia,Direct Sales,A002,Control Unit Module,Electronics,Autonomous,780,5,0.08,3588.0,2100,1488.0,21,Enterprise,Medical Distributors,1
O001575,2025-02-20,C0197,Customer 197,Malaysia,Retail,M002,Operating Table,Medical Equipment,Medical,18000,3,0.05,51300.0,33000,18300.0,17,SME,Hospital Systems,129
O001576,2024-05-06,C0097,Customer 097,Thailand,Direct Sales,A003,Sensor Processing Unit,Electronics,Autonomous,620,5,0.02,3038.0,1750,1288.0,19,Enterprise,Robotics,7
O001577,2024-03-02,C0014,Customer 014,Thailand,Retail,M003,Anesthesia Machine,Medical Equipment,Medical,25000,1,0.16,21000.0,15000,6000.0,90,Enterprise,Smart Home,175
O001578,2024-08-06,C0108,Customer 108,Singapore,Distributor,S003,Wireless Sensor Node,IoT Devices,Smart Devices,95,11,0.04,1003.2,495,508.2,35,SME,Robotics,86
O001579,2025-10-02,C0036,Customer 036,Indonesia,Online,A003,Sensor Processing Unit,Electronics,Autonomous,620,7,0.09,3949.4,2450,1499.4,70,SME,Robotics,177
O001580,2023-09-26,C0146,Customer 146,Indonesia,Direct Sales,A002,Control Unit Module,Electronics,Autonomous,780,8,0.09,5678.4,3360,2318.4,55,SME,Consumer Electronics,141
O001581,2025-11-15,C0194,Customer 194,China,Retail,M004,Patient Monitoring Module,Medical Equipment,Medical,8500,1,0.06,7990.0,5000,2990.0,25,SME,Consumer Electronics,179
O001582,2025-03-05,C0091,Customer 091,Malaysia,Online,A004,Robotics Motion Controller,Electronics,Autonomous,950,6,0.07,5301.0,3240,2061.0,87,SME,Industrial Automation,45
O001583,2025-05-16,C0124,Customer 124,Singapore,Retail,M002,Operating Table,Medical Equipment,Medical,18000,1,0.09,16380.0,11000,5380.0,4,Retail,Hospital Systems,64
O001584,2024-01-17,C0085,Customer 085,Indonesia,Retail,A003,Sensor Processing Unit,Electronics,Autonomous,620,4,0.03,2405.6,1400,1005.6,56,SME,Consumer Electronics,156
O001585,2025-11-17,C0169,Customer 169,Thailand,Retail,A002,Control Unit Module,Electronics,Autonomous,780,2,0.07,1450.8,840,610.8,57,SME,Smart Home,32
O001586,2023-11-14,C0149,Customer 149,Indonesia,Direct Sales,A004,Robotics Motion Controller,Electronics,Autonomous,950,6,0.04,5472.0,3240,2232.0,25,Retail,Automotive OEM,56
O001587,2025-06-14,C0033,Customer 033,Singapore,Retail,M002,Operating Table,Medical Equipment,Medical,18000,2,0.11,32040.0,22000,10040.0,11,Enterprise,Medical Distributors,125
O001588,2023-09-19,C0019,Customer 019,Malaysia,Online,S003,Wireless Sensor Node,IoT Devices,Smart Devices,95,9,0.07,795.15,405,390.15,28,Retail,Consumer Electronics,168
O001589,2025-12-07,C0179,Customer 179,Indonesia,Online,A003,Sensor Processing Unit,Electronics,Autonomous,620,5,0.07,2883.0,1750,1133.0,41,Enterprise,Medical Distributors,65
O001590,2023-06-06,C0164,Customer 164,China,Direct Sales,M001,Surgical Light System,Medical Equipment,Medical,12000,1,0.07,11160.0,7000,4160.0,38,SME,Technology,9
O001591,2025-04-25,C0058,Customer 058,Singapore,Retail,M002,Operating Table,Medical Equipment,Medical,18000,1,0.08,16560.0,11000,5560.0,85,SME,Industrial Automation,150
O001592,2024-06-02,C0107,Customer 107,Indonesia,Online,A002,Control Unit Module,Electronics,Autonomous,780,6,0.07,4352.4,2520,1832.4,36,SME,Robotics,113
O001593,2025-10-28,C0131,Customer 131,Malaysia,Direct Sales,M001,Surgical Light System,Medical Equipment,Medical,12000,3,0.15,30600.0,21000,9600.0,88,Enterprise,Smart Home,154
O001594,2025-08-05,C0035,Customer 035,China,Distributor,M003,Anesthesia Machine,Medical Equipment,Medical,25000,2,0.09,45500.0,30000,15500.0,34,Retail,Automotive OEM,136
O001595,2023-04-03,C0194,Customer 194,China,Retail,M002,Operating Table,Medical Equipment,Medical,18000,2,0.09,32760.0,22000,10760.0,25,SME,Consumer Electronics,179
O001596,2024-09-01,C0009,Customer 009,Thailand,Retail,A002,Control Unit Module,Electronics,Autonomous,780,7,0.08,5023.2,2940,2083.2,69,Retail,Technology,32
O001597,2025-07-10,C0052,Customer 052,China,Online,S002,Drone Navigation Module,IoT Devices,Smart Devices,320,11,0.06,3308.8,1870,1438.8,20,Enterprise,Technology,49
O001598,2024-01-19,C0161,Customer 161,Thailand,Distributor,M004,Patient Monitoring Module,Medical Equipment,Medical,8500,3,0.04,24480.0,15000,9480.0,79,SME,Hospital Systems,26
O001599,2024-06-15,C0024,Customer 024,Malaysia,Direct Sales,S003,Wireless Sensor Node,IoT Devices,Smart Devices,95,9,0.07,795.15,405,390.15,77,SME,Industrial Automation,17
O001600,2023-02-06,C0024,Customer 024,Malaysia,Retail,M001,Surgical Light System,Medical Equipment,Medical,12000,2,0.04,23040.0,14000,9040.0,77,SME,Industrial Automation,17
O001601,2023-12-18,C0115,Customer 115,Indonesia,Retail,S003,Wireless Sensor Node,IoT Devices,Smart Devices,95,7,0.04,638.4,315,323.4,63,Retail,Robotics,57
O001602,2025-04-09,C0079,Customer 079,Malaysia,Retail,S003,Wireless Sensor Node,IoT Devices,Smart Devices,95,5,0.06,446.5,225,221.5,49,Enterprise,Medical Distributors,10
O001603,2025-01-08,C0152,Customer 152,Indonesia,Retail,S004,Smart Lock Control Board,IoT Devices,Smart Devices,140,9,0.1,1134.0,630,504.0,7,Enterprise,Hospital Systems,142
O001604,2023-06-29,C0110,Customer 110,Malaysia,Distributor,M003,Anesthesia Machine,Medical Equipment,Medical,25000,3,0.03,72750.0,45000,27750.0,91,SME,Automotive OEM,55
O001605,2023-08-18,C0156,Customer 156,Singapore,Distributor,M001,Surgical Light System,Medical Equipment,Medical,12000,1,0.09,10920.0,7000,3920.0,63,Retail,Industrial Automation,19
O001606,2024-03-04,C0175,Customer 175,China,Distributor,A004,Robotics Motion Controller,Electronics,Autonomous,950,5,0.11,4227.5,2700,1527.5,75,Retail,Automotive OEM,112
O001607,2025-06-11,C0194,Customer 194,China,Distributor,S003,Wireless Sensor Node,IoT Devices,Smart Devices,95,7,0.04,638.4,315,323.4,25,SME,Consumer Electronics,179
O001608,2025-08-07,C0034,Customer 034,Singapore,Retail,M003,Anesthesia Machine,Medical Equipment,Medical,25000,2,0.06,47000.0,30000,17000.0,17,Retail,Automotive OEM,169
O001609,2023-08-27,C0156,Customer 156,Singapore,Distributor,M003,Anesthesia Machine,Medical Equipment,Medical,25000,3,0.08,69000.0,45000,24000.0,63,Retail,Industrial Automation,19
O001610,2025-06-30,C0045,Customer 045,Thailand,Retail,A004,Robotics Motion Controller,Electronics,Autonomous,950,5,0.02,4655.0,2700,1955.0,94,SME,Technology,14
O001611,2025-07-09,C0152,Customer 152,Indonesia,Distributor,S002,Drone Navigation Module,IoT Devices,Smart Devices,320,2,0.05,608.0,340,268.0,7,Enterprise,Hospital Systems,142
O001612,2025-03-13,C0129,Customer 129,Indonesia,Online,M001,Surgical Light System,Medical Equipment,Medical,12000,2,0.08,22080.0,14000,8080.0,74,Enterprise,Smart Home,174
O001613,2025-06-03,C0155,Customer 155,China,Retail,A003,Sensor Processing Unit,Electronics,Autonomous,620,4,0.08,2281.6,1400,881.6,33,Enterprise,Hospital Systems,123
O001614,2024-08-18,C0143,Customer 143,China,Retail,M001,Surgical Light System,Medical Equipment,Medical,12000,2,0.06,22560.0,14000,8560.0,89,SME,Robotics,122
O001615,2025-11-17,C0078,Customer 078,Malaysia,Retail,S002,Drone Navigation Module,IoT Devices,Smart Devices,320,5,0.05,1520.0,850,670.0,53,SME,Consumer Electronics,172
O001616,2023-05-05,C0218,Customer 218,Thailand,Direct Sales,S001,Smart Home Controller,IoT Devices,Smart Devices,180,10,0.03,1746.0,900,846.0,78,Retail,Robotics,91
O001617,2024-10-08,C0124,Customer 124,Singapore,Direct Sales,S001,Smart Home Controller,IoT Devices,Smart Devices,180,11,0.02,1940.4,990,950.4,4,Retail,Hospital Systems,64
O001618,2025-05-04,C0105,Customer 105,Indonesia,Direct Sales,A004,Robotics Motion Controller,Electronics,Autonomous,950,4,0.06,3572.0,2160,1412.0,21,SME,Technology,122
O001619,2024-12-11,C0047,Customer 047,Malaysia,Retail,A004,Robotics Motion Controller,Electronics,Autonomous,950,6,0.02,5586.0,3240,2346.0,18,Enterprise,Technology,109
O001620,2024-08-12,C0105,Customer 105,Indonesia,Distributor,S004,Smart Lock Control Board,IoT Devices,Smart Devices,140,11,0.07,1432.2,770,662.2,21,SME,Technology,122
O001621,2025-06-16,C0014,Customer 014,Thailand,Distributor,M004,Patient Monitoring Module,Medical Equipment,Medical,8500,2,0.14,14620.0,10000,4620.0,90,Enterprise,Smart Home,175
O001622,2024-11-25,C0031,Customer 031,Indonesia,Retail,S002,Drone Navigation Module,IoT Devices,Smart Devices,320,7,0.01,2217.6,1190,1027.6,77,Retail,Hospital Systems,83
O001623,2024-08-23,C0060,Customer 060,Thailand,Retail,S004,Smart Lock Control Board,IoT Devices,Smart Devices,140,6,0.12,739.2,420,319.2,17,Enterprise,Industrial Automation,172
O001624,2025-01-07,C0215,Customer 215,Singapore,Distributor,A004,Robotics Motion Controller,Electronics,Autonomous,950,8,0.11,6764.0,4320,2444.0,74,Enterprise,Consumer Electronics,76
O001625,2024-08-01,C0193,Customer 193,Indonesia,Direct Sales,S004,Smart Lock Control Board,IoT Devices,Smart Devices,140,7,0.09,891.8,490,401.8,71,SME,Consumer Electronics,140
O001626,2023-09-22,C0090,Customer 090,China,Distributor,M003,Anesthesia Machine,Medical Equipment,Medical,25000,2,0.1,45000.0,30000,15000.0,71,Enterprise,Smart Home,33
O001627,2025-10-04,C0001,Customer 001,Singapore,Retail,M002,Operating Table,Medical Equipment,Medical,18000,2,0.17,29880.0,22000,7880.0,32,Enterprise,Smart Home,58
O001628,2025-10-08,C0163,Customer 163,Malaysia,Distributor,A001,Advanced PCB Board,Electronics,Autonomous,450,5,0.07,2092.5,1250,842.5,21,Enterprise,Medical Distributors,1
O001629,2023-04-07,C0126,Customer 126,China,Online,M001,Surgical Light System,Medical Equipment,Medical,12000,2,0.09,21840.0,14000,7840.0,60,SME,Robotics,180
O001630,2025-01-01,C0131,Customer 131,Malaysia,Distributor,S003,Wireless Sensor Node,IoT Devices,Smart Devices,95,7,0.05,631.75,315,316.75,88,Enterprise,Smart Home,154
O001631,2025-10-28,C0034,Customer 034,Singapore,Direct Sales,M001,Surgical Light System,Medical Equipment,Medical,12000,2,0.05,22800.0,14000,8800.0,17,Retail,Automotive OEM,169
O001632,2023-08-22,C0142,Customer 142,Thailand,Distributor,S002,Drone Navigation Module,IoT Devices,Smart Devices,320,10,0.04,3072.0,1700,1372.0,11,SME,Robotics,62
O001633,2024-04-03,C0157,Customer 157,Indonesia,Online,A004,Robotics Motion Controller,Electronics,Autonomous,950,6,0.1,5130.0,3240,1890.0,20,SME,Hospital Systems,39
O001634,2024-12-28,C0037,Customer 037,Malaysia,Online,M001,Surgical Light System,Medical Equipment,Medical,12000,1,0.09,10920.0,7000,3920.0,86,SME,Industrial Automation,167
O001635,2025-11-21,C0093,Customer 093,Thailand,Direct Sales,S002,Drone Navigation Module,IoT Devices,Smart Devices,320,10,0.09,2912.0,1700,1212.0,75,Enterprise,Industrial Automation,156
O001636,2025-06-15,C0084,Customer 084,Thailand,Direct Sales,A004,Robotics Motion Controller,Electronics,Autonomous,950,7,0.1,5985.0,3780,2205.0,5,Enterprise,Smart Home,28
O001637,2023-07-28,C0066,Customer 066,Thailand,Direct Sales,S001,Smart Home Controller,IoT Devices,Smart Devices,180,8,0.04,1382.4,720,662.4,18,Retail,Medical Distributors,68
O001638,2023-12-09,C0107,Customer 107,Indonesia,Direct Sales,S003,Wireless Sensor Node,IoT Devices,Smart Devices,95,8,0.11,676.4,360,316.4,36,SME,Robotics,113
O001639,2025-01-10,C0168,Customer 168,Thailand,Online,M003,Anesthesia Machine,Medical Equipment,Medical,25000,4,0.08,92000.0,60000,32000.0,8,Retail,Medical Distributors,43
O001640,2025-11-02,C0009,Customer 009,Thailand,Direct Sales,A004,Robotics Motion Controller,Electronics,Autonomous,950,5,0.03,4607.5,2700,1907.5,69,Retail,Technology,32
O001641,2025-01-14,C0106,Customer 106,China,Distributor,A002,Control Unit Module,Electronics,Autonomous,780,3,0.06,2199.6,1260,939.6,82,Enterprise,Robotics,71
O001642,2024-02-18,C0169,Customer 169,Thailand,Retail,A004,Robotics Motion Controller,Electronics,Autonomous,950,5,0.08,4370.0,2700,1670.0,57,SME,Smart Home,32
O001643,2023-01-14,C0168,Customer 168,Thailand,Retail,M004,Patient Monitoring Module,Medical Equipment,Medical,8500,2,0.05,16150.0,10000,6150.0,8,Retail,Medical Distributors,43
O001644,2025-10-31,C0203,Customer 203,China,Direct Sales,M003,Anesthesia Machine,Medical Equipment,Medical,25000,1,0.05,23750.0,15000,8750.0,80,Retail,Hospital Systems,18
O001645,2025-04-29,C0003,Customer 003,Singapore,Distributor,A002,Control Unit Module,Electronics,Autonomous,780,6,0.07,4352.4,2520,1832.4,30,Enterprise,Robotics,130
O001646,2025-12-20,C0074,Customer 074,Malaysia,Distributor,A003,Sensor Processing Unit,Electronics,Autonomous,620,6,0.06,3496.8,2100,1396.8,40,SME,Hospital Systems,94
O001647,2025-05-28,C0161,Customer 161,Thailand,Retail,A003,Sensor Processing Unit,Electronics,Autonomous,620,5,0.09,2821.0,1750,1071.0,79,SME,Hospital Systems,26
O001648,2025-11-23,C0087,Customer 087,China,Online,S003,Wireless Sensor Node,IoT Devices,Smart Devices,95,5,0.11,422.75,225,197.75,47,Enterprise,Robotics,111
O001649,2025-06-25,C0069,Customer 069,Thailand,Direct Sales,M003,Anesthesia Machine,Medical Equipment,Medical,25000,1,0.08,23000.0,15000,8000.0,7,SME,Smart Home,24
O001650,2025-11-25,C0103,Customer 103,Malaysia,Direct Sales,M002,Operating Table,Medical Equipment,Medical,18000,2,0.05,34200.0,22000,12200.0,59,Retail,Medical Distributors,35
O001651,2025-04-02,C0182,Customer 182,Thailand,Retail,M003,Anesthesia Machine,Medical Equipment,Medical,25000,1,0.03,24250.0,15000,9250.0,81,SME,Technology,114
O001652,2023-03-17,C0015,Customer 015,Singapore,Distributor,S003,Wireless Sensor Node,IoT Devices,Smart Devices,95,8,0.11,676.4,360,316.4,69,SME,Automotive OEM,63
O001653,2023-04-29,C0064,Customer 064,Malaysia,Online,S003,Wireless Sensor Node,IoT Devices,Smart Devices,95,9,0.07,795.15,405,390.15,57,SME,Automotive OEM,140
O001654,2024-09-15,C0114,Customer 114,Thailand,Online,S004,Smart Lock Control Board,IoT Devices,Smart Devices,140,8,0.11,996.8,560,436.8,54,Enterprise,Industrial Automation,138
O001655,2023-01-17,C0197,Customer 197,Malaysia,Distributor,A001,Advanced PCB Board,Electronics,Autonomous,450,10,0.12,3960.0,2500,1460.0,17,SME,Hospital Systems,129
O001656,2025-07-02,C0110,Customer 110,Malaysia,Distributor,S003,Wireless Sensor Node,IoT Devices,Smart Devices,95,7,0.11,591.85,315,276.85,91,SME,Automotive OEM,55
O001657,2025-06-24,C0210,Customer 210,Malaysia,Online,S004,Smart Lock Control Board,IoT Devices,Smart Devices,140,1,0.11,124.6,70,54.6,30,SME,Automotive OEM,119
O001658,2025-04-08,C0032,Customer 032,China,Online,M004,Patient Monitoring Module,Medical Equipment,Medical,8500,2,0.09,15470.0,10000,5470.0,40,Enterprise,Consumer Electronics,62
O001659,2024-11-16,C0100,Customer 100,China,Distributor,A003,Sensor Processing Unit,Electronics,Autonomous,620,4,0.1,2232.0,1400,832.0,19,SME,Robotics,168
O001660,2024-08-04,C0098,Customer 098,Singapore,Direct Sales,M004,Patient Monitoring Module,Medical Equipment,Medical,8500,2,0.13,14790.0,10000,4790.0,79,Enterprise,Technology,19
O001661,2024-10-01,C0028,Customer 028,China,Online,S001,Smart Home Controller,IoT Devices,Smart Devices,180,10,0.1,1620.0,900,720.0,93,Enterprise,Hospital Systems,68
O001662,2023-11-24,C0162,Customer 162,Malaysia,Direct Sales,M001,Surgical Light System,Medical Equipment,Medical,12000,1,0.09,10920.0,7000,3920.0,85,SME,Smart Home,21
O001663,2024-06-13,C0113,Customer 113,Singapore,Online,M004,Patient Monitoring Module,Medical Equipment,Medical,8500,2,0.08,15640.0,10000,5640.0,62,Retail,Industrial Automation,2
O001664,2025-10-31,C0119,Customer 119,Singapore,Direct Sales,M002,Operating Table,Medical Equipment,Medical,18000,2,0.16,30240.0,22000,8240.0,18,Enterprise,Industrial Automation,119
O001665,2024-06-15,C0161,Customer 161,Thailand,Online,S003,Wireless Sensor Node,IoT Devices,Smart Devices,95,6,0.04,547.2,270,277.2,79,SME,Hospital Systems,26
O001666,2023-09-13,C0140,Customer 140,China,Online,A004,Robotics Motion Controller,Electronics,Autonomous,950,3,0.07,2650.5,1620,1030.5,63,Retail,Automotive OEM,55
O001667,2023-01-11,C0109,Customer 109,Thailand,Online,A004,Robotics Motion Controller,Electronics,Autonomous,950,5,0.1,4275.0,2700,1575.0,18,Retail,Medical Distributors,39
O001668,2025-12-28,C0207,Customer 207,Thailand,Distributor,S002,Drone Navigation Module,IoT Devices,Smart Devices,320,12,0.06,3609.6,2040,1569.6,19,SME,Industrial Automation,63
O001669,2024-08-05,C0163,Customer 163,Malaysia,Distributor,S003,Wireless Sensor Node,IoT Devices,Smart Devices,95,4,0.09,345.8,180,165.8,21,Enterprise,Medical Distributors,1
O001670,2025-11-30,C0122,Customer 122,Thailand,Distributor,S004,Smart Lock Control Board,IoT Devices,Smart Devices,140,10,0.01,1386.0,700,686.0,3,Retail,Technology,139
O001671,2025-11-23,C0198,Customer 198,Indonesia,Distributor,S002,Drone Navigation Module,IoT Devices,Smart Devices,320,10,0.1,2880.0,1700,1180.0,57,Enterprise,Medical Distributors,26
O001672,2025-01-09,C0152,Customer 152,Indonesia,Direct Sales,A004,Robotics Motion Controller,Electronics,Autonomous,950,3,0.03,2764.5,1620,1144.5,7,Enterprise,Hospital Systems,142
O001673,2025-05-21,C0012,Customer 012,Malaysia,Direct Sales,A003,Sensor Processing Unit,Electronics,Autonomous,620,5,0.03,3007.0,1750,1257.0,30,Retail,Medical Distributors,26
O001674,2025-05-20,C0060,Customer 060,Thailand,Retail,M003,Anesthesia Machine,Medical Equipment,Medical,25000,2,0.1,45000.0,30000,15000.0,17,Enterprise,Industrial Automation,172
O001675,2023-06-09,C0215,Customer 215,Singapore,Retail,A002,Control Unit Module,Electronics,Autonomous,780,4,0.07,2901.6,1680,1221.6,74,Enterprise,Consumer Electronics,76
O001676,2025-11-28,C0187,Customer 187,China,Online,A003,Sensor Processing Unit,Electronics,Autonomous,620,6,0.07,3459.6,2100,1359.6,66,Retail,Smart Home,70
O001677,2025-05-17,C0034,Customer 034,Singapore,Retail,A004,Robotics Motion Controller,Electronics,Autonomous,950,2,0.08,1748.0,1080,668.0,17,Retail,Automotive OEM,169
O001678,2025-05-03,C0094,Customer 094,Thailand,Distributor,M003,Anesthesia Machine,Medical Equipment,Medical,25000,1,0.07,23250.0,15000,8250.0,87,SME,Technology,55
O001679,2025-09-19,C0068,Customer 068,Indonesia,Retail,S004,Smart Lock Control Board,IoT Devices,Smart Devices,140,8,0.04,1075.2,560,515.2,27,Enterprise,Consumer Electronics,176
O001680,2025-11-17,C0038,Customer 038,Thailand,Direct Sales,S001,Smart Home Controller,IoT Devices,Smart Devices,180,8,0.09,1310.4,720,590.4,16,SME,Technology,64
O001681,2025-07-21,C0041,Customer 041,Singapore,Direct Sales,A004,Robotics Motion Controller,Electronics,Autonomous,950,5,0.08,4370.0,2700,1670.0,43,Enterprise,Hospital Systems,19
O001682,2025-01-26,C0123,Customer 123,Singapore,Retail,M002,Operating Table,Medical Equipment,Medical,18000,3,0.04,51840.0,33000,18840.0,29,Retail,Consumer Electronics,167
O001683,2025-01-26,C0139,Customer 139,Indonesia,Online,S002,Drone Navigation Module,IoT Devices,Smart Devices,320,13,0.03,4035.2,2210,1825.2,44,SME,Industrial Automation,8
O001684,2023-11-10,C0084,Customer 084,Thailand,Online,M002,Operating Table,Medical Equipment,Medical,18000,2,0.11,32040.0,22000,10040.0,5,Enterprise,Smart Home,28
O001685,2025-02-05,C0151,Customer 151,Thailand,Online,A001,Advanced PCB Board,Electronics,Autonomous,450,7,0.06,2961.0,1750,1211.0,39,Enterprise,Automotive OEM,4
O001686,2023-10-20,C0066,Customer 066,Thailand,Retail,M003,Anesthesia Machine,Medical Equipment,Medical,25000,2,0.03,48500.0,30000,18500.0,18,Retail,Medical Distributors,68
O001687,2024-09-16,C0181,Customer 181,Indonesia,Distributor,A001,Advanced PCB Board,Electronics,Autonomous,450,5,0.07,2092.5,1250,842.5,25,SME,Hospital Systems,133
O001688,2025-09-28,C0073,Customer 073,Malaysia,Direct Sales,M001,Surgical Light System,Medical Equipment,Medical,12000,2,0.07,22320.0,14000,8320.0,75,SME,Consumer Electronics,142
O001689,2023-05-19,C0071,Customer 071,Malaysia,Retail,M001,Surgical Light System,Medical Equipment,Medical,12000,4,0.06,45120.0,28000,17120.0,21,SME,Smart Home,114
O001690,2024-09-26,C0193,Customer 193,Indonesia,Retail,S002,Drone Navigation Module,IoT Devices,Smart Devices,320,11,0.11,3132.8,1870,1262.8,71,SME,Consumer Electronics,140
O001691,2025-02-11,C0018,Customer 018,Singapore,Distributor,A004,Robotics Motion Controller,Electronics,Autonomous,950,4,0.13,3306.0,2160,1146.0,35,Retail,Industrial Automation,17
O001692,2025-10-30,C0136,Customer 136,China,Retail,S003,Wireless Sensor Node,IoT Devices,Smart Devices,95,9,0.1,769.5,405,364.5,79,Enterprise,Smart Home,138
O001693,2025-07-08,C0059,Customer 059,Indonesia,Online,M003,Anesthesia Machine,Medical Equipment,Medical,25000,2,0.04,48000.0,30000,18000.0,27,SME,Smart Home,172
O001694,2025-04-18,C0153,Customer 153,Thailand,Distributor,A003,Sensor Processing Unit,Electronics,Autonomous,620,5,0.14,2666.0,1750,916.0,82,SME,Automotive OEM,126
O001695,2024-11-25,C0207,Customer 207,Thailand,Direct Sales,S001,Smart Home Controller,IoT Devices,Smart Devices,180,9,0.12,1425.6,810,615.6,19,SME,Industrial Automation,63
O001696,2025-06-26,C0171,Customer 171,Indonesia,Online,S004,Smart Lock Control Board,IoT Devices,Smart Devices,140,10,0.09,1274.0,700,574.0,77,SME,Medical Distributors,11
O001697,2023-12-06,C0122,Customer 122,Thailand,Direct Sales,S004,Smart Lock Control Board,IoT Devices,Smart Devices,140,12,0.05,1596.0,840,756.0,3,Retail,Technology,139
O001698,2024-09-24,C0207,Customer 207,Thailand,Direct Sales,S001,Smart Home Controller,IoT Devices,Smart Devices,180,12,0.09,1965.6,1080,885.6,19,SME,Industrial Automation,63
O001699,2023-06-24,C0091,Customer 091,Malaysia,Direct Sales,M004,Patient Monitoring Module,Medical Equipment,Medical,8500,3,0.1,22950.0,15000,7950.0,87,SME,Industrial Automation,45
O001700,2025-12-04,C0058,Customer 058,Singapore,Retail,M004,Patient Monitoring Module,Medical Equipment,Medical,8500,3,0.07,23715.0,15000,8715.0,85,SME,Industrial Automation,150
O001701,2023-02-08,C0204,Customer 204,Malaysia,Distributor,M002,Operating Table,Medical Equipment,Medical,18000,1,0.1,16200.0,11000,5200.0,30,SME,Smart Home,24
O001702,2024-07-17,C0202,Customer 202,Thailand,Distributor,M004,Patient Monitoring Module,Medical Equipment,Medical,8500,2,0.09,15470.0,10000,5470.0,41,Retail,Industrial Automation,161
O001703,2025-06-28,C0015,Customer 015,Singapore,Online,M002,Operating Table,Medical Equipment,Medical,18000,2,0.06,33840.0,22000,11840.0,69,SME,Automotive OEM,63
O001704,2023-04-03,C0127,Customer 127,Thailand,Direct Sales,A004,Robotics Motion Controller,Electronics,Autonomous,950,7,0.05,6317.5,3780,2537.5,78,Retail,Automotive OEM,156
O001705,2024-01-05,C0008,Customer 008,Singapore,Direct Sales,A003,Sensor Processing Unit,Electronics,Autonomous,620,3,0.09,1692.6,1050,642.6,45,SME,Consumer Electronics,155
O001706,2024-10-11,C0048,Customer 048,Malaysia,Online,A003,Sensor Processing Unit,Electronics,Autonomous,620,7,0.03,4209.8,2450,1759.8,10,Enterprise,Robotics,114
O001707,2023-07-23,C0199,Customer 199,Indonesia,Distributor,S001,Smart Home Controller,IoT Devices,Smart Devices,180,6,0.02,1058.4,540,518.4,93,Retail,Hospital Systems,37
O001708,2024-01-10,C0109,Customer 109,Thailand,Direct Sales,A001,Advanced PCB Board,Electronics,Autonomous,450,3,0.03,1309.5,750,559.5,18,Retail,Medical Distributors,39
O001709,2025-04-14,C0019,Customer 019,Malaysia,Distributor,S003,Wireless Sensor Node,IoT Devices,Smart Devices,95,8,0.0,760.0,360,400.0,28,Retail,Consumer Electronics,168
O001710,2024-10-28,C0202,Customer 202,Thailand,Direct Sales,M003,Anesthesia Machine,Medical Equipment,Medical,25000,1,0.08,23000.0,15000,8000.0,41,Retail,Industrial Automation,161
O001711,2024-09-02,C0185,Customer 185,Thailand,Direct Sales,A003,Sensor Processing Unit,Electronics,Autonomous,620,3,0.05,1767.0,1050,717.0,12,SME,Industrial Automation,58
O001712,2025-04-25,C0041,Customer 041,Singapore,Online,A002,Control Unit Module,Electronics,Autonomous,780,6,0.05,4446.0,2520,1926.0,43,Enterprise,Hospital Systems,19
O001713,2023-09-05,C0085,Customer 085,Indonesia,Distributor,M001,Surgical Light System,Medical Equipment,Medical,12000,2,0.05,22800.0,14000,8800.0,56,SME,Consumer Electronics,156
O001714,2024-04-29,C0210,Customer 210,Malaysia,Retail,A004,Robotics Motion Controller,Electronics,Autonomous,950,11,0.1,9405.0,5940,3465.0,30,SME,Automotive OEM,119
O001715,2024-07-05,C0151,Customer 151,Thailand,Online,M001,Surgical Light System,Medical Equipment,Medical,12000,2,0.13,20880.0,14000,6880.0,39,Enterprise,Automotive OEM,4
O001716,2025-04-13,C0203,Customer 203,China,Retail,M002,Operating Table,Medical Equipment,Medical,18000,1,0.03,17460.0,11000,6460.0,80,Retail,Hospital Systems,18
O001717,2024-04-23,C0143,Customer 143,China,Online,M001,Surgical Light System,Medical Equipment,Medical,12000,1,0.07,11160.0,7000,4160.0,89,SME,Robotics,122
O001718,2023-07-27,C0147,Customer 147,Thailand,Distributor,M004,Patient Monitoring Module,Medical Equipment,Medical,8500,2,0.05,16150.0,10000,6150.0,35,SME,Technology,79
O001719,2025-04-13,C0168,Customer 168,Thailand,Direct Sales,A004,Robotics Motion Controller,Electronics,Autonomous,950,6,0.09,5187.0,3240,1947.0,8,Retail,Medical Distributors,43
O001720,2025-10-21,C0015,Customer 015,Singapore,Distributor,M004,Patient Monitoring Module,Medical Equipment,Medical,8500,2,0.06,15980.0,10000,5980.0,69,SME,Automotive OEM,63
O001721,2023-12-11,C0064,Customer 064,Malaysia,Retail,M004,Patient Monitoring Module,Medical Equipment,Medical,8500,2,0.1,15300.0,10000,5300.0,57,SME,Automotive OEM,140
O001722,2025-07-14,C0196,Customer 196,Thailand,Direct Sales,M001,Surgical Light System,Medical Equipment,Medical,12000,4,0.09,43680.0,28000,15680.0,50,SME,Industrial Automation,170
O001723,2024-08-15,C0034,Customer 034,Singapore,Distributor,S003,Wireless Sensor Node,IoT Devices,Smart Devices,95,7,0.0,665.0,315,350.0,17,Retail,Automotive OEM,169
O001724,2025-09-14,C0107,Customer 107,Indonesia,Online,A001,Advanced PCB Board,Electronics,Autonomous,450,6,0.09,2457.0,1500,957.0,36,SME,Robotics,113
O001725,2025-02-17,C0103,Customer 103,Malaysia,Distributor,A002,Control Unit Module,Electronics,Autonomous,780,4,0.11,2776.8,1680,1096.8,59,Retail,Medical Distributors,35
O001726,2025-11-11,C0081,Customer 081,Malaysia,Direct Sales,A001,Advanced PCB Board,Electronics,Autonomous,450,4,0.03,1746.0,1000,746.0,52,Enterprise,Robotics,85
O001727,2025-12-29,C0049,Customer 049,Indonesia,Direct Sales,S002,Drone Navigation Module,IoT Devices,Smart Devices,320,9,0.06,2707.2,1530,1177.2,12,Enterprise,Hospital Systems,61
O001728,2025-03-20,C0097,Customer 097,Thailand,Direct Sales,S004,Smart Lock Control Board,IoT Devices,Smart Devices,140,5,0.1,630.0,350,280.0,19,Enterprise,Robotics,7
O001729,2024-07-26,C0176,Customer 176,China,Distributor,A003,Sensor Processing Unit,Electronics,Autonomous,620,2,0.11,1103.6,700,403.6,45,Retail,Technology,105
O001730,2024-10-13,C0059,Customer 059,Indonesia,Online,S003,Wireless Sensor Node,IoT Devices,Smart Devices,95,8,0.09,691.6,360,331.6,27,SME,Smart Home,172
O001731,2025-07-16,C0195,Customer 195,Malaysia,Distributor,A001,Advanced PCB Board,Electronics,Autonomous,450,4,0.12,1584.0,1000,584.0,53,SME,Robotics,12
O001732,2024-10-20,C0193,Customer 193,Indonesia,Distributor,A002,Control Unit Module,Electronics,Autonomous,780,2,0.1,1404.0,840,564.0,71,SME,Consumer Electronics,140
O001733,2024-11-03,C0029,Customer 029,Indonesia,Distributor,M001,Surgical Light System,Medical Equipment,Medical,12000,1,0.08,11040.0,7000,4040.0,81,Retail,Medical Distributors,77
O001734,2023-01-05,C0057,Customer 057,Malaysia,Retail,S002,Drone Navigation Module,IoT Devices,Smart Devices,320,11,0.03,3414.4,1870,1544.4,75,SME,Robotics,153
O001735,2023-01-20,C0178,Customer 178,China,Distributor,S003,Wireless Sensor Node,IoT Devices,Smart Devices,95,6,0.07,530.1,270,260.1,85,SME,Smart Home,103
O001736,2025-09-28,C0174,Customer 174,Indonesia,Direct Sales,A003,Sensor Processing Unit,Electronics,Autonomous,620,5,0.08,2852.0,1750,1102.0,61,Enterprise,Automotive OEM,133
O001737,2023-06-08,C0052,Customer 052,China,Direct Sales,S001,Smart Home Controller,IoT Devices,Smart Devices,180,7,0.11,1121.4,630,491.4,20,Enterprise,Technology,49
O001738,2025-06-30,C0142,Customer 142,Thailand,Direct Sales,S003,Wireless Sensor Node,IoT Devices,Smart Devices,95,9,0.06,803.7,405,398.7,11,SME,Robotics,62
O001739,2025-02-09,C0140,Customer 140,China,Online,S002,Drone Navigation Module,IoT Devices,Smart Devices,320,7,0.03,2172.8,1190,982.8,63,Retail,Automotive OEM,55
O001740,2023-01-18,C0026,Customer 026,Indonesia,Retail,M002,Operating Table,Medical Equipment,Medical,18000,4,0.06,67680.0,44000,23680.0,88,Retail,Hospital Systems,30
O001741,2024-01-31,C0011,Customer 011,Thailand,Direct Sales,A004,Robotics Motion Controller,Electronics,Autonomous,950,5,0.04,4560.0,2700,1860.0,6,SME,Medical Distributors,170
O001742,2023-02-10,C0003,Customer 003,Singapore,Online,A001,Advanced PCB Board,Electronics,Autonomous,450,2,0.04,864.0,500,364.0,30,Enterprise,Robotics,130
O001743,2024-09-12,C0065,Customer 065,Thailand,Distributor,S004,Smart Lock Control Board,IoT Devices,Smart Devices,140,10,0.05,1330.0,700,630.0,86,SME,Hospital Systems,142
O001744,2025-10-08,C0110,Customer 110,Malaysia,Direct Sales,A002,Control Unit Module,Electronics,Autonomous,780,3,0.04,2246.4,1260,986.4,91,SME,Automotive OEM,55
O001745,2024-03-04,C0092,Customer 092,Indonesia,Distributor,M001,Surgical Light System,Medical Equipment,Medical,12000,1,0.1,10800.0,7000,3800.0,71,SME,Industrial Automation,1
O001746,2025-03-22,C0114,Customer 114,Thailand,Online,M002,Operating Table,Medical Equipment,Medical,18000,2,0.14,30960.0,22000,8960.0,54,Enterprise,Industrial Automation,138
O001747,2025-10-08,C0174,Customer 174,Indonesia,Distributor,M003,Anesthesia Machine,Medical Equipment,Medical,25000,2,0.15,42500.0,30000,12500.0,61,Enterprise,Automotive OEM,133
O001748,2023-12-26,C0067,Customer 067,Singapore,Distributor,M002,Operating Table,Medical Equipment,Medical,18000,2,0.08,33120.0,22000,11120.0,35,Retail,Automotive OEM,73
O001749,2023-09-18,C0012,Customer 012,Malaysia,Distributor,A001,Advanced PCB Board,Electronics,Autonomous,450,5,0.14,1935.0,1250,685.0,30,Retail,Medical Distributors,26
O001750,2024-07-15,C0074,Customer 074,Malaysia,Direct Sales,M004,Patient Monitoring Module,Medical Equipment,Medical,8500,1,0.1,7650.0,5000,2650.0,40,SME,Hospital Systems,94
O001751,2025-12-27,C0196,Customer 196,Thailand,Online,S002,Drone Navigation Module,IoT Devices,Smart Devices,320,4,0.09,1164.8,680,484.8,50,SME,Industrial Automation,170
O001752,2025-07-18,C0150,Customer 150,China,Retail,M001,Surgical Light System,Medical Equipment,Medical,12000,1,0.14,10320.0,7000,3320.0,13,Enterprise,Smart Home,50
O001753,2023-04-17,C0082,Customer 082,Thailand,Retail,A002,Control Unit Module,Electronics,Autonomous,780,7,0.09,4968.6,2940,2028.6,45,Retail,Smart Home,165
O001754,2025-04-13,C0041,Customer 041,Singapore,Direct Sales,A001,Advanced PCB Board,Electronics,Autonomous,450,4,0.07,1674.0,1000,674.0,43,Enterprise,Hospital Systems,19
O001755,2025-08-13,C0213,Customer 213,Thailand,Online,A004,Robotics Motion Controller,Electronics,Autonomous,950,6,0.06,5358.0,3240,2118.0,89,SME,Industrial Automation,65
O001756,2023-03-31,C0100,Customer 100,China,Distributor,S004,Smart Lock Control Board,IoT Devices,Smart Devices,140,7,0.03,950.6,490,460.6,19,SME,Robotics,168
O001757,2025-05-10,C0034,Customer 034,Singapore,Retail,S001,Smart Home Controller,IoT Devices,Smart Devices,180,6,0.03,1047.6,540,507.6,17,Retail,Automotive OEM,169
O001758,2025-03-13,C0062,Customer 062,Indonesia,Online,M004,Patient Monitoring Module,Medical Equipment,Medical,8500,4,0.04,32640.0,20000,12640.0,10,Retail,Medical Distributors,138
O001759,2023-02-21,C0210,Customer 210,Malaysia,Distributor,S004,Smart Lock Control Board,IoT Devices,Smart Devices,140,9,0.12,1108.8,630,478.8,30,SME,Automotive OEM,119
O001760,2025-05-17,C0194,Customer 194,China,Distributor,M002,Operating Table,Medical Equipment,Medical,18000,2,0.04,34560.0,22000,12560.0,25,SME,Consumer Electronics,179
O001761,2024-11-05,C0121,Customer 121,China,Direct Sales,A001,Advanced PCB Board,Electronics,Autonomous,450,4,0.07,1674.0,1000,674.0,36,Enterprise,Industrial Automation,108
O001762,2023-07-18,C0044,Customer 044,China,Retail,M001,Surgical Light System,Medical Equipment,Medical,12000,2,0.12,21120.0,14000,7120.0,85,Enterprise,Medical Distributors,111
O001763,2023-02-19,C0066,Customer 066,Thailand,Online,S002,Drone Navigation Module,IoT Devices,Smart Devices,320,7,0.07,2083.2,1190,893.2,18,Retail,Medical Distributors,68
O001764,2024-05-21,C0156,Customer 156,Singapore,Retail,M002,Operating Table,Medical Equipment,Medical,18000,1,0.05,17100.0,11000,6100.0,63,Retail,Industrial Automation,19
O001765,2024-11-28,C0113,Customer 113,Singapore,Online,M001,Surgical Light System,Medical Equipment,Medical,12000,2,0.07,22320.0,14000,8320.0,62,Retail,Industrial Automation,2
O001766,2024-04-29,C0133,Customer 133,China,Retail,M002,Operating Table,Medical Equipment,Medical,18000,3,0.08,49680.0,33000,16680.0,65,SME,Medical Distributors,166
O001767,2025-07-03,C0077,Customer 077,Malaysia,Direct Sales,S002,Drone Navigation Module,IoT Devices,Smart Devices,320,11,0.01,3484.8,1870,1614.8,53,Retail,Automotive OEM,7
O001768,2023-05-05,C0102,Customer 102,Malaysia,Retail,M001,Surgical Light System,Medical Equipment,Medical,12000,1,0.05,11400.0,7000,4400.0,7,Retail,Technology,143
O001769,2023-05-14,C0157,Customer 157,Indonesia,Direct Sales,M003,Anesthesia Machine,Medical Equipment,Medical,25000,5,0.09,113750.0,75000,38750.0,20,SME,Hospital Systems,39
O001770,2025-06-24,C0023,Customer 023,Malaysia,Online,M001,Surgical Light System,Medical Equipment,Medical,12000,3,0.07,33480.0,21000,12480.0,7,SME,Medical Distributors,29
O001771,2025-06-03,C0134,Customer 134,Thailand,Direct Sales,M002,Operating Table,Medical Equipment,Medical,18000,4,0.15,61200.0,44000,17200.0,63,Enterprise,Industrial Automation,28
O001772,2023-04-17,C0173,Customer 173,Malaysia,Retail,A001,Advanced PCB Board,Electronics,Autonomous,450,3,0.05,1282.5,750,532.5,87,Retail,Hospital Systems,69
O001773,2025-04-21,C0188,Customer 188,China,Direct Sales,M004,Patient Monitoring Module,Medical Equipment,Medical,8500,2,0.06,15980.0,10000,5980.0,32,Retail,Technology,117
O001774,2025-08-08,C0111,Customer 111,Singapore,Direct Sales,A003,Sensor Processing Unit,Electronics,Autonomous,620,3,0.05,1767.0,1050,717.0,70,SME,Consumer Electronics,120
O001775,2023-02-23,C0147,Customer 147,Thailand,Online,A004,Robotics Motion Controller,Electronics,Autonomous,950,5,0.07,4417.5,2700,1717.5,35,SME,Technology,79
O001776,2023-08-10,C0121,Customer 121,China,Direct Sales,M002,Operating Table,Medical Equipment,Medical,18000,3,0.14,46440.0,33000,13440.0,36,Enterprise,Industrial Automation,108
O001777,2023-05-19,C0104,Customer 104,China,Distributor,S002,Drone Navigation Module,IoT Devices,Smart Devices,320,12,0.11,3417.6,2040,1377.6,57,SME,Consumer Electronics,157
O001778,2023-09-16,C0053,Customer 053,Thailand,Online,S003,Wireless Sensor Node,IoT Devices,Smart Devices,95,11,0.06,982.3,495,487.3,75,Enterprise,Hospital Systems,139
O001779,2025-09-12,C0102,Customer 102,Malaysia,Retail,S004,Smart Lock Control Board,IoT Devices,Smart Devices,140,6,0.01,831.6,420,411.6,7,Retail,Technology,143
O001780,2023-10-09,C0025,Customer 025,China,Direct Sales,M001,Surgical Light System,Medical Equipment,Medical,12000,1,0.04,11520.0,7000,4520.0,68,SME,Technology,65
O001781,2025-06-11,C0086,Customer 086,Indonesia,Online,S001,Smart Home Controller,IoT Devices,Smart Devices,180,9,0.06,1522.8,810,712.8,33,Enterprise,Robotics,12
O001782,2023-10-26,C0021,Customer 021,Malaysia,Retail,M003,Anesthesia Machine,Medical Equipment,Medical,25000,2,0.11,44500.0,30000,14500.0,96,Enterprise,Smart Home,150
O001783,2024-12-03,C0209,Customer 209,Singapore,Online,A001,Advanced PCB Board,Electronics,Autonomous,450,6,0.1,2430.0,1500,930.0,80,SME,Industrial Automation,175
O001784,2025-11-26,C0104,Customer 104,China,Distributor,S002,Drone Navigation Module,IoT Devices,Smart Devices,320,8,0.04,2457.6,1360,1097.6,57,SME,Consumer Electronics,157
O001785,2025-11-04,C0046,Customer 046,Singapore,Direct Sales,S001,Smart Home Controller,IoT Devices,Smart Devices,180,5,0.07,837.0,450,387.0,14,Enterprise,Consumer Electronics,64
O001786,2024-02-05,C0041,Customer 041,Singapore,Distributor,M004,Patient Monitoring Module,Medical Equipment,Medical,8500,2,0.16,14280.0,10000,4280.0,43,Enterprise,Hospital Systems,19
O001787,2024-11-30,C0081,Customer 081,Malaysia,Retail,M004,Patient Monitoring Module,Medical Equipment,Medical,8500,1,0.15,7225.0,5000,2225.0,52,Enterprise,Robotics,85
O001788,2025-08-15,C0213,Customer 213,Thailand,Online,S002,Drone Navigation Module,IoT Devices,Smart Devices,320,8,0.11,2278.4,1360,918.4,89,SME,Industrial Automation,65
O001789,2024-11-18,C0200,Customer 200,China,Online,S002,Drone Navigation Module,IoT Devices,Smart Devices,320,9,0.03,2793.6,1530,1263.6,10,Retail,Automotive OEM,121
O001790,2023-11-29,C0058,Customer 058,Singapore,Retail,M002,Operating Table,Medical Equipment,Medical,18000,1,0.09,16380.0,11000,5380.0,85,SME,Industrial Automation,150
O001791,2023-03-28,C0016,Customer 016,Malaysia,Distributor,A004,Robotics Motion Controller,Electronics,Autonomous,950,5,0.14,4085.0,2700,1385.0,82,SME,Smart Home,177
O001792,2024-04-01,C0061,Customer 061,Thailand,Distributor,S004,Smart Lock Control Board,IoT Devices,Smart Devices,140,11,0.07,1432.2,770,662.2,2,SME,Medical Distributors,118
O001793,2024-03-12,C0165,Customer 165,Malaysia,Retail,M004,Patient Monitoring Module,Medical Equipment,Medical,8500,2,0.15,14450.0,10000,4450.0,90,Enterprise,Smart Home,117
O001794,2024-11-09,C0174,Customer 174,Indonesia,Retail,S004,Smart Lock Control Board,IoT Devices,Smart Devices,140,11,0.05,1463.0,770,693.0,61,Enterprise,Automotive OEM,133
O001795,2024-01-13,C0117,Customer 117,China,Online,M001,Surgical Light System,Medical Equipment,Medical,12000,1,0.03,11640.0,7000,4640.0,17,SME,Technology,160
O001796,2025-01-02,C0091,Customer 091,Malaysia,Direct Sales,M001,Surgical Light System,Medical Equipment,Medical,12000,1,0.04,11520.0,7000,4520.0,87,SME,Industrial Automation,45
O001797,2025-06-20,C0042,Customer 042,Indonesia,Online,M004,Patient Monitoring Module,Medical Equipment,Medical,8500,1,0.08,7820.0,5000,2820.0,28,Enterprise,Technology,139
O001798,2023-03-02,C0160,Customer 160,China,Distributor,M004,Patient Monitoring Module,Medical Equipment,Medical,8500,1,0.05,8075.0,5000,3075.0,76,Retail,Smart Home,110
O001799,2024-03-24,C0149,Customer 149,Indonesia,Distributor,A001,Advanced PCB Board,Electronics,Autonomous,450,3,0.08,1242.0,750,492.0,25,Retail,Automotive OEM,56
O001800,2024-05-18,C0159,Customer 159,Indonesia,Distributor,M003,Anesthesia Machine,Medical Equipment,Medical,25000,2,0.03,48500.0,30000,18500.0,67,Retail,Robotics,98
O001801,2024-06-20,C0089,Customer 089,Singapore,Direct Sales,M002,Operating Table,Medical Equipment,Medical,18000,2,0.09,32760.0,22000,10760.0,65,SME,Smart Home,80
O001802,2023-10-09,C0183,Customer 183,Singapore,Direct Sales,A003,Sensor Processing Unit,Electronics,Autonomous,620,5,0.05,2945.0,1750,1195.0,37,Enterprise,Automotive OEM,113
O001803,2024-03-06,C0197,Customer 197,Malaysia,Retail,A001,Advanced PCB Board,Electronics,Autonomous,450,7,0.04,3024.0,1750,1274.0,17,SME,Hospital Systems,129
O001804,2025-02-01,C0217,Customer 217,Indonesia,Distributor,S003,Wireless Sensor Node,IoT Devices,Smart Devices,95,9,0.08,786.6,405,381.6,78,Retail,Hospital Systems,128
O001805,2025-06-07,C0170,Customer 170,China,Direct Sales,S004,Smart Lock Control Board,IoT Devices,Smart Devices,140,7,0.04,940.8,490,450.8,35,SME,Industrial Automation,129
O001806,2023-09-25,C0029,Customer 029,Indonesia,Distributor,M004,Patient Monitoring Module,Medical Equipment,Medical,8500,3,0.07,23715.0,15000,8715.0,81,Retail,Medical Distributors,77
O001807,2025-02-05,C0076,Customer 076,Singapore,Retail,A002,Control Unit Module,Electronics,Autonomous,780,8,0.1,5616.0,3360,2256.0,80,SME,Industrial Automation,40
O001808,2024-05-15,C0153,Customer 153,Thailand,Distributor,M001,Surgical Light System,Medical Equipment,Medical,12000,2,0.09,21840.0,14000,7840.0,82,SME,Automotive OEM,126
O001809,2024-08-25,C0009,Customer 009,Thailand,Online,M003,Anesthesia Machine,Medical Equipment,Medical,25000,2,0.05,47500.0,30000,17500.0,69,Retail,Technology,32
O001810,2024-07-27,C0187,Customer 187,China,Retail,M003,Anesthesia Machine,Medical Equipment,Medical,25000,2,0.04,48000.0,30000,18000.0,66,Retail,Smart Home,70
O001811,2023-06-16,C0137,Customer 137,China,Direct Sales,A004,Robotics Motion Controller,Electronics,Autonomous,950,5,0.03,4607.5,2700,1907.5,42,SME,Smart Home,63
O001812,2025-03-05,C0023,Customer 023,Malaysia,Online,S003,Wireless Sensor Node,IoT Devices,Smart Devices,95,5,0.07,441.75,225,216.75,7,SME,Medical Distributors,29
O001813,2025-08-08,C0213,Customer 213,Thailand,Online,M003,Anesthesia Machine,Medical Equipment,Medical,25000,2,0.08,46000.0,30000,16000.0,89,SME,Industrial Automation,65
O001814,2025-12-12,C0078,Customer 078,Malaysia,Retail,S004,Smart Lock Control Board,IoT Devices,Smart Devices,140,8,0.09,1019.2,560,459.2,53,SME,Consumer Electronics,172
O001815,2025-10-10,C0157,Customer 157,Indonesia,Online,A004,Robotics Motion Controller,Electronics,Autonomous,950,7,0.07,6184.5,3780,2404.5,20,SME,Hospital Systems,39
O001816,2023-03-16,C0109,Customer 109,Thailand,Distributor,M004,Patient Monitoring Module,Medical Equipment,Medical,8500,1,0.09,7735.0,5000,2735.0,18,Retail,Medical Distributors,39
O001817,2025-07-14,C0152,Customer 152,Indonesia,Retail,M004,Patient Monitoring Module,Medical Equipment,Medical,8500,2,0.1,15300.0,10000,5300.0,7,Enterprise,Hospital Systems,142
O001818,2025-05-20,C0047,Customer 047,Malaysia,Distributor,A003,Sensor Processing Unit,Electronics,Autonomous,620,8,0.14,4265.6,2800,1465.6,18,Enterprise,Technology,109
O001819,2025-02-05,C0152,Customer 152,Indonesia,Direct Sales,A001,Advanced PCB Board,Electronics,Autonomous,450,4,0.03,1746.0,1000,746.0,7,Enterprise,Hospital Systems,142
O001820,2023-06-22,C0056,Customer 056,Singapore,Retail,A001,Advanced PCB Board,Electronics,Autonomous,450,4,0.06,1692.0,1000,692.0,77,Retail,Medical Distributors,18
O001821,2024-04-16,C0056,Customer 056,Singapore,Direct Sales,S002,Drone Navigation Module,IoT Devices,Smart Devices,320,11,0.04,3379.2,1870,1509.2,77,Retail,Medical Distributors,18
O001822,2024-11-19,C0122,Customer 122,Thailand,Retail,A003,Sensor Processing Unit,Electronics,Autonomous,620,3,0.06,1748.4,1050,698.4,3,Retail,Technology,139
O001823,2025-04-17,C0128,Customer 128,Singapore,Retail,A002,Control Unit Module,Electronics,Autonomous,780,4,0.05,2964.0,1680,1284.0,40,Retail,Automotive OEM,28
O001824,2025-02-22,C0206,Customer 206,Thailand,Distributor,M001,Surgical Light System,Medical Equipment,Medical,12000,1,0.06,11280.0,7000,4280.0,42,Retail,Hospital Systems,15
O001825,2024-06-27,C0002,Customer 002,Malaysia,Direct Sales,S003,Wireless Sensor Node,IoT Devices,Smart Devices,95,4,0.06,357.2,180,177.2,76,SME,Medical Distributors,109
O001826,2023-06-18,C0208,Customer 208,Indonesia,Direct Sales,A001,Advanced PCB Board,Electronics,Autonomous,450,1,0.08,414.0,250,164.0,22,SME,Automotive OEM,45
O001827,2024-04-11,C0209,Customer 209,Singapore,Direct Sales,M002,Operating Table,Medical Equipment,Medical,18000,2,0.03,34920.0,22000,12920.0,80,SME,Industrial Automation,175
O001828,2023-03-20,C0087,Customer 087,China,Distributor,S001,Smart Home Controller,IoT Devices,Smart Devices,180,9,0.06,1522.8,810,712.8,47,Enterprise,Robotics,111
O001829,2024-11-05,C0054,Customer 054,Singapore,Online,A001,Advanced PCB Board,Electronics,Autonomous,450,8,0.08,3312.0,2000,1312.0,7,SME,Hospital Systems,150
O001830,2024-07-16,C0061,Customer 061,Thailand,Distributor,M004,Patient Monitoring Module,Medical Equipment,Medical,8500,1,0.1,7650.0,5000,2650.0,2,SME,Medical Distributors,118
O001831,2024-06-18,C0209,Customer 209,Singapore,Online,M001,Surgical Light System,Medical Equipment,Medical,12000,1,0.05,11400.0,7000,4400.0,80,SME,Industrial Automation,175
O001832,2024-12-10,C0120,Customer 120,Malaysia,Retail,A003,Sensor Processing Unit,Electronics,Autonomous,620,7,0.09,3949.4,2450,1499.4,42,Enterprise,Industrial Automation,55
O001833,2023-01-25,C0042,Customer 042,Indonesia,Distributor,A004,Robotics Motion Controller,Electronics,Autonomous,950,7,0.14,5719.0,3780,1939.0,28,Enterprise,Technology,139
O001834,2024-04-11,C0063,Customer 063,Malaysia,Distributor,M004,Patient Monitoring Module,Medical Equipment,Medical,8500,2,0.06,15980.0,10000,5980.0,45,SME,Automotive OEM,18
O001835,2025-11-22,C0197,Customer 197,Malaysia,Retail,S002,Drone Navigation Module,IoT Devices,Smart Devices,320,6,0.1,1728.0,1020,708.0,17,SME,Hospital Systems,129
O001836,2025-08-02,C0201,Customer 201,Thailand,Direct Sales,A002,Control Unit Module,Electronics,Autonomous,780,3,0.05,2223.0,1260,963.0,84,Enterprise,Industrial Automation,21
O001837,2024-01-20,C0001,Customer 001,Singapore,Retail,A003,Sensor Processing Unit,Electronics,Autonomous,620,5,0.04,2976.0,1750,1226.0,32,Enterprise,Smart Home,58
O001838,2025-07-10,C0130,Customer 130,China,Direct Sales,S001,Smart Home Controller,IoT Devices,Smart Devices,180,5,0.06,846.0,450,396.0,10,SME,Robotics,152
O001839,2023-09-20,C0066,Customer 066,Thailand,Direct Sales,A001,Advanced PCB Board,Electronics,Autonomous,450,4,0.06,1692.0,1000,692.0,18,Retail,Medical Distributors,68
O001840,2024-12-27,C0219,Customer 219,Malaysia,Distributor,A002,Control Unit Module,Electronics,Autonomous,780,6,0.09,4258.8,2520,1738.8,87,SME,Smart Home,169
O001841,2025-04-06,C0018,Customer 018,Singapore,Online,S004,Smart Lock Control Board,IoT Devices,Smart Devices,140,8,0.03,1086.4,560,526.4,35,Retail,Industrial Automation,17
O001842,2023-02-17,C0152,Customer 152,Indonesia,Direct Sales,S002,Drone Navigation Module,IoT Devices,Smart Devices,320,9,0.11,2563.2,1530,1033.2,7,Enterprise,Hospital Systems,142
O001843,2023-11-11,C0013,Customer 013,China,Retail,A002,Control Unit Module,Electronics,Autonomous,780,7,0.1,4914.0,2940,1974.0,21,Enterprise,Consumer Electronics,95
O001844,2024-02-23,C0090,Customer 090,China,Direct Sales,A003,Sensor Processing Unit,Electronics,Autonomous,620,4,0.06,2331.2,1400,931.2,71,Enterprise,Smart Home,33
O001845,2024-01-21,C0037,Customer 037,Malaysia,Direct Sales,A004,Robotics Motion Controller,Electronics,Autonomous,950,2,0.05,1805.0,1080,725.0,86,SME,Industrial Automation,167
O001846,2025-07-13,C0074,Customer 074,Malaysia,Online,S003,Wireless Sensor Node,IoT Devices,Smart Devices,95,9,0.04,820.8,405,415.8,40,SME,Hospital Systems,94
O001847,2023-08-02,C0143,Customer 143,China,Distributor,S003,Wireless Sensor Node,IoT Devices,Smart Devices,95,6,0.03,552.9,270,282.9,89,SME,Robotics,122
O001848,2025-09-27,C0115,Customer 115,Indonesia,Distributor,M001,Surgical Light System,Medical Equipment,Medical,12000,2,0.04,23040.0,14000,9040.0,63,Retail,Robotics,57
O001849,2025-03-01,C0007,Customer 007,Thailand,Distributor,A001,Advanced PCB Board,Electronics,Autonomous,450,6,0.07,2511.0,1500,1011.0,44,Enterprise,Robotics,27
O001850,2025-12-09,C0029,Customer 029,Indonesia,Retail,M002,Operating Table,Medical Equipment,Medical,18000,2,0.03,34920.0,22000,12920.0,81,Retail,Medical Distributors,77
O001851,2025-11-27,C0034,Customer 034,Singapore,Distributor,M001,Surgical Light System,Medical Equipment,Medical,12000,2,0.05,22800.0,14000,8800.0,17,Retail,Automotive OEM,169
O001852,2025-04-21,C0191,Customer 191,Indonesia,Distributor,A003,Sensor Processing Unit,Electronics,Autonomous,620,6,0.15,3162.0,2100,1062.0,37,Enterprise,Hospital Systems,77
O001853,2023-09-22,C0007,Customer 007,Thailand,Retail,S001,Smart Home Controller,IoT Devices,Smart Devices,180,9,0.07,1506.6,810,696.6,44,Enterprise,Robotics,27
O001854,2023-05-21,C0209,Customer 209,Singapore,Distributor,A003,Sensor Processing Unit,Electronics,Autonomous,620,5,0.06,2914.0,1750,1164.0,80,SME,Industrial Automation,175
O001855,2024-02-26,C0127,Customer 127,Thailand,Retail,A001,Advanced PCB Board,Electronics,Autonomous,450,3,0.09,1228.5,750,478.5,78,Retail,Automotive OEM,156
O001856,2025-08-30,C0129,Customer 129,Indonesia,Online,M003,Anesthesia Machine,Medical Equipment,Medical,25000,3,0.14,64500.0,45000,19500.0,74,Enterprise,Smart Home,174
O001857,2025-10-26,C0176,Customer 176,China,Retail,S004,Smart Lock Control Board,IoT Devices,Smart Devices,140,7,0.02,960.4,490,470.4,45,Retail,Technology,105
O001858,2023-01-16,C0052,Customer 052,China,Retail,M003,Anesthesia Machine,Medical Equipment,Medical,25000,2,0.09,45500.0,30000,15500.0,20,Enterprise,Technology,49
O001859,2025-03-28,C0115,Customer 115,Indonesia,Distributor,S002,Drone Navigation Module,IoT Devices,Smart Devices,320,5,0.04,1536.0,850,686.0,63,Retail,Robotics,57
O001860,2025-10-02,C0191,Customer 191,Indonesia,Retail,A004,Robotics Motion Controller,Electronics,Autonomous,950,4,0.07,3534.0,2160,1374.0,37,Enterprise,Hospital Systems,77
O001861,2023-07-06,C0043,Customer 043,Malaysia,Retail,A001,Advanced PCB Board,Electronics,Autonomous,450,5,0.05,2137.5,1250,887.5,32,SME,Technology,122
O001862,2024-09-01,C0166,Customer 166,Singapore,Distributor,A003,Sensor Processing Unit,Electronics,Autonomous,620,6,0.09,3385.2,2100,1285.2,81,SME,Smart Home,151
O001863,2024-01-03,C0047,Customer 047,Malaysia,Retail,S002,Drone Navigation Module,IoT Devices,Smart Devices,320,8,0.07,2380.8,1360,1020.8,18,Enterprise,Technology,109
O001864,2024-01-11,C0155,Customer 155,China,Direct Sales,S004,Smart Lock Control Board,IoT Devices,Smart Devices,140,10,0.07,1302.0,700,602.0,33,Enterprise,Hospital Systems,123
O001865,2023-03-31,C0055,Customer 055,China,Distributor,M004,Patient Monitoring Module,Medical Equipment,Medical,8500,1,0.05,8075.0,5000,3075.0,8,SME,Automotive OEM,131
O001866,2024-08-20,C0099,Customer 099,China,Direct Sales,S003,Wireless Sensor Node,IoT Devices,Smart Devices,95,6,0.09,518.7,270,248.7,92,SME,Robotics,179
O001867,2024-03-20,C0040,Customer 040,Malaysia,Retail,A004,Robotics Motion Controller,Electronics,Autonomous,950,7,0.1,5985.0,3780,2205.0,10,SME,Hospital Systems,162
O001868,2023-09-06,C0139,Customer 139,Indonesia,Direct Sales,A002,Control Unit Module,Electronics,Autonomous,780,5,0.08,3588.0,2100,1488.0,44,SME,Industrial Automation,8
O001869,2025-10-30,C0194,Customer 194,China,Retail,A002,Control Unit Module,Electronics,Autonomous,780,3,0.06,2199.6,1260,939.6,25,SME,Consumer Electronics,179
O001870,2024-06-01,C0056,Customer 056,Singapore,Direct Sales,M004,Patient Monitoring Module,Medical Equipment,Medical,8500,2,0.06,15980.0,10000,5980.0,77,Retail,Medical Distributors,18
O001871,2023-05-30,C0062,Customer 062,Indonesia,Retail,S003,Wireless Sensor Node,IoT Devices,Smart Devices,95,9,0.03,829.35,405,424.35,10,Retail,Medical Distributors,138
O001872,2025-03-28,C0019,Customer 019,Malaysia,Retail,M004,Patient Monitoring Module,Medical Equipment,Medical,8500,3,0.03,24735.0,15000,9735.0,28,Retail,Consumer Electronics,168
O001873,2024-05-28,C0076,Customer 076,Singapore,Distributor,M002,Operating Table,Medical Equipment,Medical,18000,2,0.05,34200.0,22000,12200.0,80,SME,Industrial Automation,40
O001874,2025-08-08,C0107,Customer 107,Indonesia,Retail,A004,Robotics Motion Controller,Electronics,Autonomous,950,6,0.03,5529.0,3240,2289.0,36,SME,Robotics,113
O001875,2024-05-11,C0044,Customer 044,China,Retail,S004,Smart Lock Control Board,IoT Devices,Smart Devices,140,9,0.04,1209.6,630,579.6,85,Enterprise,Medical Distributors,111
O001876,2024-07-25,C0097,Customer 097,Thailand,Distributor,M003,Anesthesia Machine,Medical Equipment,Medical,25000,1,0.16,21000.0,15000,6000.0,19,Enterprise,Robotics,7
O001877,2023-07-25,C0148,Customer 148,Thailand,Online,M003,Anesthesia Machine,Medical Equipment,Medical,25000,4,0.09,91000.0,60000,31000.0,41,Enterprise,Robotics,31
O001878,2025-03-11,C0175,Customer 175,China,Direct Sales,M003,Anesthesia Machine,Medical Equipment,Medical,25000,3,0.08,69000.0,45000,24000.0,75,Retail,Automotive OEM,112
O001879,2023-01-23,C0136,Customer 136,China,Online,S003,Wireless Sensor Node,IoT Devices,Smart Devices,95,5,0.04,456.0,225,231.0,79,Enterprise,Smart Home,138
O001880,2025-01-03,C0212,Customer 212,Indonesia,Distributor,M003,Anesthesia Machine,Medical Equipment,Medical,25000,2,0.15,42500.0,30000,12500.0,45,Enterprise,Technology,151
O001881,2025-12-26,C0042,Customer 042,Indonesia,Retail,M004,Patient Monitoring Module,Medical Equipment,Medical,8500,1,0.15,7225.0,5000,2225.0,28,Enterprise,Technology,139
O001882,2025-12-06,C0120,Customer 120,Malaysia,Direct Sales,S003,Wireless Sensor Node,IoT Devices,Smart Devices,95,10,0.07,883.5,450,433.5,42,Enterprise,Industrial Automation,55
O001883,2024-09-23,C0138,Customer 138,Singapore,Direct Sales,A004,Robotics Motion Controller,Electronics,Autonomous,950,4,0.07,3534.0,2160,1374.0,32,Enterprise,Technology,119
O001884,2023-04-10,C0089,Customer 089,Singapore,Distributor,A003,Sensor Processing Unit,Electronics,Autonomous,620,4,0.14,2132.8,1400,732.8,65,SME,Smart Home,80
O001885,2025-02-06,C0133,Customer 133,China,Distributor,M004,Patient Monitoring Module,Medical Equipment,Medical,8500,2,0.04,16320.0,10000,6320.0,65,SME,Medical Distributors,166
O001886,2025-05-13,C0023,Customer 023,Malaysia,Direct Sales,M001,Surgical Light System,Medical Equipment,Medical,12000,1,0.05,11400.0,7000,4400.0,7,SME,Medical Distributors,29
O001887,2024-01-29,C0069,Customer 069,Thailand,Direct Sales,S003,Wireless Sensor Node,IoT Devices,Smart Devices,95,7,0.05,631.75,315,316.75,7,SME,Smart Home,24
O001888,2023-07-17,C0059,Customer 059,Indonesia,Distributor,S003,Wireless Sensor Node,IoT Devices,Smart Devices,95,7,0.1,598.5,315,283.5,27,SME,Smart Home,172
O001889,2023-04-01,C0069,Customer 069,Thailand,Direct Sales,A003,Sensor Processing Unit,Electronics,Autonomous,620,3,0.09,1692.6,1050,642.6,7,SME,Smart Home,24
O001890,2024-10-22,C0187,Customer 187,China,Distributor,S001,Smart Home Controller,IoT Devices,Smart Devices,180,8,0.05,1368.0,720,648.0,66,Retail,Smart Home,70
O001891,2025-03-20,C0099,Customer 099,China,Direct Sales,A003,Sensor Processing Unit,Electronics,Autonomous,620,6,0.04,3571.2,2100,1471.2,92,SME,Robotics,179
O001892,2023-08-05,C0180,Customer 180,Thailand,Online,A002,Control Unit Module,Electronics,Autonomous,780,4,0.03,3026.4,1680,1346.4,66,Enterprise,Industrial Automation,1
O001893,2025-04-03,C0188,Customer 188,China,Online,S003,Wireless Sensor Node,IoT Devices,Smart Devices,95,10,0.0,950.0,450,500.0,32,Retail,Technology,117
O001894,2024-03-11,C0001,Customer 001,Singapore,Distributor,A004,Robotics Motion Controller,Electronics,Autonomous,950,2,0.06,1786.0,1080,706.0,32,Enterprise,Smart Home,58
O001895,2024-07-24,C0177,Customer 177,Thailand,Online,S003,Wireless Sensor Node,IoT Devices,Smart Devices,95,5,0.03,460.75,225,235.75,21,Enterprise,Medical Distributors,85
O001896,2024-03-23,C0152,Customer 152,Indonesia,Online,A003,Sensor Processing Unit,Electronics,Autonomous,620,6,0.08,3422.4,2100,1322.4,7,Enterprise,Hospital Systems,142
O001897,2025-10-20,C0089,Customer 089,Singapore,Distributor,M002,Operating Table,Medical Equipment,Medical,18000,1,0.05,17100.0,11000,6100.0,65,SME,Smart Home,80
O001898,2023-07-14,C0110,Customer 110,Malaysia,Online,S002,Drone Navigation Module,IoT Devices,Smart Devices,320,9,0.12,2534.4,1530,1004.4,91,SME,Automotive OEM,55
O001899,2025-03-06,C0147,Customer 147,Thailand,Distributor,S003,Wireless Sensor Node,IoT Devices,Smart Devices,95,6,0.06,535.8,270,265.8,35,SME,Technology,79
O001900,2024-10-13,C0076,Customer 076,Singapore,Retail,S003,Wireless Sensor Node,IoT Devices,Smart Devices,95,6,0.04,547.2,270,277.2,80,SME,Industrial Automation,40
O001901,2023-02-06,C0137,Customer 137,China,Retail,S002,Drone Navigation Module,IoT Devices,Smart Devices,320,8,0.06,2406.4,1360,1046.4,42,SME,Smart Home,63
O001902,2024-04-21,C0064,Customer 064,Malaysia,Direct Sales,S001,Smart Home Controller,IoT Devices,Smart Devices,180,8,0.05,1368.0,720,648.0,57,SME,Automotive OEM,140
O001903,2023-09-12,C0074,Customer 074,Malaysia,Distributor,A001,Advanced PCB Board,Electronics,Autonomous,450,7,0.12,2772.0,1750,1022.0,40,SME,Hospital Systems,94
O001904,2024-05-13,C0165,Customer 165,Malaysia,Direct Sales,S002,Drone Navigation Module,IoT Devices,Smart Devices,320,8,0.04,2457.6,1360,1097.6,90,Enterprise,Smart Home,117
O001905,2025-02-06,C0021,Customer 021,Malaysia,Online,A004,Robotics Motion Controller,Electronics,Autonomous,950,2,0.04,1824.0,1080,744.0,96,Enterprise,Smart Home,150
O001906,2025-02-08,C0218,Customer 218,Thailand,Direct Sales,M004,Patient Monitoring Module,Medical Equipment,Medical,8500,1,0.05,8075.0,5000,3075.0,78,Retail,Robotics,91
O001907,2025-06-27,C0101,Customer 101,Singapore,Online,S004,Smart Lock Control Board,IoT Devices,Smart Devices,140,11,0.01,1524.6,770,754.6,55,Retail,Medical Distributors,57
O001908,2024-10-12,C0165,Customer 165,Malaysia,Direct Sales,S003,Wireless Sensor Node,IoT Devices,Smart Devices,95,8,0.08,699.2,360,339.2,90,Enterprise,Smart Home,117
O001909,2025-04-29,C0133,Customer 133,China,Online,S003,Wireless Sensor Node,IoT Devices,Smart Devices,95,5,0.1,427.5,225,202.5,65,SME,Medical Distributors,166
O001910,2024-04-14,C0117,Customer 117,China,Online,S004,Smart Lock Control Board,IoT Devices,Smart Devices,140,10,0.06,1316.0,700,616.0,17,SME,Technology,160
O001911,2024-02-26,C0118,Customer 118,Indonesia,Direct Sales,S001,Smart Home Controller,IoT Devices,Smart Devices,180,9,0.11,1441.8,810,631.8,76,Enterprise,Industrial Automation,145
O001912,2024-05-23,C0209,Customer 209,Singapore,Distributor,S003,Wireless Sensor Node,IoT Devices,Smart Devices,95,7,0.08,611.8,315,296.8,80,SME,Industrial Automation,175
O001913,2025-02-20,C0140,Customer 140,China,Online,S001,Smart Home Controller,IoT Devices,Smart Devices,180,8,0.01,1425.6,720,705.6,63,Retail,Automotive OEM,55
O001914,2023-01-13,C0080,Customer 080,China,Retail,M002,Operating Table,Medical Equipment,Medical,18000,1,0.09,16380.0,11000,5380.0,45,Enterprise,Technology,79
O001915,2024-01-30,C0028,Customer 028,China,Distributor,M001,Surgical Light System,Medical Equipment,Medical,12000,2,0.17,19920.0,14000,5920.0,93,Enterprise,Hospital Systems,68
O001916,2023-09-15,C0101,Customer 101,Singapore,Distributor,M002,Operating Table,Medical Equipment,Medical,18000,1,0.07,16740.0,11000,5740.0,55,Retail,Medical Distributors,57
O001917,2024-02-23,C0090,Customer 090,China,Direct Sales,M004,Patient Monitoring Module,Medical Equipment,Medical,8500,2,0.12,14960.0,10000,4960.0,71,Enterprise,Smart Home,33
O001918,2025-08-14,C0015,Customer 015,Singapore,Distributor,A001,Advanced PCB Board,Electronics,Autonomous,450,4,0.12,1584.0,1000,584.0,69,SME,Automotive OEM,63
O001919,2024-05-16,C0078,Customer 078,Malaysia,Distributor,A003,Sensor Processing Unit,Electronics,Autonomous,620,6,0.11,3310.8,2100,1210.8,53,SME,Consumer Electronics,172
O001920,2024-09-12,C0102,Customer 102,Malaysia,Retail,A001,Advanced PCB Board,Electronics,Autonomous,450,6,0.1,2430.0,1500,930.0,7,Retail,Technology,143
O001921,2024-02-17,C0164,Customer 164,China,Retail,A001,Advanced PCB Board,Electronics,Autonomous,450,5,0.03,2182.5,1250,932.5,38,SME,Technology,9
O001922,2025-01-06,C0064,Customer 064,Malaysia,Retail,A003,Sensor Processing Unit,Electronics,Autonomous,620,4,0.03,2405.6,1400,1005.6,57,SME,Automotive OEM,140
O001923,2025-06-22,C0194,Customer 194,China,Retail,A003,Sensor Processing Unit,Electronics,Autonomous,620,6,0.08,3422.4,2100,1322.4,25,SME,Consumer Electronics,179
O001924,2025-09-14,C0096,Customer 096,Thailand,Retail,M001,Surgical Light System,Medical Equipment,Medical,12000,1,0.06,11280.0,7000,4280.0,12,SME,Consumer Electronics,61
O001925,2023-06-20,C0006,Customer 006,Singapore,Distributor,A001,Advanced PCB Board,Electronics,Autonomous,450,6,0.11,2403.0,1500,903.0,90,Retail,Automotive OEM,109
O001926,2023-12-26,C0167,Customer 167,Malaysia,Retail,A001,Advanced PCB Board,Electronics,Autonomous,450,4,0.06,1692.0,1000,692.0,83,SME,Robotics,39
O001927,2025-07-17,C0061,Customer 061,Thailand,Retail,A001,Advanced PCB Board,Electronics,Autonomous,450,7,0.06,2961.0,1750,1211.0,2,SME,Medical Distributors,118
O001928,2025-09-11,C0118,Customer 118,Indonesia,Online,M002,Operating Table,Medical Equipment,Medical,18000,2,0.09,32760.0,22000,10760.0,76,Enterprise,Industrial Automation,145
O001929,2025-08-19,C0159,Customer 159,Indonesia,Distributor,M004,Patient Monitoring Module,Medical Equipment,Medical,8500,2,0.09,15470.0,10000,5470.0,67,Retail,Robotics,98
O001930,2023-01-09,C0006,Customer 006,Singapore,Online,M001,Surgical Light System,Medical Equipment,Medical,12000,1,0.06,11280.0,7000,4280.0,90,Retail,Automotive OEM,109
O001931,2025-05-01,C0168,Customer 168,Thailand,Online,A003,Sensor Processing Unit,Electronics,Autonomous,620,6,0.05,3534.0,2100,1434.0,8,Retail,Medical Distributors,43
O001932,2024-09-22,C0020,Customer 020,China,Direct Sales,S003,Wireless Sensor Node,IoT Devices,Smart Devices,95,8,0.07,706.8,360,346.8,19,SME,Technology,68
O001933,2023-03-21,C0162,Customer 162,Malaysia,Retail,M002,Operating Table,Medical Equipment,Medical,18000,2,0.1,32400.0,22000,10400.0,85,SME,Smart Home,21
O001934,2023-11-29,C0185,Customer 185,Thailand,Retail,M004,Patient Monitoring Module,Medical Equipment,Medical,8500,2,0.1,15300.0,10000,5300.0,12,SME,Industrial Automation,58
O001935,2024-12-14,C0059,Customer 059,Indonesia,Retail,S001,Smart Home Controller,IoT Devices,Smart Devices,180,10,0.09,1638.0,900,738.0,27,SME,Smart Home,172
O001936,2025-01-24,C0211,Customer 211,Thailand,Direct Sales,S004,Smart Lock Control Board,IoT Devices,Smart Devices,140,5,0.09,637.0,350,287.0,60,SME,Hospital Systems,74
O001937,2025-05-18,C0058,Customer 058,Singapore,Distributor,S004,Smart Lock Control Board,IoT Devices,Smart Devices,140,8,0.05,1064.0,560,504.0,85,SME,Industrial Automation,150
O001938,2023-03-12,C0171,Customer 171,Indonesia,Direct Sales,A002,Control Unit Module,Electronics,Autonomous,780,2,0.08,1435.2,840,595.2,77,SME,Medical Distributors,11
O001939,2023-10-30,C0150,Customer 150,China,Retail,A001,Advanced PCB Board,Electronics,Autonomous,450,6,0.1,2430.0,1500,930.0,13,Enterprise,Smart Home,50
O001940,2023-10-29,C0038,Customer 038,Thailand,Distributor,A001,Advanced PCB Board,Electronics,Autonomous,450,5,0.11,2002.5,1250,752.5,16,SME,Technology,64
O001941,2023-11-27,C0106,Customer 106,China,Direct Sales,M001,Surgical Light System,Medical Equipment,Medical,12000,1,0.16,10080.0,7000,3080.0,82,Enterprise,Robotics,71
O001942,2025-02-26,C0088,Customer 088,Singapore,Direct Sales,A003,Sensor Processing Unit,Electronics,Autonomous,620,7,0.06,4079.6,2450,1629.6,80,Retail,Consumer Electronics,81
O001943,2024-01-22,C0190,Customer 190,Malaysia,Distributor,A003,Sensor Processing Unit,Electronics,Autonomous,620,5,0.13,2697.0,1750,947.0,54,Retail,Smart Home,88
O001944,2024-06-01,C0173,Customer 173,Malaysia,Online,S004,Smart Lock Control Board,IoT Devices,Smart Devices,140,5,0.04,672.0,350,322.0,87,Retail,Hospital Systems,69
O001945,2025-12-27,C0009,Customer 009,Thailand,Retail,S003,Wireless Sensor Node,IoT Devices,Smart Devices,95,6,0.05,541.5,270,271.5,69,Retail,Technology,32
O001946,2025-04-22,C0195,Customer 195,Malaysia,Direct Sales,S004,Smart Lock Control Board,IoT Devices,Smart Devices,140,3,0.04,403.2,210,193.2,53,SME,Robotics,12
O001947,2024-12-06,C0019,Customer 019,Malaysia,Online,M003,Anesthesia Machine,Medical Equipment,Medical,25000,1,0.08,23000.0,15000,8000.0,28,Retail,Consumer Electronics,168
O001948,2025-03-26,C0172,Customer 172,China,Online,S004,Smart Lock Control Board,IoT Devices,Smart Devices,140,9,0.03,1222.2,630,592.2,4,SME,Smart Home,24
O001949,2023-12-11,C0164,Customer 164,China,Direct Sales,A004,Robotics Motion Controller,Electronics,Autonomous,950,7,0.03,6450.5,3780,2670.5,38,SME,Technology,9
O001950,2025-05-05,C0132,Customer 132,Singapore,Retail,S001,Smart Home Controller,IoT Devices,Smart Devices,180,11,0.05,1881.0,990,891.0,45,Retail,Hospital Systems,137
O001951,2025-06-01,C0126,Customer 126,China,Distributor,M003,Anesthesia Machine,Medical Equipment,Medical,25000,5,0.06,117500.0,75000,42500.0,60,SME,Robotics,180
O001952,2023-10-03,C0074,Customer 074,Malaysia,Retail,M004,Patient Monitoring Module,Medical Equipment,Medical,8500,2,0.04,16320.0,10000,6320.0,40,SME,Hospital Systems,94
O001953,2023-08-14,C0049,Customer 049,Indonesia,Distributor,A004,Robotics Motion Controller,Electronics,Autonomous,950,6,0.07,5301.0,3240,2061.0,12,Enterprise,Hospital Systems,61
O001954,2023-05-01,C0102,Customer 102,Malaysia,Distributor,S004,Smart Lock Control Board,IoT Devices,Smart Devices,140,9,0.06,1184.4,630,554.4,7,Retail,Technology,143
O001955,2024-01-28,C0111,Customer 111,Singapore,Retail,A001,Advanced PCB Board,Electronics,Autonomous,450,6,0.06,2538.0,1500,1038.0,70,SME,Consumer Electronics,120
O001956,2023-08-12,C0072,Customer 072,Indonesia,Distributor,S003,Wireless Sensor Node,IoT Devices,Smart Devices,95,9,0.04,820.8,405,415.8,15,SME,Hospital Systems,20
O001957,2023-06-25,C0133,Customer 133,China,Direct Sales,A003,Sensor Processing Unit,Electronics,Autonomous,620,4,0.04,2380.8,1400,980.8,65,SME,Medical Distributors,166
O001958,2024-12-01,C0205,Customer 205,China,Distributor,M001,Surgical Light System,Medical Equipment,Medical,12000,1,0.06,11280.0,7000,4280.0,57,Retail,Medical Distributors,43
O001959,2023-07-26,C0056,Customer 056,Singapore,Direct Sales,M001,Surgical Light System,Medical Equipment,Medical,12000,2,0.05,22800.0,14000,8800.0,77,Retail,Medical Distributors,18
O001960,2023-01-15,C0173,Customer 173,Malaysia,Direct Sales,S003,Wireless Sensor Node,IoT Devices,Smart Devices,95,9,0.01,846.45,405,441.45,87,Retail,Hospital Systems,69
O001961,2025-12-05,C0129,Customer 129,Indonesia,Retail,M001,Surgical Light System,Medical Equipment,Medical,12000,1,0.14,10320.0,7000,3320.0,74,Enterprise,Smart Home,174
O001962,2024-06-28,C0001,Customer 001,Singapore,Retail,A004,Robotics Motion Controller,Electronics,Autonomous,950,8,0.08,6992.0,4320,2672.0,32,Enterprise,Smart Home,58
O001963,2025-05-29,C0149,Customer 149,Indonesia,Online,A002,Control Unit Module,Electronics,Autonomous,780,4,0.07,2901.6,1680,1221.6,25,Retail,Automotive OEM,56
O001964,2024-12-03,C0210,Customer 210,Malaysia,Distributor,A002,Control Unit Module,Electronics,Autonomous,780,5,0.14,3354.0,2100,1254.0,30,SME,Automotive OEM,119
O001965,2025-03-27,C0107,Customer 107,Indonesia,Direct Sales,A003,Sensor Processing Unit,Electronics,Autonomous,620,1,0.1,558.0,350,208.0,36,SME,Robotics,113
O001966,2024-11-07,C0164,Customer 164,China,Direct Sales,M002,Operating Table,Medical Equipment,Medical,18000,3,0.06,50760.0,33000,17760.0,38,SME,Technology,9
O001967,2025-04-02,C0218,Customer 218,Thailand,Distributor,S004,Smart Lock Control Board,IoT Devices,Smart Devices,140,11,0.0,1540.0,770,770.0,78,Retail,Robotics,91
O001968,2023-09-09,C0022,Customer 022,China,Online,S001,Smart Home Controller,IoT Devices,Smart Devices,180,5,0.08,828.0,450,378.0,47,Retail,Industrial Automation,57
O001969,2024-05-24,C0065,Customer 065,Thailand,Retail,A002,Control Unit Module,Electronics,Autonomous,780,6,0.07,4352.4,2520,1832.4,86,SME,Hospital Systems,142
O001970,2025-08-31,C0046,Customer 046,Singapore,Retail,S001,Smart Home Controller,IoT Devices,Smart Devices,180,9,0.09,1474.2,810,664.2,14,Enterprise,Consumer Electronics,64
O001971,2023-01-07,C0103,Customer 103,Malaysia,Online,S003,Wireless Sensor Node,IoT Devices,Smart Devices,95,11,0.0,1045.0,495,550.0,59,Retail,Medical Distributors,35
O001972,2025-01-07,C0189,Customer 189,Indonesia,Online,M001,Surgical Light System,Medical Equipment,Medical,12000,2,0.15,20400.0,14000,6400.0,77,Enterprise,Robotics,131
O001973,2024-04-23,C0021,Customer 021,Malaysia,Retail,S002,Drone Navigation Module,IoT Devices,Smart Devices,320,12,0.07,3571.2,2040,1531.2,96,Enterprise,Smart Home,150
O001974,2023-06-16,C0011,Customer 011,Thailand,Retail,A002,Control Unit Module,Electronics,Autonomous,780,3,0.1,2106.0,1260,846.0,6,SME,Medical Distributors,170
O001975,2025-09-02,C0121,Customer 121,China,Direct Sales,S003,Wireless Sensor Node,IoT Devices,Smart Devices,95,11,0.1,940.5,495,445.5,36,Enterprise,Industrial Automation,108
O001976,2024-08-24,C0117,Customer 117,China,Distributor,S002,Drone Navigation Module,IoT Devices,Smart Devices,320,7,0.09,2038.4,1190,848.4,17,SME,Technology,160
O001977,2025-12-01,C0208,Customer 208,Indonesia,Direct Sales,S002,Drone Navigation Module,IoT Devices,Smart Devices,320,4,0.04,1228.8,680,548.8,22,SME,Automotive OEM,45
O001978,2023-06-28,C0011,Customer 011,Thailand,Retail,A001,Advanced PCB Board,Electronics,Autonomous,450,2,0.03,873.0,500,373.0,6,SME,Medical Distributors,170
O001979,2025-07-02,C0119,Customer 119,Singapore,Retail,M002,Operating Table,Medical Equipment,Medical,18000,2,0.15,30600.0,22000,8600.0,18,Enterprise,Industrial Automation,119
O001980,2024-05-08,C0008,Customer 008,Singapore,Distributor,M004,Patient Monitoring Module,Medical Equipment,Medical,8500,1,0.04,8160.0,5000,3160.0,45,SME,Consumer Electronics,155
O001981,2023-07-03,C0114,Customer 114,Thailand,Retail,M002,Operating Table,Medical Equipment,Medical,18000,1,0.18,14760.0,11000,3760.0,54,Enterprise,Industrial Automation,138
O001982,2023-03-01,C0218,Customer 218,Thailand,Online,M003,Anesthesia Machine,Medical Equipment,Medical,25000,2,0.09,45500.0,30000,15500.0,78,Retail,Robotics,91
O001983,2024-07-28,C0195,Customer 195,Malaysia,Online,M004,Patient Monitoring Module,Medical Equipment,Medical,8500,1,0.08,7820.0,5000,2820.0,53,SME,Robotics,12
O001984,2023-09-10,C0085,Customer 085,Indonesia,Distributor,S003,Wireless Sensor Node,IoT Devices,Smart Devices,95,7,0.11,591.85,315,276.85,56,SME,Consumer Electronics,156
O001985,2025-10-04,C0156,Customer 156,Singapore,Online,M002,Operating Table,Medical Equipment,Medical,18000,2,0.09,32760.0,22000,10760.0,63,Retail,Industrial Automation,19
O001986,2023-05-13,C0024,Customer 024,Malaysia,Online,S003,Wireless Sensor Node,IoT Devices,Smart Devices,95,12,0.06,1071.6,540,531.6,77,SME,Industrial Automation,17
O001987,2025-02-20,C0202,Customer 202,Thailand,Retail,S003,Wireless Sensor Node,IoT Devices,Smart Devices,95,8,0.06,714.4,360,354.4,41,Retail,Industrial Automation,161
O001988,2024-04-02,C0208,Customer 208,Indonesia,Direct Sales,A001,Advanced PCB Board,Electronics,Autonomous,450,7,0.04,3024.0,1750,1274.0,22,SME,Automotive OEM,45
O001989,2023-08-17,C0003,Customer 003,Singapore,Online,M002,Operating Table,Medical Equipment,Medical,18000,1,0.15,15300.0,11000,4300.0,30,Enterprise,Robotics,130
O001990,2024-01-21,C0212,Customer 212,Indonesia,Direct Sales,S004,Smart Lock Control Board,IoT Devices,Smart Devices,140,8,0.08,1030.4,560,470.4,45,Enterprise,Technology,151
O001991,2023-09-18,C0046,Customer 046,Singapore,Retail,A002,Control Unit Module,Electronics,Autonomous,780,4,0.07,2901.6,1680,1221.6,14,Enterprise,Consumer Electronics,64
O001992,2023-01-04,C0048,Customer 048,Malaysia,Direct Sales,A001,Advanced PCB Board,Electronics,Autonomous,450,8,0.07,3348.0,2000,1348.0,10,Enterprise,Robotics,114
O001993,2024-01-24,C0207,Customer 207,Thailand,Retail,A003,Sensor Processing Unit,Electronics,Autonomous,620,5,0.05,2945.0,1750,1195.0,19,SME,Industrial Automation,63
O001994,2025-01-17,C0042,Customer 042,Indonesia,Distributor,S003,Wireless Sensor Node,IoT Devices,Smart Devices,95,8,0.08,699.2,360,339.2,28,Enterprise,Technology,139
O001995,2024-03-30,C0194,Customer 194,China,Retail,M002,Operating Table,Medical Equipment,Medical,18000,1,0.03,17460.0,11000,6460.0,25,SME,Consumer Electronics,179
O001996,2025-08-01,C0045,Customer 045,Thailand,Distributor,A002,Control Unit Module,Electronics,Autonomous,780,4,0.13,2714.4,1680,1034.4,94,SME,Technology,14
O001997,2024-08-30,C0021,Customer 021,Malaysia,Retail,M004,Patient Monitoring Module,Medical Equipment,Medical,8500,2,0.15,14450.0,10000,4450.0,96,Enterprise,Smart Home,150
O001998,2023-10-29,C0082,Customer 082,Thailand,Online,S002,Drone Navigation Module,IoT Devices,Smart Devices,320,12,0.01,3801.6,2040,1761.6,45,Retail,Smart Home,165
O001999,2023-03-12,C0154,Customer 154,Singapore,Online,S002,Drone Navigation Module,IoT Devices,Smart Devices,320,9,0.02,2822.4,1530,1292.4,61,Retail,Smart Home,123
O002000,2023-09-10,C0004,Customer 004,Indonesia,Retail,A001,Advanced PCB Board,Electronics,Autonomous,450,7,0.07,2929.5,1750,1179.5,92,Enterprise,Robotics,167
O002001,2024-03-17,C0151,Customer 151,Thailand,Online,A004,Robotics Motion Controller,Electronics,Autonomous,950,3,0.08,2622.0,1620,1002.0,39,Enterprise,Automotive OEM,4
O002002,2025-02-10,C0213,Customer 213,Thailand,Online,M001,Surgical Light System,Medical Equipment,Medical,12000,1,0.04,11520.0,7000,4520.0,89,SME,Industrial Automation,65
O002003,2024-03-07,C0162,Customer 162,Malaysia,Distributor,S004,Smart Lock Control Board,IoT Devices,Smart Devices,140,7,0.09,891.8,490,401.8,85,SME,Smart Home,21
O002004,2023-04-18,C0136,Customer 136,China,Retail,M003,Anesthesia Machine,Medical Equipment,Medical,25000,1,0.15,21250.0,15000,6250.0,79,Enterprise,Smart Home,138
O002005,2024-09-04,C0068,Customer 068,Indonesia,Distributor,S003,Wireless Sensor Node,IoT Devices,Smart Devices,95,8,0.12,668.8,360,308.8,27,Enterprise,Consumer Electronics,176
O002006,2025-03-14,C0180,Customer 180,Thailand,Retail,A002,Control Unit Module,Electronics,Autonomous,780,5,0.07,3627.0,2100,1527.0,66,Enterprise,Industrial Automation,1
O002007,2024-12-14,C0171,Customer 171,Indonesia,Retail,A003,Sensor Processing Unit,Electronics,Autonomous,620,8,0.03,4811.2,2800,2011.2,77,SME,Medical Distributors,11
O002008,2024-08-02,C0211,Customer 211,Thailand,Distributor,A001,Advanced PCB Board,Electronics,Autonomous,450,4,0.12,1584.0,1000,584.0,60,SME,Hospital Systems,74
O002009,2025-03-17,C0004,Customer 004,Indonesia,Distributor,M002,Operating Table,Medical Equipment,Medical,18000,1,0.11,16020.0,11000,5020.0,92,Enterprise,Robotics,167
O002010,2023-04-21,C0188,Customer 188,China,Online,S004,Smart Lock Control Board,IoT Devices,Smart Devices,140,11,0.04,1478.4,770,708.4,32,Retail,Technology,117
O002011,2023-12-02,C0044,Customer 044,China,Distributor,S002,Drone Navigation Module,IoT Devices,Smart Devices,320,7,0.07,2083.2,1190,893.2,85,Enterprise,Medical Distributors,111
O002012,2025-09-15,C0039,Customer 039,Malaysia,Distributor,A001,Advanced PCB Board,Electronics,Autonomous,450,4,0.07,1674.0,1000,674.0,76,Enterprise,Hospital Systems,142
O002013,2024-02-05,C0188,Customer 188,China,Direct Sales,S004,Smart Lock Control Board,IoT Devices,Smart Devices,140,8,0.03,1086.4,560,526.4,32,Retail,Technology,117
O002014,2023-07-28,C0081,Customer 081,Malaysia,Distributor,S003,Wireless Sensor Node,IoT Devices,Smart Devices,95,5,0.06,446.5,225,221.5,52,Enterprise,Robotics,85
O002015,2025-05-24,C0043,Customer 043,Malaysia,Distributor,S003,Wireless Sensor Node,IoT Devices,Smart Devices,95,4,0.11,338.2,180,158.2,32,SME,Technology,122
O002016,2023-07-16,C0141,Customer 141,Thailand,Retail,A002,Control Unit Module,Electronics,Autonomous,780,3,0.03,2269.8,1260,1009.8,36,Retail,Consumer Electronics,153
O002017,2023-04-18,C0012,Customer 012,Malaysia,Online,M002,Operating Table,Medical Equipment,Medical,18000,2,0.07,33480.0,22000,11480.0,30,Retail,Medical Distributors,26
O002018,2023-11-01,C0001,Customer 001,Singapore,Retail,S003,Wireless Sensor Node,IoT Devices,Smart Devices,95,5,0.05,451.25,225,226.25,32,Enterprise,Smart Home,58
O002019,2023-09-01,C0196,Customer 196,Thailand,Retail,M004,Patient Monitoring Module,Medical Equipment,Medical,8500,1,0.06,7990.0,5000,2990.0,50,SME,Industrial Automation,170
O002020,2023-12-20,C0123,Customer 123,Singapore,Retail,S003,Wireless Sensor Node,IoT Devices,Smart Devices,95,7,0.06,625.1,315,310.1,29,Retail,Consumer Electronics,167
O002021,2023-07-03,C0090,Customer 090,China,Retail,A004,Robotics Motion Controller,Electronics,Autonomous,950,5,0.04,4560.0,2700,1860.0,71,Enterprise,Smart Home,33
O002022,2025-06-30,C0129,Customer 129,Indonesia,Direct Sales,A002,Control Unit Module,Electronics,Autonomous,780,5,0.03,3783.0,2100,1683.0,74,Enterprise,Smart Home,174
O002023,2023-06-19,C0182,Customer 182,Thailand,Retail,M002,Operating Table,Medical Equipment,Medical,18000,1,0.07,16740.0,11000,5740.0,81,SME,Technology,114
O002024,2025-11-09,C0173,Customer 173,Malaysia,Direct Sales,M004,Patient Monitoring Module,Medical Equipment,Medical,8500,2,0.07,15810.0,10000,5810.0,87,Retail,Hospital Systems,69
O002025,2025-09-09,C0177,Customer 177,Thailand,Direct Sales,A001,Advanced PCB Board,Electronics,Autonomous,450,5,0.08,2070.0,1250,820.0,21,Enterprise,Medical Distributors,85
O002026,2024-01-06,C0063,Customer 063,Malaysia,Retail,A003,Sensor Processing Unit,Electronics,Autonomous,620,3,0.1,1674.0,1050,624.0,45,SME,Automotive OEM,18
O002027,2025-06-07,C0036,Customer 036,Indonesia,Distributor,A001,Advanced PCB Board,Electronics,Autonomous,450,5,0.06,2115.0,1250,865.0,70,SME,Robotics,177
O002028,2023-05-11,C0044,Customer 044,China,Distributor,S004,Smart Lock Control Board,IoT Devices,Smart Devices,140,9,0.07,1171.8,630,541.8,85,Enterprise,Medical Distributors,111
O002029,2023-02-10,C0148,Customer 148,Thailand,Retail,A003,Sensor Processing Unit,Electronics,Autonomous,620,7,0.03,4209.8,2450,1759.8,41,Enterprise,Robotics,31
O002030,2023-09-12,C0012,Customer 012,Malaysia,Direct Sales,M004,Patient Monitoring Module,Medical Equipment,Medical,8500,1,0.04,8160.0,5000,3160.0,30,Retail,Medical Distributors,26
O002031,2024-01-04,C0128,Customer 128,Singapore,Retail,M001,Surgical Light System,Medical Equipment,Medical,12000,1,0.09,10920.0,7000,3920.0,40,Retail,Automotive OEM,28
O002032,2023-09-09,C0048,Customer 048,Malaysia,Distributor,M001,Surgical Light System,Medical Equipment,Medical,12000,3,0.14,30960.0,21000,9960.0,10,Enterprise,Robotics,114
O002033,2023-11-27,C0143,Customer 143,China,Online,M002,Operating Table,Medical Equipment,Medical,18000,2,0.09,32760.0,22000,10760.0,89,SME,Robotics,122
O002034,2023-03-13,C0123,Customer 123,Singapore,Direct Sales,M002,Operating Table,Medical Equipment,Medical,18000,2,0.07,33480.0,22000,11480.0,29,Retail,Consumer Electronics,167
O002035,2025-01-14,C0190,Customer 190,Malaysia,Distributor,S001,Smart Home Controller,IoT Devices,Smart Devices,180,9,0.03,1571.4,810,761.4,54,Retail,Smart Home,88
O002036,2023-01-01,C0074,Customer 074,Malaysia,Online,M004,Patient Monitoring Module,Medical Equipment,Medical,8500,2,0.03,16490.0,10000,6490.0,40,SME,Hospital Systems,94
O002037,2025-11-29,C0141,Customer 141,Thailand,Retail,A001,Advanced PCB Board,Electronics,Autonomous,450,8,0.03,3492.0,2000,1492.0,36,Retail,Consumer Electronics,153
O002038,2025-10-01,C0187,Customer 187,China,Online,S004,Smart Lock Control Board,IoT Devices,Smart Devices,140,8,0.04,1075.2,560,515.2,66,Retail,Smart Home,70
O002039,2024-12-22,C0178,Customer 178,China,Distributor,S002,Drone Navigation Module,IoT Devices,Smart Devices,320,7,0.09,2038.4,1190,848.4,85,SME,Smart Home,103
O002040,2023-04-02,C0169,Customer 169,Thailand,Direct Sales,M004,Patient Monitoring Module,Medical Equipment,Medical,8500,1,0.04,8160.0,5000,3160.0,57,SME,Smart Home,32
O002041,2024-09-05,C0037,Customer 037,Malaysia,Distributor,M004,Patient Monitoring Module,Medical Equipment,Medical,8500,2,0.07,15810.0,10000,5810.0,86,SME,Industrial Automation,167
O002042,2024-03-18,C0036,Customer 036,Indonesia,Online,S002,Drone Navigation Module,IoT Devices,Smart Devices,320,7,0.05,2128.0,1190,938.0,70,SME,Robotics,177
O002043,2025-05-14,C0159,Customer 159,Indonesia,Online,M002,Operating Table,Medical Equipment,Medical,18000,3,0.05,51300.0,33000,18300.0,67,Retail,Robotics,98
O002044,2023-12-01,C0030,Customer 030,Indonesia,Retail,A003,Sensor Processing Unit,Electronics,Autonomous,620,6,0.03,3608.4,2100,1508.4,48,SME,Automotive OEM,42
O002045,2024-06-04,C0182,Customer 182,Thailand,Retail,S003,Wireless Sensor Node,IoT Devices,Smart Devices,95,5,0.11,422.75,225,197.75,81,SME,Technology,114
O002046,2023-10-21,C0135,Customer 135,China,Distributor,S001,Smart Home Controller,IoT Devices,Smart Devices,180,7,0.01,1247.4,630,617.4,91,Retail,Technology,40
O002047,2024-07-05,C0078,Customer 078,Malaysia,Distributor,S003,Wireless Sensor Node,IoT Devices,Smart Devices,95,10,0.09,864.5,450,414.5,53,SME,Consumer Electronics,172
O002048,2025-11-13,C0001,Customer 001,Singapore,Distributor,S002,Drone Navigation Module,IoT Devices,Smart Devices,320,9,0.07,2678.4,1530,1148.4,32,Enterprise,Smart Home,58
O002049,2023-11-11,C0144,Customer 144,China,Retail,A002,Control Unit Module,Electronics,Autonomous,780,4,0.05,2964.0,1680,1284.0,12,SME,Hospital Systems,76
O002050,2024-05-21,C0063,Customer 063,Malaysia,Online,M002,Operating Table,Medical Equipment,Medical,18000,2,0.04,34560.0,22000,12560.0,45,SME,Automotive OEM,18
O002051,2023-08-14,C0033,Customer 033,Singapore,Retail,S003,Wireless Sensor Node,IoT Devices,Smart Devices,95,16,0.04,1459.2,720,739.2,11,Enterprise,Medical Distributors,125
O002052,2023-07-02,C0202,Customer 202,Thailand,Online,A002,Control Unit Module,Electronics,Autonomous,780,7,0.08,5023.2,2940,2083.2,41,Retail,Industrial Automation,161
O002053,2023-10-27,C0190,Customer 190,Malaysia,Online,M004,Patient Monitoring Module,Medical Equipment,Medical,8500,2,0.03,16490.0,10000,6490.0,54,Retail,Smart Home,88
O002054,2025-02-11,C0059,Customer 059,Indonesia,Retail,M004,Patient Monitoring Module,Medical Equipment,Medical,8500,3,0.1,22950.0,15000,7950.0,27,SME,Smart Home,172
O002055,2023-09-10,C0002,Customer 002,Malaysia,Online,M003,Anesthesia Machine,Medical Equipment,Medical,25000,4,0.07,93000.0,60000,33000.0,76,SME,Medical Distributors,109
O002056,2025-09-29,C0096,Customer 096,Thailand,Online,M002,Operating Table,Medical Equipment,Medical,18000,1,0.08,16560.0,11000,5560.0,12,SME,Consumer Electronics,61
O002057,2024-07-31,C0109,Customer 109,Thailand,Online,S001,Smart Home Controller,IoT Devices,Smart Devices,180,9,0.05,1539.0,810,729.0,18,Retail,Medical Distributors,39
O002058,2023-04-09,C0180,Customer 180,Thailand,Online,M003,Anesthesia Machine,Medical Equipment,Medical,25000,4,0.17,83000.0,60000,23000.0,66,Enterprise,Industrial Automation,1
O002059,2025-03-08,C0184,Customer 184,China,Online,M003,Anesthesia Machine,Medical Equipment,Medical,25000,1,0.16,21000.0,15000,6000.0,91,Enterprise,Robotics,41
O002060,2025-12-24,C0056,Customer 056,Singapore,Retail,S001,Smart Home Controller,IoT Devices,Smart Devices,180,9,0.04,1555.2,810,745.2,77,Retail,Medical Distributors,18
O002061,2023-09-19,C0021,Customer 021,Malaysia,Direct Sales,A001,Advanced PCB Board,Electronics,Autonomous,450,4,0.07,1674.0,1000,674.0,96,Enterprise,Smart Home,150
O002062,2023-11-15,C0158,Customer 158,Indonesia,Distributor,S003,Wireless Sensor Node,IoT Devices,Smart Devices,95,6,0.01,564.3,270,294.3,32,Retail,Medical Distributors,31
O002063,2024-07-01,C0047,Customer 047,Malaysia,Online,M001,Surgical Light System,Medical Equipment,Medical,12000,3,0.15,30600.0,21000,9600.0,18,Enterprise,Technology,109
O002064,2024-05-25,C0153,Customer 153,Thailand,Retail,S003,Wireless Sensor Node,IoT Devices,Smart Devices,95,9,0.09,778.05,405,373.05,82,SME,Automotive OEM,126
O002065,2024-01-10,C0051,Customer 051,Singapore,Online,A004,Robotics Motion Controller,Electronics,Autonomous,950,4,0.08,3496.0,2160,1336.0,50,Enterprise,Hospital Systems,68
O002066,2025-10-25,C0007,Customer 007,Thailand,Online,A001,Advanced PCB Board,Electronics,Autonomous,450,6,0.1,2430.0,1500,930.0,44,Enterprise,Robotics,27
O002067,2025-12-02,C0031,Customer 031,Indonesia,Distributor,S004,Smart Lock Control Board,IoT Devices,Smart Devices,140,3,0.02,411.6,210,201.6,77,Retail,Hospital Systems,83
O002068,2023-06-28,C0060,Customer 060,Thailand,Retail,A001,Advanced PCB Board,Electronics,Autonomous,450,3,0.08,1242.0,750,492.0,17,Enterprise,Industrial Automation,172
O002069,2023-07-04,C0084,Customer 084,Thailand,Direct Sales,S003,Wireless Sensor Node,IoT Devices,Smart Devices,95,8,0.04,729.6,360,369.6,5,Enterprise,Smart Home,28
O002070,2024-05-06,C0116,Customer 116,Thailand,Distributor,M002,Operating Table,Medical Equipment,Medical,18000,4,0.07,66960.0,44000,22960.0,50,SME,Hospital Systems,87
O002071,2023-06-23,C0186,Customer 186,Singapore,Online,S004,Smart Lock Control Board,IoT Devices,Smart Devices,140,7,0.08,901.6,490,411.6,83,SME,Medical Distributors,40
O002072,2025-10-06,C0015,Customer 015,Singapore,Retail,M001,Surgical Light System,Medical Equipment,Medical,12000,1,0.08,11040.0,7000,4040.0,69,SME,Automotive OEM,63
O002073,2023-10-07,C0156,Customer 156,Singapore,Retail,A004,Robotics Motion Controller,Electronics,Autonomous,950,5,0.06,4465.0,2700,1765.0,63,Retail,Industrial Automation,19
O002074,2025-12-26,C0191,Customer 191,Indonesia,Direct Sales,S004,Smart Lock Control Board,IoT Devices,Smart Devices,140,10,0.07,1302.0,700,602.0,37,Enterprise,Hospital Systems,77
O002075,2024-01-25,C0214,Customer 214,China,Direct Sales,S004,Smart Lock Control Board,IoT Devices,Smart Devices,140,13,0.06,1710.8,910,800.8,50,Retail,Robotics,124
O002076,2025-12-30,C0056,Customer 056,Singapore,Online,S004,Smart Lock Control Board,IoT Devices,Smart Devices,140,9,0.02,1234.8,630,604.8,77,Retail,Medical Distributors,18
O002077,2025-12-17,C0064,Customer 064,Malaysia,Direct Sales,S003,Wireless Sensor Node,IoT Devices,Smart Devices,95,7,0.08,611.8,315,296.8,57,SME,Automotive OEM,140
O002078,2023-12-12,C0043,Customer 043,Malaysia,Distributor,S003,Wireless Sensor Node,IoT Devices,Smart Devices,95,13,0.05,1173.25,585,588.25,32,SME,Technology,122
O002079,2025-01-21,C0219,Customer 219,Malaysia,Online,M003,Anesthesia Machine,Medical Equipment,Medical,25000,2,0.1,45000.0,30000,15000.0,87,SME,Smart Home,169
O002080,2025-05-15,C0179,Customer 179,Indonesia,Retail,A004,Robotics Motion Controller,Electronics,Autonomous,950,5,0.03,4607.5,2700,1907.5,41,Enterprise,Medical Distributors,65
O002081,2023-08-20,C0012,Customer 012,Malaysia,Distributor,A002,Control Unit Module,Electronics,Autonomous,780,6,0.13,4071.6,2520,1551.6,30,Retail,Medical Distributors,26
O002082,2023-08-30,C0202,Customer 202,Thailand,Online,A001,Advanced PCB Board,Electronics,Autonomous,450,5,0.06,2115.0,1250,865.0,41,Retail,Industrial Automation,161
O002083,2024-06-26,C0170,Customer 170,China,Direct Sales,M004,Patient Monitoring Module,Medical Equipment,Medical,8500,1,0.08,7820.0,5000,2820.0,35,SME,Industrial Automation,129
O002084,2025-03-17,C0120,Customer 120,Malaysia,Online,M004,Patient Monitoring Module,Medical Equipment,Medical,8500,2,0.17,14110.0,10000,4110.0,42,Enterprise,Industrial Automation,55
O002085,2025-11-21,C0090,Customer 090,China,Retail,M001,Surgical Light System,Medical Equipment,Medical,12000,1,0.17,9960.0,7000,2960.0,71,Enterprise,Smart Home,33
O002086,2025-09-26,C0059,Customer 059,Indonesia,Online,M001,Surgical Light System,Medical Equipment,Medical,12000,3,0.03,34920.0,21000,13920.0,27,SME,Smart Home,172
O002087,2025-07-31,C0119,Customer 119,Singapore,Online,A002,Control Unit Module,Electronics,Autonomous,780,6,0.05,4446.0,2520,1926.0,18,Enterprise,Industrial Automation,119
O002088,2023-01-11,C0152,Customer 152,Indonesia,Distributor,A002,Control Unit Module,Electronics,Autonomous,780,4,0.09,2839.2,1680,1159.2,7,Enterprise,Hospital Systems,142
O002089,2023-01-19,C0160,Customer 160,China,Retail,M002,Operating Table,Medical Equipment,Medical,18000,3,0.06,50760.0,33000,17760.0,76,Retail,Smart Home,110
O002090,2023-06-23,C0091,Customer 091,Malaysia,Distributor,S001,Smart Home Controller,IoT Devices,Smart Devices,180,5,0.07,837.0,450,387.0,87,SME,Industrial Automation,45
O002091,2025-09-25,C0129,Customer 129,Indonesia,Distributor,M001,Surgical Light System,Medical Equipment,Medical,12000,3,0.16,30240.0,21000,9240.0,74,Enterprise,Smart Home,174
O002092,2024-05-27,C0169,Customer 169,Thailand,Retail,M004,Patient Monitoring Module,Medical Equipment,Medical,8500,2,0.06,15980.0,10000,5980.0,57,SME,Smart Home,32
O002093,2024-09-04,C0194,Customer 194,China,Retail,A002,Control Unit Module,Electronics,Autonomous,780,4,0.09,2839.2,1680,1159.2,25,SME,Consumer Electronics,179
O002094,2024-07-05,C0058,Customer 058,Singapore,Retail,M002,Operating Table,Medical Equipment,Medical,18000,1,0.08,16560.0,11000,5560.0,85,SME,Industrial Automation,150
O002095,2025-06-18,C0114,Customer 114,Thailand,Distributor,M003,Anesthesia Machine,Medical Equipment,Medical,25000,2,0.12,44000.0,30000,14000.0,54,Enterprise,Industrial Automation,138
O002096,2025-06-07,C0073,Customer 073,Malaysia,Online,M001,Surgical Light System,Medical Equipment,Medical,12000,1,0.09,10920.0,7000,3920.0,75,SME,Consumer Electronics,142
O002097,2024-02-11,C0105,Customer 105,Indonesia,Distributor,M002,Operating Table,Medical Equipment,Medical,18000,1,0.05,17100.0,11000,6100.0,21,SME,Technology,122
O002098,2023-10-01,C0028,Customer 028,China,Retail,A003,Sensor Processing Unit,Electronics,Autonomous,620,5,0.08,2852.0,1750,1102.0,93,Enterprise,Hospital Systems,68
O002099,2023-03-06,C0173,Customer 173,Malaysia,Distributor,M003,Anesthesia Machine,Medical Equipment,Medical,25000,3,0.1,67500.0,45000,22500.0,87,Retail,Hospital Systems,69
O002100,2024-06-28,C0123,Customer 123,Singapore,Retail,M002,Operating Table,Medical Equipment,Medical,18000,2,0.06,33840.0,22000,11840.0,29,Retail,Consumer Electronics,167
O002101,2025-10-11,C0157,Customer 157,Indonesia,Distributor,S003,Wireless Sensor Node,IoT Devices,Smart Devices,95,6,0.06,535.8,270,265.8,20,SME,Hospital Systems,39
O002102,2025-03-29,C0105,Customer 105,Indonesia,Retail,S001,Smart Home Controller,IoT Devices,Smart Devices,180,4,0.04,691.2,360,331.2,21,SME,Technology,122
O002103,2023-08-09,C0032,Customer 032,China,Distributor,M001,Surgical Light System,Medical Equipment,Medical,12000,2,0.1,21600.0,14000,7600.0,40,Enterprise,Consumer Electronics,62
O002104,2025-10-21,C0149,Customer 149,Indonesia,Distributor,M001,Surgical Light System,Medical Equipment,Medical,12000,3,0.03,34920.0,21000,13920.0,25,Retail,Automotive OEM,56
O002105,2024-12-01,C0047,Customer 047,Malaysia,Direct Sales,A003,Sensor Processing Unit,Electronics,Autonomous,620,4,0.05,2356.0,1400,956.0,18,Enterprise,Technology,109
O002106,2024-08-15,C0085,Customer 085,Indonesia,Retail,A001,Advanced PCB Board,Electronics,Autonomous,450,9,0.03,3928.5,2250,1678.5,56,SME,Consumer Electronics,156
O002107,2025-05-28,C0132,Customer 132,Singapore,Distributor,M004,Patient Monitoring Module,Medical Equipment,Medical,8500,2,0.08,15640.0,10000,5640.0,45,Retail,Hospital Systems,137
O002108,2024-01-18,C0005,Customer 005,Indonesia,Online,M004,Patient Monitoring Module,Medical Equipment,Medical,8500,1,0.08,7820.0,5000,2820.0,76,SME,Technology,72
O002109,2024-06-23,C0142,Customer 142,Thailand,Distributor,S004,Smart Lock Control Board,IoT Devices,Smart Devices,140,4,0.09,509.6,280,229.6,11,SME,Robotics,62
O002110,2025-05-28,C0137,Customer 137,China,Retail,M004,Patient Monitoring Module,Medical Equipment,Medical,8500,1,0.08,7820.0,5000,2820.0,42,SME,Smart Home,63
O002111,2023-07-31,C0067,Customer 067,Singapore,Distributor,S004,Smart Lock Control Board,IoT Devices,Smart Devices,140,10,0.02,1372.0,700,672.0,35,Retail,Automotive OEM,73
O002112,2023-11-01,C0046,Customer 046,Singapore,Direct Sales,M004,Patient Monitoring Module,Medical Equipment,Medical,8500,2,0.09,15470.0,10000,5470.0,14,Enterprise,Consumer Electronics,64
O002113,2023-03-20,C0217,Customer 217,Indonesia,Distributor,A001,Advanced PCB Board,Electronics,Autonomous,450,7,0.14,2709.0,1750,959.0,78,Retail,Hospital Systems,128
O002114,2025-05-23,C0023,Customer 023,Malaysia,Distributor,M001,Surgical Light System,Medical Equipment,Medical,12000,2,0.04,23040.0,14000,9040.0,7,SME,Medical Distributors,29
O002115,2023-04-15,C0021,Customer 021,Malaysia,Retail,A003,Sensor Processing Unit,Electronics,Autonomous,620,3,0.06,1748.4,1050,698.4,96,Enterprise,Smart Home,150
O002116,2024-04-18,C0166,Customer 166,Singapore,Online,M004,Patient Monitoring Module,Medical Equipment,Medical,8500,3,0.06,23970.0,15000,8970.0,81,SME,Smart Home,151
O002117,2023-05-06,C0202,Customer 202,Thailand,Retail,S001,Smart Home Controller,IoT Devices,Smart Devices,180,10,0.05,1710.0,900,810.0,41,Retail,Industrial Automation,161
O002118,2024-09-15,C0163,Customer 163,Malaysia,Online,M002,Operating Table,Medical Equipment,Medical,18000,1,0.12,15840.0,11000,4840.0,21,Enterprise,Medical Distributors,1
O002119,2024-12-19,C0182,Customer 182,Thailand,Retail,S004,Smart Lock Control Board,IoT Devices,Smart Devices,140,12,0.05,1596.0,840,756.0,81,SME,Technology,114
O002120,2023-04-08,C0197,Customer 197,Malaysia,Direct Sales,M003,Anesthesia Machine,Medical Equipment,Medical,25000,2,0.03,48500.0,30000,18500.0,17,SME,Hospital Systems,129
O002121,2024-10-20,C0133,Customer 133,China,Online,M004,Patient Monitoring Module,Medical Equipment,Medical,8500,2,0.06,15980.0,10000,5980.0,65,SME,Medical Distributors,166
O002122,2023-07-26,C0060,Customer 060,Thailand,Distributor,A003,Sensor Processing Unit,Electronics,Autonomous,620,6,0.08,3422.4,2100,1322.4,17,Enterprise,Industrial Automation,172
O002123,2025-10-03,C0202,Customer 202,Thailand,Online,A002,Control Unit Module,Electronics,Autonomous,780,6,0.04,4492.8,2520,1972.8,41,Retail,Industrial Automation,161
O002124,2023-07-18,C0074,Customer 074,Malaysia,Direct Sales,S003,Wireless Sensor Node,IoT Devices,Smart Devices,95,7,0.09,605.15,315,290.15,40,SME,Hospital Systems,94
O002125,2023-09-24,C0147,Customer 147,Thailand,Online,A002,Control Unit Module,Electronics,Autonomous,780,8,0.08,5740.8,3360,2380.8,35,SME,Technology,79
O002126,2025-01-10,C0081,Customer 081,Malaysia,Online,S004,Smart Lock Control Board,IoT Devices,Smart Devices,140,5,0.05,665.0,350,315.0,52,Enterprise,Robotics,85
O002127,2024-07-19,C0070,Customer 070,China,Retail,M004,Patient Monitoring Module,Medical Equipment,Medical,8500,1,0.04,8160.0,5000,3160.0,1,Retail,Hospital Systems,86
O002128,2023-08-06,C0197,Customer 197,Malaysia,Direct Sales,M003,Anesthesia Machine,Medical Equipment,Medical,25000,2,0.03,48500.0,30000,18500.0,17,SME,Hospital Systems,129
O002129,2024-01-26,C0042,Customer 042,Indonesia,Retail,M004,Patient Monitoring Module,Medical Equipment,Medical,8500,3,0.17,21165.0,15000,6165.0,28,Enterprise,Technology,139
O002130,2023-06-03,C0192,Customer 192,Indonesia,Online,S001,Smart Home Controller,IoT Devices,Smart Devices,180,7,0.06,1184.4,630,554.4,20,SME,Technology,115
O002131,2025-08-29,C0184,Customer 184,China,Distributor,M004,Patient Monitoring Module,Medical Equipment,Medical,8500,2,0.08,15640.0,10000,5640.0,91,Enterprise,Robotics,41
O002132,2024-01-28,C0069,Customer 069,Thailand,Online,A003,Sensor Processing Unit,Electronics,Autonomous,620,2,0.09,1128.4,700,428.4,7,SME,Smart Home,24
O002133,2024-12-12,C0163,Customer 163,Malaysia,Retail,A002,Control Unit Module,Electronics,Autonomous,780,4,0.07,2901.6,1680,1221.6,21,Enterprise,Medical Distributors,1
O002134,2023-08-29,C0054,Customer 054,Singapore,Direct Sales,A003,Sensor Processing Unit,Electronics,Autonomous,620,7,0.06,4079.6,2450,1629.6,7,SME,Hospital Systems,150
O002135,2025-12-08,C0057,Customer 057,Malaysia,Direct Sales,S001,Smart Home Controller,IoT Devices,Smart Devices,180,6,0.05,1026.0,540,486.0,75,SME,Robotics,153
O002136,2024-07-15,C0003,Customer 003,Singapore,Distributor,S004,Smart Lock Control Board,IoT Devices,Smart Devices,140,10,0.06,1316.0,700,616.0,30,Enterprise,Robotics,130
O002137,2023-05-05,C0164,Customer 164,China,Distributor,S004,Smart Lock Control Board,IoT Devices,Smart Devices,140,10,0.1,1260.0,700,560.0,38,SME,Technology,9
O002138,2025-03-25,C0037,Customer 037,Malaysia,Direct Sales,A004,Robotics Motion Controller,Electronics,Autonomous,950,3,0.03,2764.5,1620,1144.5,86,SME,Industrial Automation,167
O002139,2025-11-09,C0030,Customer 030,Indonesia,Retail,A003,Sensor Processing Unit,Electronics,Autonomous,620,4,0.05,2356.0,1400,956.0,48,SME,Automotive OEM,42
O002140,2024-07-10,C0174,Customer 174,Indonesia,Distributor,M004,Patient Monitoring Module,Medical Equipment,Medical,8500,2,0.08,15640.0,10000,5640.0,61,Enterprise,Automotive OEM,133
O002141,2024-03-22,C0162,Customer 162,Malaysia,Direct Sales,S002,Drone Navigation Module,IoT Devices,Smart Devices,320,8,0.11,2278.4,1360,918.4,85,SME,Smart Home,21
O002142,2025-11-16,C0103,Customer 103,Malaysia,Online,A004,Robotics Motion Controller,Electronics,Autonomous,950,2,0.04,1824.0,1080,744.0,59,Retail,Medical Distributors,35
O002143,2024-03-27,C0122,Customer 122,Thailand,Online,A001,Advanced PCB Board,Electronics,Autonomous,450,8,0.06,3384.0,2000,1384.0,3,Retail,Technology,139
O002144,2023-12-17,C0100,Customer 100,China,Direct Sales,M004,Patient Monitoring Module,Medical Equipment,Medical,8500,3,0.07,23715.0,15000,8715.0,19,SME,Robotics,168
O002145,2024-08-20,C0008,Customer 008,Singapore,Distributor,M001,Surgical Light System,Medical Equipment,Medical,12000,1,0.1,10800.0,7000,3800.0,45,SME,Consumer Electronics,155
O002146,2024-07-22,C0116,Customer 116,Thailand,Online,M003,Anesthesia Machine,Medical Equipment,Medical,25000,2,0.09,45500.0,30000,15500.0,50,SME,Hospital Systems,87
O002147,2023-04-16,C0050,Customer 050,Malaysia,Distributor,S003,Wireless Sensor Node,IoT Devices,Smart Devices,95,10,0.12,836.0,450,386.0,28,SME,Technology,103
O002148,2024-03-06,C0090,Customer 090,China,Direct Sales,S001,Smart Home Controller,IoT Devices,Smart Devices,180,9,0.03,1571.4,810,761.4,71,Enterprise,Smart Home,33
O002149,2024-12-12,C0210,Customer 210,Malaysia,Online,S003,Wireless Sensor Node,IoT Devices,Smart Devices,95,9,0.06,803.7,405,398.7,30,SME,Automotive OEM,119
O002150,2024-06-24,C0215,Customer 215,Singapore,Distributor,S004,Smart Lock Control Board,IoT Devices,Smart Devices,140,11,0.07,1432.2,770,662.2,74,Enterprise,Consumer Electronics,76
O002151,2024-08-26,C0062,Customer 062,Indonesia,Direct Sales,A002,Control Unit Module,Electronics,Autonomous,780,2,0.07,1450.8,840,610.8,10,Retail,Medical Distributors,138
O002152,2023-01-22,C0004,Customer 004,Indonesia,Distributor,A002,Control Unit Module,Electronics,Autonomous,780,3,0.12,2059.2,1260,799.2,92,Enterprise,Robotics,167
O002153,2024-07-26,C0167,Customer 167,Malaysia,Online,M003,Anesthesia Machine,Medical Equipment,Medical,25000,2,0.1,45000.0,30000,15000.0,83,SME,Robotics,39
O002154,2023-08-06,C0109,Customer 109,Thailand,Retail,S004,Smart Lock Control Board,IoT Devices,Smart Devices,140,10,0.08,1288.0,700,588.0,18,Retail,Medical Distributors,39
O002155,2024-06-11,C0117,Customer 117,China,Distributor,S003,Wireless Sensor Node,IoT Devices,Smart Devices,95,9,0.1,769.5,405,364.5,17,SME,Technology,160
O002156,2024-03-27,C0090,Customer 090,China,Online,A002,Control Unit Module,Electronics,Autonomous,780,7,0.04,5241.6,2940,2301.6,71,Enterprise,Smart Home,33
O002157,2025-03-20,C0090,Customer 090,China,Retail,M003,Anesthesia Machine,Medical Equipment,Medical,25000,2,0.1,45000.0,30000,15000.0,71,Enterprise,Smart Home,33
O002158,2025-06-07,C0203,Customer 203,China,Distributor,A002,Control Unit Module,Electronics,Autonomous,780,6,0.14,4024.8,2520,1504.8,80,Retail,Hospital Systems,18
O002159,2023-07-11,C0018,Customer 018,Singapore,Distributor,A004,Robotics Motion Controller,Electronics,Autonomous,950,4,0.1,3420.0,2160,1260.0,35,Retail,Industrial Automation,17
O002160,2023-12-27,C0034,Customer 034,Singapore,Retail,M004,Patient Monitoring Module,Medical Equipment,Medical,8500,1,0.1,7650.0,5000,2650.0,17,Retail,Automotive OEM,169
O002161,2024-01-05,C0124,Customer 124,Singapore,Online,S003,Wireless Sensor Node,IoT Devices,Smart Devices,95,7,0.0,665.0,315,350.0,4,Retail,Hospital Systems,64
O002162,2023-11-30,C0150,Customer 150,China,Retail,M003,Anesthesia Machine,Medical Equipment,Medical,25000,3,0.15,63750.0,45000,18750.0,13,Enterprise,Smart Home,50
O002163,2024-01-20,C0010,Customer 010,China,Distributor,M002,Operating Table,Medical Equipment,Medical,18000,1,0.09,16380.0,11000,5380.0,81,Enterprise,Smart Home,159
O002164,2024-05-17,C0128,Customer 128,Singapore,Retail,A004,Robotics Motion Controller,Electronics,Autonomous,950,5,0.03,4607.5,2700,1907.5,40,Retail,Automotive OEM,28
O002165,2025-12-14,C0060,Customer 060,Thailand,Direct Sales,M003,Anesthesia Machine,Medical Equipment,Medical,25000,2,0.14,43000.0,30000,13000.0,17,Enterprise,Industrial Automation,172
O002166,2025-02-12,C0109,Customer 109,Thailand,Direct Sales,A003,Sensor Processing Unit,Electronics,Autonomous,620,5,0.03,3007.0,1750,1257.0,18,Retail,Medical Distributors,39
O002167,2023-01-28,C0105,Customer 105,Indonesia,Direct Sales,S003,Wireless Sensor Node,IoT Devices,Smart Devices,95,8,0.04,729.6,360,369.6,21,SME,Technology,122
O002168,2023-06-21,C0184,Customer 184,China,Distributor,A001,Advanced PCB Board,Electronics,Autonomous,450,7,0.14,2709.0,1750,959.0,91,Enterprise,Robotics,41
O002169,2023-01-28,C0135,Customer 135,China,Direct Sales,M001,Surgical Light System,Medical Equipment,Medical,12000,1,0.07,11160.0,7000,4160.0,91,Retail,Technology,40
O002170,2024-11-24,C0107,Customer 107,Indonesia,Direct Sales,S004,Smart Lock Control Board,IoT Devices,Smart Devices,140,5,0.05,665.0,350,315.0,36,SME,Robotics,113
O002171,2025-09-10,C0185,Customer 185,Thailand,Retail,S002,Drone Navigation Module,IoT Devices,Smart Devices,320,8,0.1,2304.0,1360,944.0,12,SME,Industrial Automation,58
O002172,2024-09-21,C0213,Customer 213,Thailand,Retail,A002,Control Unit Module,Electronics,Autonomous,780,5,0.03,3783.0,2100,1683.0,89,SME,Industrial Automation,65
O002173,2023-04-25,C0071,Customer 071,Malaysia,Online,S001,Smart Home Controller,IoT Devices,Smart Devices,180,6,0.09,982.8,540,442.8,21,SME,Smart Home,114
O002174,2023-09-10,C0181,Customer 181,Indonesia,Direct Sales,M001,Surgical Light System,Medical Equipment,Medical,12000,1,0.04,11520.0,7000,4520.0,25,SME,Hospital Systems,133
O002175,2024-08-30,C0181,Customer 181,Indonesia,Retail,M002,Operating Table,Medical Equipment,Medical,18000,3,0.04,51840.0,33000,18840.0,25,SME,Hospital Systems,133
O002176,2024-04-04,C0073,Customer 073,Malaysia,Distributor,M001,Surgical Light System,Medical Equipment,Medical,12000,4,0.06,45120.0,28000,17120.0,75,SME,Consumer Electronics,142
O002177,2023-10-29,C0135,Customer 135,China,Online,A002,Control Unit Module,Electronics,Autonomous,780,4,0.04,2995.2,1680,1315.2,91,Retail,Technology,40
O002178,2025-02-26,C0129,Customer 129,Indonesia,Direct Sales,S003,Wireless Sensor Node,IoT Devices,Smart Devices,95,8,0.07,706.8,360,346.8,74,Enterprise,Smart Home,174
O002179,2023-08-14,C0188,Customer 188,China,Direct Sales,M004,Patient Monitoring Module,Medical Equipment,Medical,8500,1,0.1,7650.0,5000,2650.0,32,Retail,Technology,117
O002180,2024-07-31,C0186,Customer 186,Singapore,Direct Sales,A002,Control Unit Module,Electronics,Autonomous,780,7,0.07,5077.8,2940,2137.8,83,SME,Medical Distributors,40
O002181,2023-08-31,C0039,Customer 039,Malaysia,Direct Sales,A002,Control Unit Module,Electronics,Autonomous,780,8,0.09,5678.4,3360,2318.4,76,Enterprise,Hospital Systems,142
O002182,2023-11-06,C0019,Customer 019,Malaysia,Retail,M003,Anesthesia Machine,Medical Equipment,Medical,25000,2,0.07,46500.0,30000,16500.0,28,Retail,Consumer Electronics,168
O002183,2024-01-07,C0205,Customer 205,China,Retail,S003,Wireless Sensor Node,IoT Devices,Smart Devices,95,9,0.01,846.45,405,441.45,57,Retail,Medical Distributors,43
O002184,2024-09-09,C0063,Customer 063,Malaysia,Online,S002,Drone Navigation Module,IoT Devices,Smart Devices,320,9,0.06,2707.2,1530,1177.2,45,SME,Automotive OEM,18
O002185,2023-08-01,C0074,Customer 074,Malaysia,Retail,A001,Advanced PCB Board,Electronics,Autonomous,450,4,0.07,1674.0,1000,674.0,40,SME,Hospital Systems,94
O002186,2024-06-27,C0060,Customer 060,Thailand,Direct Sales,S004,Smart Lock Control Board,IoT Devices,Smart Devices,140,7,0.1,882.0,490,392.0,17,Enterprise,Industrial Automation,172
O002187,2023-11-01,C0044,Customer 044,China,Distributor,S003,Wireless Sensor Node,IoT Devices,Smart Devices,95,7,0.06,625.1,315,310.1,85,Enterprise,Medical Distributors,111
O002188,2025-03-10,C0169,Customer 169,Thailand,Retail,A004,Robotics Motion Controller,Electronics,Autonomous,950,2,0.09,1729.0,1080,649.0,57,SME,Smart Home,32
O002189,2023-08-20,C0134,Customer 134,Thailand,Retail,S002,Drone Navigation Module,IoT Devices,Smart Devices,320,6,0.12,1689.6,1020,669.6,63,Enterprise,Industrial Automation,28
O002190,2024-07-24,C0104,Customer 104,China,Direct Sales,M003,Anesthesia Machine,Medical Equipment,Medical,25000,2,0.05,47500.0,30000,17500.0,57,SME,Consumer Electronics,157
O002191,2023-09-19,C0097,Customer 097,Thailand,Retail,M003,Anesthesia Machine,Medical Equipment,Medical,25000,2,0.12,44000.0,30000,14000.0,19,Enterprise,Robotics,7
O002192,2025-10-09,C0169,Customer 169,Thailand,Retail,A003,Sensor Processing Unit,Electronics,Autonomous,620,4,0.08,2281.6,1400,881.6,57,SME,Smart Home,32
O002193,2025-04-27,C0177,Customer 177,Thailand,Online,S002,Drone Navigation Module,IoT Devices,Smart Devices,320,9,0.04,2764.8,1530,1234.8,21,Enterprise,Medical Distributors,85
O002194,2024-05-18,C0180,Customer 180,Thailand,Retail,A003,Sensor Processing Unit,Electronics,Autonomous,620,1,0.06,582.8,350,232.8,66,Enterprise,Industrial Automation,1
O002195,2025-12-29,C0063,Customer 063,Malaysia,Distributor,A004,Robotics Motion Controller,Electronics,Autonomous,950,3,0.09,2593.5,1620,973.5,45,SME,Automotive OEM,18
O002196,2025-05-13,C0043,Customer 043,Malaysia,Distributor,S001,Smart Home Controller,IoT Devices,Smart Devices,180,6,0.09,982.8,540,442.8,32,SME,Technology,122
O002197,2024-04-26,C0114,Customer 114,Thailand,Direct Sales,A002,Control Unit Module,Electronics,Autonomous,780,3,0.04,2246.4,1260,986.4,54,Enterprise,Industrial Automation,138
O002198,2023-02-05,C0051,Customer 051,Singapore,Retail,A002,Control Unit Module,Electronics,Autonomous,780,2,0.1,1404.0,840,564.0,50,Enterprise,Hospital Systems,68
O002199,2023-08-14,C0005,Customer 005,Indonesia,Online,M001,Surgical Light System,Medical Equipment,Medical,12000,2,0.06,22560.0,14000,8560.0,76,SME,Technology,72
O002200,2023-10-13,C0203,Customer 203,China,Retail,A001,Advanced PCB Board,Electronics,Autonomous,450,5,0.03,2182.5,1250,932.5,80,Retail,Hospital Systems,18
O002201,2025-05-12,C0076,Customer 076,Singapore,Distributor,M004,Patient Monitoring Module,Medical Equipment,Medical,8500,6,0.09,46410.0,30000,16410.0,80,SME,Industrial Automation,40
O002202,2023-04-25,C0034,Customer 034,Singapore,Distributor,S004,Smart Lock Control Board,IoT Devices,Smart Devices,140,8,0.01,1108.8,560,548.8,17,Retail,Automotive OEM,169
O002203,2023-10-21,C0174,Customer 174,Indonesia,Direct Sales,A003,Sensor Processing Unit,Electronics,Autonomous,620,5,0.08,2852.0,1750,1102.0,61,Enterprise,Automotive OEM,133
O002204,2025-05-19,C0068,Customer 068,Indonesia,Direct Sales,A002,Control Unit Module,Electronics,Autonomous,780,5,0.08,3588.0,2100,1488.0,27,Enterprise,Consumer Electronics,176
O002205,2023-06-01,C0100,Customer 100,China,Distributor,A004,Robotics Motion Controller,Electronics,Autonomous,950,4,0.05,3610.0,2160,1450.0,19,SME,Robotics,168
O002206,2025-01-18,C0057,Customer 057,Malaysia,Direct Sales,M003,Anesthesia Machine,Medical Equipment,Medical,25000,1,0.05,23750.0,15000,8750.0,75,SME,Robotics,153
O002207,2023-01-26,C0078,Customer 078,Malaysia,Retail,S002,Drone Navigation Module,IoT Devices,Smart Devices,320,7,0.04,2150.4,1190,960.4,53,SME,Consumer Electronics,172
O002208,2024-01-09,C0112,Customer 112,China,Distributor,A004,Robotics Motion Controller,Electronics,Autonomous,950,5,0.12,4180.0,2700,1480.0,50,Enterprise,Industrial Automation,150
O002209,2024-09-05,C0056,Customer 056,Singapore,Retail,A004,Robotics Motion Controller,Electronics,Autonomous,950,5,0.08,4370.0,2700,1670.0,77,Retail,Medical Distributors,18
O002210,2025-06-28,C0191,Customer 191,Indonesia,Direct Sales,S003,Wireless Sensor Node,IoT Devices,Smart Devices,95,10,0.06,893.0,450,443.0,37,Enterprise,Hospital Systems,77
O002211,2023-11-16,C0078,Customer 078,Malaysia,Direct Sales,M001,Surgical Light System,Medical Equipment,Medical,12000,3,0.07,33480.0,21000,12480.0,53,SME,Consumer Electronics,172
O002212,2023-12-22,C0191,Customer 191,Indonesia,Distributor,S001,Smart Home Controller,IoT Devices,Smart Devices,180,11,0.03,1920.6,990,930.6,37,Enterprise,Hospital Systems,77
O002213,2025-05-17,C0106,Customer 106,China,Retail,S003,Wireless Sensor Node,IoT Devices,Smart Devices,95,5,0.08,437.0,225,212.0,82,Enterprise,Robotics,71
O002214,2024-06-12,C0041,Customer 041,Singapore,Online,S002,Drone Navigation Module,IoT Devices,Smart Devices,320,9,0.09,2620.8,1530,1090.8,43,Enterprise,Hospital Systems,19
O002215,2025-05-17,C0220,Customer 220,Malaysia,Online,M003,Anesthesia Machine,Medical Equipment,Medical,25000,2,0.1,45000.0,30000,15000.0,40,SME,Hospital Systems,113
O002216,2025-12-04,C0004,Customer 004,Indonesia,Distributor,A003,Sensor Processing Unit,Electronics,Autonomous,620,4,0.12,2182.4,1400,782.4,92,Enterprise,Robotics,167
O002217,2025-03-31,C0168,Customer 168,Thailand,Direct Sales,S002,Drone Navigation Module,IoT Devices,Smart Devices,320,10,0.02,3136.0,1700,1436.0,8,Retail,Medical Distributors,43
O002218,2024-01-12,C0013,Customer 013,China,Direct Sales,S004,Smart Lock Control Board,IoT Devices,Smart Devices,140,9,0.1,1134.0,630,504.0,21,Enterprise,Consumer Electronics,95
O002219,2025-08-17,C0192,Customer 192,Indonesia,Online,A004,Robotics Motion Controller,Electronics,Autonomous,950,5,0.07,4417.5,2700,1717.5,20,SME,Technology,115
O002220,2025-04-09,C0083,Customer 083,Indonesia,Distributor,A003,Sensor Processing Unit,Electronics,Autonomous,620,5,0.06,2914.0,1750,1164.0,4,SME,Consumer Electronics,30
O002221,2025-01-30,C0189,Customer 189,Indonesia,Retail,S003,Wireless Sensor Node,IoT Devices,Smart Devices,95,4,0.05,361.0,180,181.0,77,Enterprise,Robotics,131
O002222,2023-08-11,C0143,Customer 143,China,Direct Sales,M002,Operating Table,Medical Equipment,Medical,18000,2,0.06,33840.0,22000,11840.0,89,SME,Robotics,122
O002223,2024-11-18,C0175,Customer 175,China,Distributor,M001,Surgical Light System,Medical Equipment,Medical,12000,3,0.05,34200.0,21000,13200.0,75,Retail,Automotive OEM,112
O002224,2023-08-07,C0060,Customer 060,Thailand,Distributor,M002,Operating Table,Medical Equipment,Medical,18000,1,0.14,15480.0,11000,4480.0,17,Enterprise,Industrial Automation,172
O002225,2024-09-25,C0214,Customer 214,China,Distributor,M004,Patient Monitoring Module,Medical Equipment,Medical,8500,2,0.07,15810.0,10000,5810.0,50,Retail,Robotics,124
O002226,2023-03-08,C0135,Customer 135,China,Online,M004,Patient Monitoring Module,Medical Equipment,Medical,8500,2,0.04,16320.0,10000,6320.0,91,Retail,Technology,40
O002227,2023-04-02,C0212,Customer 212,Indonesia,Retail,S002,Drone Navigation Module,IoT Devices,Smart Devices,320,9,0.03,2793.6,1530,1263.6,45,Enterprise,Technology,151
O002228,2024-10-06,C0148,Customer 148,Thailand,Online,M002,Operating Table,Medical Equipment,Medical,18000,1,0.08,16560.0,11000,5560.0,41,Enterprise,Robotics,31
O002229,2024-12-31,C0217,Customer 217,Indonesia,Retail,A001,Advanced PCB Board,Electronics,Autonomous,450,3,0.06,1269.0,750,519.0,78,Retail,Hospital Systems,128
O002230,2024-10-06,C0067,Customer 067,Singapore,Online,A003,Sensor Processing Unit,Electronics,Autonomous,620,7,0.1,3906.0,2450,1456.0,35,Retail,Automotive OEM,73
O002231,2023-07-19,C0002,Customer 002,Malaysia,Retail,A002,Control Unit Module,Electronics,Autonomous,780,6,0.09,4258.8,2520,1738.8,76,SME,Medical Distributors,109
O002232,2025-10-28,C0022,Customer 022,China,Distributor,M002,Operating Table,Medical Equipment,Medical,18000,2,0.03,34920.0,22000,12920.0,47,Retail,Industrial Automation,57
O002233,2025-02-21,C0078,Customer 078,Malaysia,Direct Sales,A004,Robotics Motion Controller,Electronics,Autonomous,950,4,0.04,3648.0,2160,1488.0,53,SME,Consumer Electronics,172
O002234,2023-11-07,C0173,Customer 173,Malaysia,Retail,S003,Wireless Sensor Node,IoT Devices,Smart Devices,95,6,0.01,564.3,270,294.3,87,Retail,Hospital Systems,69
O002235,2023-07-11,C0070,Customer 070,China,Distributor,S004,Smart Lock Control Board,IoT Devices,Smart Devices,140,10,0.07,1302.0,700,602.0,1,Retail,Hospital Systems,86
O002236,2023-10-16,C0017,Customer 017,Indonesia,Distributor,S004,Smart Lock Control Board,IoT Devices,Smart Devices,140,6,0.12,739.2,420,319.2,8,Enterprise,Consumer Electronics,59
O002237,2025-10-24,C0176,Customer 176,China,Online,S001,Smart Home Controller,IoT Devices,Smart Devices,180,17,0.04,2937.6,1530,1407.6,45,Retail,Technology,105
O002238,2023-09-26,C0095,Customer 095,Indonesia,Online,A002,Control Unit Module,Electronics,Autonomous,780,5,0.05,3705.0,2100,1605.0,85,SME,Automotive OEM,22
O002239,2025-06-01,C0163,Customer 163,Malaysia,Retail,M001,Surgical Light System,Medical Equipment,Medical,12000,1,0.1,10800.0,7000,3800.0,21,Enterprise,Medical Distributors,1
O002240,2023-06-03,C0129,Customer 129,Indonesia,Retail,M003,Anesthesia Machine,Medical Equipment,Medical,25000,1,0.09,22750.0,15000,7750.0,74,Enterprise,Smart Home,174
O002241,2023-01-31,C0093,Customer 093,Thailand,Online,M003,Anesthesia Machine,Medical Equipment,Medical,25000,1,0.13,21750.0,15000,6750.0,75,Enterprise,Industrial Automation,156
O002242,2023-06-28,C0176,Customer 176,China,Direct Sales,A004,Robotics Motion Controller,Electronics,Autonomous,950,4,0.06,3572.0,2160,1412.0,45,Retail,Technology,105
O002243,2023-12-14,C0074,Customer 074,Malaysia,Distributor,A001,Advanced PCB Board,Electronics,Autonomous,450,2,0.06,846.0,500,346.0,40,SME,Hospital Systems,94
O002244,2025-01-14,C0097,Customer 097,Thailand,Direct Sales,A002,Control Unit Module,Electronics,Autonomous,780,5,0.03,3783.0,2100,1683.0,19,Enterprise,Robotics,7
O002245,2025-08-01,C0128,Customer 128,Singapore,Retail,A001,Advanced PCB Board,Electronics,Autonomous,450,6,0.1,2430.0,1500,930.0,40,Retail,Automotive OEM,28
O002246,2025-06-24,C0027,Customer 027,Indonesia,Distributor,S003,Wireless Sensor Node,IoT Devices,Smart Devices,95,6,0.08,524.4,270,254.4,15,Retail,Consumer Electronics,76
O002247,2025-09-26,C0009,Customer 009,Thailand,Online,M001,Surgical Light System,Medical Equipment,Medical,12000,1,0.09,10920.0,7000,3920.0,69,Retail,Technology,32
O002248,2025-04-01,C0014,Customer 014,Thailand,Distributor,A003,Sensor Processing Unit,Electronics,Autonomous,620,7,0.09,3949.4,2450,1499.4,90,Enterprise,Smart Home,175
O002249,2025-11-15,C0136,Customer 136,China,Online,S002,Drone Navigation Module,IoT Devices,Smart Devices,320,7,0.06,2105.6,1190,915.6,79,Enterprise,Smart Home,138
O002250,2025-04-26,C0179,Customer 179,Indonesia,Retail,S001,Smart Home Controller,IoT Devices,Smart Devices,180,12,0.05,2052.0,1080,972.0,41,Enterprise,Medical Distributors,65
O002251,2023-03-29,C0003,Customer 003,Singapore,Direct Sales,S002,Drone Navigation Module,IoT Devices,Smart Devices,320,7,0.1,2016.0,1190,826.0,30,Enterprise,Robotics,130
O002252,2024-05-16,C0124,Customer 124,Singapore,Direct Sales,S004,Smart Lock Control Board,IoT Devices,Smart Devices,140,16,0.01,2217.6,1120,1097.6,4,Retail,Hospital Systems,64
O002253,2023-08-04,C0056,Customer 056,Singapore,Retail,A001,Advanced PCB Board,Electronics,Autonomous,450,8,0.03,3492.0,2000,1492.0,77,Retail,Medical Distributors,18
O002254,2025-03-28,C0106,Customer 106,China,Distributor,M002,Operating Table,Medical Equipment,Medical,18000,1,0.12,15840.0,11000,4840.0,82,Enterprise,Robotics,71
O002255,2025-08-04,C0148,Customer 148,Thailand,Direct Sales,S003,Wireless Sensor Node,IoT Devices,Smart Devices,95,7,0.06,625.1,315,310.1,41,Enterprise,Robotics,31
O002256,2025-08-17,C0190,Customer 190,Malaysia,Retail,S003,Wireless Sensor Node,IoT Devices,Smart Devices,95,6,0.01,564.3,270,294.3,54,Retail,Smart Home,88
O002257,2024-01-05,C0011,Customer 011,Thailand,Direct Sales,S004,Smart Lock Control Board,IoT Devices,Smart Devices,140,8,0.11,996.8,560,436.8,6,SME,Medical Distributors,170
O002258,2025-03-23,C0111,Customer 111,Singapore,Distributor,A003,Sensor Processing Unit,Electronics,Autonomous,620,5,0.09,2821.0,1750,1071.0,70,SME,Consumer Electronics,120
O002259,2023-05-13,C0167,Customer 167,Malaysia,Online,A002,Control Unit Module,Electronics,Autonomous,780,4,0.1,2808.0,1680,1128.0,83,SME,Robotics,39
O002260,2025-09-22,C0213,Customer 213,Thailand,Retail,M004,Patient Monitoring Module,Medical Equipment,Medical,8500,3,0.04,24480.0,15000,9480.0,89,SME,Industrial Automation,65
O002261,2025-07-19,C0093,Customer 093,Thailand,Distributor,M001,Surgical Light System,Medical Equipment,Medical,12000,2,0.17,19920.0,14000,5920.0,75,Enterprise,Industrial Automation,156
O002262,2023-10-26,C0027,Customer 027,Indonesia,Distributor,S003,Wireless Sensor Node,IoT Devices,Smart Devices,95,6,0.03,552.9,270,282.9,15,Retail,Consumer Electronics,76
O002263,2023-03-06,C0041,Customer 041,Singapore,Retail,S002,Drone Navigation Module,IoT Devices,Smart Devices,320,9,0.04,2764.8,1530,1234.8,43,Enterprise,Hospital Systems,19
O002264,2025-01-10,C0011,Customer 011,Thailand,Retail,A003,Sensor Processing Unit,Electronics,Autonomous,620,10,0.04,5952.0,3500,2452.0,6,SME,Medical Distributors,170
O002265,2024-03-09,C0171,Customer 171,Indonesia,Retail,M001,Surgical Light System,Medical Equipment,Medical,12000,1,0.05,11400.0,7000,4400.0,77,SME,Medical Distributors,11
O002266,2023-12-27,C0204,Customer 204,Malaysia,Distributor,M002,Operating Table,Medical Equipment,Medical,18000,3,0.03,52380.0,33000,19380.0,30,SME,Smart Home,24
O002267,2025-04-09,C0137,Customer 137,China,Online,M002,Operating Table,Medical Equipment,Medical,18000,1,0.09,16380.0,11000,5380.0,42,SME,Smart Home,63
O002268,2025-07-13,C0150,Customer 150,China,Distributor,A003,Sensor Processing Unit,Electronics,Autonomous,620,3,0.12,1636.8,1050,586.8,13,Enterprise,Smart Home,50
O002269,2024-06-15,C0090,Customer 090,China,Direct Sales,M003,Anesthesia Machine,Medical Equipment,Medical,25000,1,0.09,22750.0,15000,7750.0,71,Enterprise,Smart Home,33
O002270,2025-05-27,C0023,Customer 023,Malaysia,Online,A002,Control Unit Module,Electronics,Autonomous,780,4,0.03,3026.4,1680,1346.4,7,SME,Medical Distributors,29
O002271,2024-12-16,C0042,Customer 042,Indonesia,Retail,A003,Sensor Processing Unit,Electronics,Autonomous,620,3,0.06,1748.4,1050,698.4,28,Enterprise,Technology,139
O002272,2023-11-26,C0053,Customer 053,Thailand,Retail,S004,Smart Lock Control Board,IoT Devices,Smart Devices,140,9,0.06,1184.4,630,554.4,75,Enterprise,Hospital Systems,139
O002273,2025-03-07,C0198,Customer 198,Indonesia,Distributor,M001,Surgical Light System,Medical Equipment,Medical,12000,2,0.09,21840.0,14000,7840.0,57,Enterprise,Medical Distributors,26
O002274,2023-10-24,C0025,Customer 025,China,Online,A002,Control Unit Module,Electronics,Autonomous,780,6,0.02,4586.4,2520,2066.4,68,SME,Technology,65
O002275,2025-07-28,C0149,Customer 149,Indonesia,Retail,M003,Anesthesia Machine,Medical Equipment,Medical,25000,2,0.09,45500.0,30000,15500.0,25,Retail,Automotive OEM,56
O002276,2023-08-21,C0095,Customer 095,Indonesia,Retail,S003,Wireless Sensor Node,IoT Devices,Smart Devices,95,7,0.05,631.75,315,316.75,85,SME,Automotive OEM,22
O002277,2023-01-08,C0010,Customer 010,China,Distributor,A004,Robotics Motion Controller,Electronics,Autonomous,950,3,0.11,2536.5,1620,916.5,81,Enterprise,Smart Home,159
O002278,2023-07-19,C0193,Customer 193,Indonesia,Distributor,M001,Surgical Light System,Medical Equipment,Medical,12000,4,0.08,44160.0,28000,16160.0,71,SME,Consumer Electronics,140
O002279,2024-01-20,C0033,Customer 033,Singapore,Distributor,A003,Sensor Processing Unit,Electronics,Autonomous,620,4,0.11,2207.2,1400,807.2,11,Enterprise,Medical Distributors,125
O002280,2024-03-18,C0005,Customer 005,Indonesia,Distributor,A002,Control Unit Module,Electronics,Autonomous,780,2,0.15,1326.0,840,486.0,76,SME,Technology,72
O002281,2023-01-30,C0203,Customer 203,China,Online,A002,Control Unit Module,Electronics,Autonomous,780,5,0.02,3822.0,2100,1722.0,80,Retail,Hospital Systems,18
O002282,2024-09-20,C0003,Customer 003,Singapore,Direct Sales,S001,Smart Home Controller,IoT Devices,Smart Devices,180,8,0.09,1310.4,720,590.4,30,Enterprise,Robotics,130
O002283,2025-07-22,C0208,Customer 208,Indonesia,Retail,A003,Sensor Processing Unit,Electronics,Autonomous,620,5,0.05,2945.0,1750,1195.0,22,SME,Automotive OEM,45
O002284,2025-05-22,C0023,Customer 023,Malaysia,Online,S001,Smart Home Controller,IoT Devices,Smart Devices,180,5,0.04,864.0,450,414.0,7,SME,Medical Distributors,29
O002285,2023-12-27,C0076,Customer 076,Singapore,Retail,A004,Robotics Motion Controller,Electronics,Autonomous,950,4,0.05,3610.0,2160,1450.0,80,SME,Industrial Automation,40
O002286,2023-11-30,C0194,Customer 194,China,Retail,S001,Smart Home Controller,IoT Devices,Smart Devices,180,4,0.06,676.8,360,316.8,25,SME,Consumer Electronics,179
O002287,2025-06-14,C0176,Customer 176,China,Online,S003,Wireless Sensor Node,IoT Devices,Smart Devices,95,10,0.06,893.0,450,443.0,45,Retail,Technology,105
O002288,2023-07-23,C0078,Customer 078,Malaysia,Direct Sales,M002,Operating Table,Medical Equipment,Medical,18000,3,0.04,51840.0,33000,18840.0,53,SME,Consumer Electronics,172
O002289,2023-02-03,C0059,Customer 059,Indonesia,Retail,S002,Drone Navigation Module,IoT Devices,Smart Devices,320,8,0.04,2457.6,1360,1097.6,27,SME,Smart Home,172
O002290,2023-07-24,C0128,Customer 128,Singapore,Retail,S003,Wireless Sensor Node,IoT Devices,Smart Devices,95,5,0.04,456.0,225,231.0,40,Retail,Automotive OEM,28
O002291,2023-03-08,C0160,Customer 160,China,Online,S003,Wireless Sensor Node,IoT Devices,Smart Devices,95,9,0.07,795.15,405,390.15,76,Retail,Smart Home,110
O002292,2024-03-09,C0015,Customer 015,Singapore,Retail,M004,Patient Monitoring Module,Medical Equipment,Medical,8500,3,0.07,23715.0,15000,8715.0,69,SME,Automotive OEM,63
O002293,2023-08-23,C0085,Customer 085,Indonesia,Retail,M004,Patient Monitoring Module,Medical Equipment,Medical,8500,2,0.1,15300.0,10000,5300.0,56,SME,Consumer Electronics,156
O002294,2024-12-19,C0143,Customer 143,China,Retail,A004,Robotics Motion Controller,Electronics,Autonomous,950,5,0.09,4322.5,2700,1622.5,89,SME,Robotics,122
O002295,2025-03-21,C0126,Customer 126,China,Online,M001,Surgical Light System,Medical Equipment,Medical,12000,2,0.08,22080.0,14000,8080.0,60,SME,Robotics,180
O002296,2025-11-05,C0217,Customer 217,Indonesia,Online,A001,Advanced PCB Board,Electronics,Autonomous,450,3,0.09,1228.5,750,478.5,78,Retail,Hospital Systems,128
O002297,2024-06-25,C0045,Customer 045,Thailand,Retail,A001,Advanced PCB Board,Electronics,Autonomous,450,7,0.07,2929.5,1750,1179.5,94,SME,Technology,14
O002298,2023-01-09,C0183,Customer 183,Singapore,Direct Sales,A003,Sensor Processing Unit,Electronics,Autonomous,620,5,0.02,3038.0,1750,1288.0,37,Enterprise,Automotive OEM,113
O002299,2023-11-11,C0196,Customer 196,Thailand,Online,A002,Control Unit Module,Electronics,Autonomous,780,5,0.05,3705.0,2100,1605.0,50,SME,Industrial Automation,170
O002300,2025-05-30,C0219,Customer 219,Malaysia,Retail,M004,Patient Monitoring Module,Medical Equipment,Medical,8500,1,0.04,8160.0,5000,3160.0,87,SME,Smart Home,169
O002301,2025-03-16,C0201,Customer 201,Thailand,Retail,M001,Surgical Light System,Medical Equipment,Medical,12000,2,0.09,21840.0,14000,7840.0,84,Enterprise,Industrial Automation,21
O002302,2025-03-10,C0079,Customer 079,Malaysia,Distributor,S004,Smart Lock Control Board,IoT Devices,Smart Devices,140,9,0.07,1171.8,630,541.8,49,Enterprise,Medical Distributors,10
O002303,2024-10-13,C0173,Customer 173,Malaysia,Distributor,S001,Smart Home Controller,IoT Devices,Smart Devices,180,9,0.03,1571.4,810,761.4,87,Retail,Hospital Systems,69
O002304,2023-07-23,C0152,Customer 152,Indonesia,Distributor,S004,Smart Lock Control Board,IoT Devices,Smart Devices,140,11,0.08,1416.8,770,646.8,7,Enterprise,Hospital Systems,142
O002305,2025-03-13,C0113,Customer 113,Singapore,Online,S003,Wireless Sensor Node,IoT Devices,Smart Devices,95,6,0.07,530.1,270,260.1,62,Retail,Industrial Automation,2
O002306,2023-11-22,C0082,Customer 082,Thailand,Distributor,A002,Control Unit Module,Electronics,Autonomous,780,4,0.06,2932.8,1680,1252.8,45,Retail,Smart Home,165
O002307,2023-02-22,C0144,Customer 144,China,Direct Sales,A003,Sensor Processing Unit,Electronics,Autonomous,620,11,0.07,6342.6,3850,2492.6,12,SME,Hospital Systems,76
O002308,2023-11-10,C0115,Customer 115,Indonesia,Direct Sales,M001,Surgical Light System,Medical Equipment,Medical,12000,1,0.07,11160.0,7000,4160.0,63,Retail,Robotics,57
O002309,2023-02-21,C0092,Customer 092,Indonesia,Distributor,S004,Smart Lock Control Board,IoT Devices,Smart Devices,140,8,0.12,985.6,560,425.6,71,SME,Industrial Automation,1
O002310,2025-01-03,C0108,Customer 108,Singapore,Distributor,M003,Anesthesia Machine,Medical Equipment,Medical,25000,1,0.08,23000.0,15000,8000.0,35,SME,Robotics,86
O002311,2024-03-30,C0060,Customer 060,Thailand,Distributor,A001,Advanced PCB Board,Electronics,Autonomous,450,5,0.1,2025.0,1250,775.0,17,Enterprise,Industrial Automation,172
O002312,2024-05-17,C0111,Customer 111,Singapore,Retail,S004,Smart Lock Control Board,IoT Devices,Smart Devices,140,6,0.1,756.0,420,336.0,70,SME,Consumer Electronics,120
O002313,2023-04-16,C0209,Customer 209,Singapore,Direct Sales,A001,Advanced PCB Board,Electronics,Autonomous,450,3,0.09,1228.5,750,478.5,80,SME,Industrial Automation,175
O002314,2023-02-17,C0103,Customer 103,Malaysia,Direct Sales,S003,Wireless Sensor Node,IoT Devices,Smart Devices,95,6,0.01,564.3,270,294.3,59,Retail,Medical Distributors,35
O002315,2023-09-09,C0048,Customer 048,Malaysia,Distributor,M002,Operating Table,Medical Equipment,Medical,18000,1,0.11,16020.0,11000,5020.0,10,Enterprise,Robotics,114
O002316,2024-01-05,C0126,Customer 126,China,Direct Sales,M002,Operating Table,Medical Equipment,Medical,18000,2,0.06,33840.0,22000,11840.0,60,SME,Robotics,180
O002317,2025-01-10,C0183,Customer 183,Singapore,Retail,M004,Patient Monitoring Module,Medical Equipment,Medical,8500,3,0.09,23205.0,15000,8205.0,37,Enterprise,Automotive OEM,113
O002318,2023-02-14,C0214,Customer 214,China,Direct Sales,A003,Sensor Processing Unit,Electronics,Autonomous,620,4,0.06,2331.2,1400,931.2,50,Retail,Robotics,124
O002319,2023-06-06,C0026,Customer 026,Indonesia,Retail,M004,Patient Monitoring Module,Medical Equipment,Medical,8500,2,0.06,15980.0,10000,5980.0,88,Retail,Hospital Systems,30
O002320,2024-10-04,C0165,Customer 165,Malaysia,Retail,S003,Wireless Sensor Node,IoT Devices,Smart Devices,95,6,0.1,513.0,270,243.0,90,Enterprise,Smart Home,117
O002321,2024-01-04,C0206,Customer 206,Thailand,Direct Sales,A001,Advanced PCB Board,Electronics,Autonomous,450,6,0.09,2457.0,1500,957.0,42,Retail,Hospital Systems,15
O002322,2023-03-06,C0216,Customer 216,Thailand,Online,M002,Operating Table,Medical Equipment,Medical,18000,1,0.18,14760.0,11000,3760.0,36,Enterprise,Industrial Automation,3
O002323,2025-09-18,C0063,Customer 063,Malaysia,Direct Sales,S002,Drone Navigation Module,IoT Devices,Smart Devices,320,7,0.04,2150.4,1190,960.4,45,SME,Automotive OEM,18
O002324,2024-06-05,C0029,Customer 029,Indonesia,Distributor,M002,Operating Table,Medical Equipment,Medical,18000,3,0.07,50220.0,33000,17220.0,81,Retail,Medical Distributors,77
O002325,2023-02-17,C0018,Customer 018,Singapore,Distributor,S001,Smart Home Controller,IoT Devices,Smart Devices,180,6,0.02,1058.4,540,518.4,35,Retail,Industrial Automation,17
O002326,2025-01-17,C0180,Customer 180,Thailand,Distributor,M002,Operating Table,Medical Equipment,Medical,18000,4,0.08,66240.0,44000,22240.0,66,Enterprise,Industrial Automation,1
O002327,2023-10-11,C0184,Customer 184,China,Direct Sales,M004,Patient Monitoring Module,Medical Equipment,Medical,8500,1,0.15,7225.0,5000,2225.0,91,Enterprise,Robotics,41
O002328,2023-09-17,C0210,Customer 210,Malaysia,Online,A001,Advanced PCB Board,Electronics,Autonomous,450,6,0.06,2538.0,1500,1038.0,30,SME,Automotive OEM,119
O002329,2023-07-08,C0100,Customer 100,China,Online,A002,Control Unit Module,Electronics,Autonomous,780,6,0.06,4399.2,2520,1879.2,19,SME,Robotics,168
O002330,2025-10-12,C0215,Customer 215,Singapore,Retail,A003,Sensor Processing Unit,Electronics,Autonomous,620,3,0.09,1692.6,1050,642.6,74,Enterprise,Consumer Electronics,76
O002331,2024-05-27,C0104,Customer 104,China,Distributor,M003,Anesthesia Machine,Medical Equipment,Medical,25000,2,0.08,46000.0,30000,16000.0,57,SME,Consumer Electronics,157
O002332,2024-07-29,C0133,Customer 133,China,Direct Sales,A003,Sensor Processing Unit,Electronics,Autonomous,620,2,0.07,1153.2,700,453.2,65,SME,Medical Distributors,166
O002333,2024-09-30,C0140,Customer 140,China,Distributor,M003,Anesthesia Machine,Medical Equipment,Medical,25000,2,0.1,45000.0,30000,15000.0,63,Retail,Automotive OEM,55
O002334,2025-09-26,C0001,Customer 001,Singapore,Retail,A003,Sensor Processing Unit,Electronics,Autonomous,620,5,0.05,2945.0,1750,1195.0,32,Enterprise,Smart Home,58
O002335,2024-07-10,C0156,Customer 156,Singapore,Direct Sales,A002,Control Unit Module,Electronics,Autonomous,780,5,0.07,3627.0,2100,1527.0,63,Retail,Industrial Automation,19
O002336,2025-05-29,C0021,Customer 021,Malaysia,Online,M004,Patient Monitoring Module,Medical Equipment,Medical,8500,1,0.12,7480.0,5000,2480.0,96,Enterprise,Smart Home,150
O002337,2023-05-12,C0098,Customer 098,Singapore,Distributor,A004,Robotics Motion Controller,Electronics,Autonomous,950,7,0.14,5719.0,3780,1939.0,79,Enterprise,Technology,19
O002338,2025-11-13,C0011,Customer 011,Thailand,Retail,A001,Advanced PCB Board,Electronics,Autonomous,450,6,0.04,2592.0,1500,1092.0,6,SME,Medical Distributors,170
O002339,2025-12-22,C0056,Customer 056,Singapore,Retail,A002,Control Unit Module,Electronics,Autonomous,780,7,0.02,5350.8,2940,2410.8,77,Retail,Medical Distributors,18
O002340,2024-01-04,C0202,Customer 202,Thailand,Retail,A002,Control Unit Module,Electronics,Autonomous,780,3,0.08,2152.8,1260,892.8,41,Retail,Industrial Automation,161
O002341,2025-01-02,C0081,Customer 081,Malaysia,Direct Sales,M004,Patient Monitoring Module,Medical Equipment,Medical,8500,1,0.1,7650.0,5000,2650.0,52,Enterprise,Robotics,85
O002342,2025-01-31,C0123,Customer 123,Singapore,Distributor,A002,Control Unit Module,Electronics,Autonomous,780,4,0.13,2714.4,1680,1034.4,29,Retail,Consumer Electronics,167
O002343,2023-09-08,C0043,Customer 043,Malaysia,Online,M001,Surgical Light System,Medical Equipment,Medical,12000,1,0.08,11040.0,7000,4040.0,32,SME,Technology,122
O002344,2024-11-04,C0076,Customer 076,Singapore,Retail,M004,Patient Monitoring Module,Medical Equipment,Medical,8500,6,0.07,47430.0,30000,17430.0,80,SME,Industrial Automation,40
O002345,2024-10-20,C0001,Customer 001,Singapore,Direct Sales,M004,Patient Monitoring Module,Medical Equipment,Medical,8500,2,0.12,14960.0,10000,4960.0,32,Enterprise,Smart Home,58
O002346,2024-03-10,C0197,Customer 197,Malaysia,Distributor,S001,Smart Home Controller,IoT Devices,Smart Devices,180,8,0.04,1382.4,720,662.4,17,SME,Hospital Systems,129
O002347,2024-07-23,C0211,Customer 211,Thailand,Direct Sales,S004,Smart Lock Control Board,IoT Devices,Smart Devices,140,8,0.08,1030.4,560,470.4,60,SME,Hospital Systems,74
O002348,2025-05-13,C0113,Customer 113,Singapore,Retail,S003,Wireless Sensor Node,IoT Devices,Smart Devices,95,8,0.03,737.2,360,377.2,62,Retail,Industrial Automation,2
O002349,2024-10-17,C0123,Customer 123,Singapore,Distributor,M004,Patient Monitoring Module,Medical Equipment,Medical,8500,3,0.03,24735.0,15000,9735.0,29,Retail,Consumer Electronics,167
O002350,2025-10-08,C0144,Customer 144,China,Direct Sales,A004,Robotics Motion Controller,Electronics,Autonomous,950,9,0.1,7695.0,4860,2835.0,12,SME,Hospital Systems,76
O002351,2025-05-12,C0178,Customer 178,China,Direct Sales,M002,Operating Table,Medical Equipment,Medical,18000,1,0.06,16920.0,11000,5920.0,85,SME,Smart Home,103
O002352,2024-10-31,C0129,Customer 129,Indonesia,Retail,S002,Drone Navigation Module,IoT Devices,Smart Devices,320,5,0.05,1520.0,850,670.0,74,Enterprise,Smart Home,174
O002353,2023-02-13,C0187,Customer 187,China,Direct Sales,A001,Advanced PCB Board,Electronics,Autonomous,450,5,0.07,2092.5,1250,842.5,66,Retail,Smart Home,70
O002354,2023-01-10,C0174,Customer 174,Indonesia,Online,A004,Robotics Motion Controller,Electronics,Autonomous,950,8,0.03,7372.0,4320,3052.0,61,Enterprise,Automotive OEM,133
O002355,2025-04-04,C0026,Customer 026,Indonesia,Direct Sales,M001,Surgical Light System,Medical Equipment,Medical,12000,1,0.05,11400.0,7000,4400.0,88,Retail,Hospital Systems,30
O002356,2023-02-03,C0157,Customer 157,Indonesia,Retail,M002,Operating Table,Medical Equipment,Medical,18000,2,0.04,34560.0,22000,12560.0,20,SME,Hospital Systems,39
O002357,2025-04-30,C0094,Customer 094,Thailand,Online,S004,Smart Lock Control Board,IoT Devices,Smart Devices,140,5,0.05,665.0,350,315.0,87,SME,Technology,55
O002358,2024-12-09,C0195,Customer 195,Malaysia,Direct Sales,A003,Sensor Processing Unit,Electronics,Autonomous,620,5,0.06,2914.0,1750,1164.0,53,SME,Robotics,12
O002359,2024-10-03,C0145,Customer 145,Malaysia,Direct Sales,A004,Robotics Motion Controller,Electronics,Autonomous,950,5,0.05,4512.5,2700,1812.5,40,SME,Robotics,170
O002360,2025-07-19,C0085,Customer 085,Indonesia,Direct Sales,A004,Robotics Motion Controller,Electronics,Autonomous,950,6,0.09,5187.0,3240,1947.0,56,SME,Consumer Electronics,156
O002361,2023-07-30,C0193,Customer 193,Indonesia,Distributor,M001,Surgical Light System,Medical Equipment,Medical,12000,2,0.03,23280.0,14000,9280.0,71,SME,Consumer Electronics,140
O002362,2023-01-22,C0212,Customer 212,Indonesia,Direct Sales,M003,Anesthesia Machine,Medical Equipment,Medical,25000,1,0.18,20500.0,15000,5500.0,45,Enterprise,Technology,151
O002363,2025-06-11,C0119,Customer 119,Singapore,Distributor,M004,Patient Monitoring Module,Medical Equipment,Medical,8500,2,0.09,15470.0,10000,5470.0,18,Enterprise,Industrial Automation,119
O002364,2025-01-25,C0073,Customer 073,Malaysia,Direct Sales,S001,Smart Home Controller,IoT Devices,Smart Devices,180,10,0.11,1602.0,900,702.0,75,SME,Consumer Electronics,142
O002365,2023-04-18,C0169,Customer 169,Thailand,Direct Sales,A001,Advanced PCB Board,Electronics,Autonomous,450,7,0.03,3055.5,1750,1305.5,57,SME,Smart Home,32
O002366,2024-09-15,C0165,Customer 165,Malaysia,Online,M002,Operating Table,Medical Equipment,Medical,18000,2,0.11,32040.0,22000,10040.0,90,Enterprise,Smart Home,117
O002367,2025-02-16,C0088,Customer 088,Singapore,Distributor,A001,Advanced PCB Board,Electronics,Autonomous,450,4,0.14,1548.0,1000,548.0,80,Retail,Consumer Electronics,81
O002368,2025-08-01,C0157,Customer 157,Indonesia,Distributor,M002,Operating Table,Medical Equipment,Medical,18000,2,0.05,34200.0,22000,12200.0,20,SME,Hospital Systems,39
O002369,2023-10-31,C0063,Customer 063,Malaysia,Retail,S002,Drone Navigation Module,IoT Devices,Smart Devices,320,11,0.09,3203.2,1870,1333.2,45,SME,Automotive OEM,18
O002370,2023-09-08,C0043,Customer 043,Malaysia,Distributor,S001,Smart Home Controller,IoT Devices,Smart Devices,180,10,0.08,1656.0,900,756.0,32,SME,Technology,122
O002371,2025-09-30,C0128,Customer 128,Singapore,Online,A001,Advanced PCB Board,Electronics,Autonomous,450,4,0.08,1656.0,1000,656.0,40,Retail,Automotive OEM,28
O002372,2025-09-15,C0219,Customer 219,Malaysia,Direct Sales,M004,Patient Monitoring Module,Medical Equipment,Medical,8500,3,0.05,24225.0,15000,9225.0,87,SME,Smart Home,169
O002373,2024-08-29,C0066,Customer 066,Thailand,Direct Sales,S004,Smart Lock Control Board,IoT Devices,Smart Devices,140,8,0.03,1086.4,560,526.4,18,Retail,Medical Distributors,68
O002374,2024-05-11,C0059,Customer 059,Indonesia,Distributor,S003,Wireless Sensor Node,IoT Devices,Smart Devices,95,8,0.09,691.6,360,331.6,27,SME,Smart Home,172
O002375,2023-06-03,C0046,Customer 046,Singapore,Direct Sales,A004,Robotics Motion Controller,Electronics,Autonomous,950,7,0.04,6384.0,3780,2604.0,14,Enterprise,Consumer Electronics,64
O002376,2024-03-18,C0107,Customer 107,Indonesia,Retail,A004,Robotics Motion Controller,Electronics,Autonomous,950,6,0.04,5472.0,3240,2232.0,36,SME,Robotics,113
O002377,2023-08-03,C0008,Customer 008,Singapore,Distributor,A002,Control Unit Module,Electronics,Autonomous,780,6,0.13,4071.6,2520,1551.6,45,SME,Consumer Electronics,155
O002378,2025-12-16,C0201,Customer 201,Thailand,Online,S001,Smart Home Controller,IoT Devices,Smart Devices,180,5,0.1,810.0,450,360.0,84,Enterprise,Industrial Automation,21
O002379,2024-09-30,C0186,Customer 186,Singapore,Retail,S004,Smart Lock Control Board,IoT Devices,Smart Devices,140,6,0.09,764.4,420,344.4,83,SME,Medical Distributors,40
O002380,2025-10-30,C0198,Customer 198,Indonesia,Distributor,M002,Operating Table,Medical Equipment,Medical,18000,1,0.1,16200.0,11000,5200.0,57,Enterprise,Medical Distributors,26
O002381,2025-01-14,C0062,Customer 062,Indonesia,Retail,A003,Sensor Processing Unit,Electronics,Autonomous,620,2,0.09,1128.4,700,428.4,10,Retail,Medical Distributors,138
O002382,2025-11-17,C0080,Customer 080,China,Retail,M004,Patient Monitoring Module,Medical Equipment,Medical,8500,2,0.1,15300.0,10000,5300.0,45,Enterprise,Technology,79
O002383,2024-07-23,C0179,Customer 179,Indonesia,Distributor,A003,Sensor Processing Unit,Electronics,Autonomous,620,4,0.12,2182.4,1400,782.4,41,Enterprise,Medical Distributors,65
O002384,2023-07-29,C0162,Customer 162,Malaysia,Retail,M003,Anesthesia Machine,Medical Equipment,Medical,25000,4,0.09,91000.0,60000,31000.0,85,SME,Smart Home,21
O002385,2023-08-14,C0026,Customer 026,Indonesia,Direct Sales,M004,Patient Monitoring Module,Medical Equipment,Medical,8500,2,0.09,15470.0,10000,5470.0,88,Retail,Hospital Systems,30
O002386,2024-01-19,C0064,Customer 064,Malaysia,Direct Sales,A001,Advanced PCB Board,Electronics,Autonomous,450,8,0.06,3384.0,2000,1384.0,57,SME,Automotive OEM,140
O002387,2025-12-23,C0081,Customer 081,Malaysia,Online,A004,Robotics Motion Controller,Electronics,Autonomous,950,11,0.04,10032.0,5940,4092.0,52,Enterprise,Robotics,85
O002388,2023-06-22,C0122,Customer 122,Thailand,Retail,A002,Control Unit Module,Electronics,Autonomous,780,4,0.04,2995.2,1680,1315.2,3,Retail,Technology,139
O002389,2025-03-23,C0003,Customer 003,Singapore,Retail,S001,Smart Home Controller,IoT Devices,Smart Devices,180,9,0.08,1490.4,810,680.4,30,Enterprise,Robotics,130
O002390,2023-04-19,C0076,Customer 076,Singapore,Online,A004,Robotics Motion Controller,Electronics,Autonomous,950,8,0.05,7220.0,4320,2900.0,80,SME,Industrial Automation,40
O002391,2023-04-11,C0063,Customer 063,Malaysia,Retail,S003,Wireless Sensor Node,IoT Devices,Smart Devices,95,5,0.1,427.5,225,202.5,45,SME,Automotive OEM,18
O002392,2025-05-15,C0163,Customer 163,Malaysia,Online,M004,Patient Monitoring Module,Medical Equipment,Medical,8500,2,0.1,15300.0,10000,5300.0,21,Enterprise,Medical Distributors,1
O002393,2023-12-28,C0216,Customer 216,Thailand,Online,S002,Drone Navigation Module,IoT Devices,Smart Devices,320,6,0.08,1766.4,1020,746.4,36,Enterprise,Industrial Automation,3
O002394,2025-10-07,C0026,Customer 026,Indonesia,Retail,S001,Smart Home Controller,IoT Devices,Smart Devices,180,7,0.01,1247.4,630,617.4,88,Retail,Hospital Systems,30
O002395,2023-04-13,C0054,Customer 054,Singapore,Distributor,S003,Wireless Sensor Node,IoT Devices,Smart Devices,95,5,0.12,418.0,225,193.0,7,SME,Hospital Systems,150
O002396,2024-03-25,C0189,Customer 189,Indonesia,Direct Sales,M002,Operating Table,Medical Equipment,Medical,18000,4,0.17,59760.0,44000,15760.0,77,Enterprise,Robotics,131
O002397,2024-06-29,C0053,Customer 053,Thailand,Direct Sales,M004,Patient Monitoring Module,Medical Equipment,Medical,8500,2,0.13,14790.0,10000,4790.0,75,Enterprise,Hospital Systems,139
O002398,2024-07-18,C0159,Customer 159,Indonesia,Retail,M004,Patient Monitoring Module,Medical Equipment,Medical,8500,2,0.06,15980.0,10000,5980.0,67,Retail,Robotics,98
O002399,2023-07-27,C0113,Customer 113,Singapore,Online,M004,Patient Monitoring Module,Medical Equipment,Medical,8500,2,0.06,15980.0,10000,5980.0,62,Retail,Industrial Automation,2
O002400,2023-12-17,C0029,Customer 029,Indonesia,Online,M004,Patient Monitoring Module,Medical Equipment,Medical,8500,2,0.07,15810.0,10000,5810.0,81,Retail,Medical Distributors,77
O002401,2024-08-12,C0058,Customer 058,Singapore,Direct Sales,S004,Smart Lock Control Board,IoT Devices,Smart Devices,140,6,0.04,806.4,420,386.4,85,SME,Industrial Automation,150
O002402,2025-10-27,C0103,Customer 103,Malaysia,Retail,S004,Smart Lock Control Board,IoT Devices,Smart Devices,140,8,0.06,1052.8,560,492.8,59,Retail,Medical Distributors,35
O002403,2024-05-03,C0116,Customer 116,Thailand,Online,M003,Anesthesia Machine,Medical Equipment,Medical,25000,2,0.08,46000.0,30000,16000.0,50,SME,Hospital Systems,87
O002404,2023-12-08,C0151,Customer 151,Thailand,Online,M003,Anesthesia Machine,Medical Equipment,Medical,25000,2,0.17,41500.0,30000,11500.0,39,Enterprise,Automotive OEM,4
O002405,2023-10-18,C0012,Customer 012,Malaysia,Retail,M001,Surgical Light System,Medical Equipment,Medical,12000,1,0.06,11280.0,7000,4280.0,30,Retail,Medical Distributors,26
O002406,2023-02-12,C0185,Customer 185,Thailand,Online,M003,Anesthesia Machine,Medical Equipment,Medical,25000,5,0.09,113750.0,75000,38750.0,12,SME,Industrial Automation,58
O002407,2023-12-16,C0027,Customer 027,Indonesia,Direct Sales,S003,Wireless Sensor Node,IoT Devices,Smart Devices,95,10,0.05,902.5,450,452.5,15,Retail,Consumer Electronics,76
O002408,2025-08-28,C0202,Customer 202,Thailand,Direct Sales,S002,Drone Navigation Module,IoT Devices,Smart Devices,320,6,0.04,1843.2,1020,823.2,41,Retail,Industrial Automation,161
O002409,2024-05-21,C0107,Customer 107,Indonesia,Direct Sales,A004,Robotics Motion Controller,Electronics,Autonomous,950,6,0.02,5586.0,3240,2346.0,36,SME,Robotics,113
O002410,2023-02-05,C0003,Customer 003,Singapore,Online,S002,Drone Navigation Module,IoT Devices,Smart Devices,320,6,0.11,1708.8,1020,688.8,30,Enterprise,Robotics,130
O002411,2025-12-11,C0167,Customer 167,Malaysia,Distributor,S001,Smart Home Controller,IoT Devices,Smart Devices,180,6,0.1,972.0,540,432.0,83,SME,Robotics,39
O002412,2023-07-12,C0200,Customer 200,China,Online,M002,Operating Table,Medical Equipment,Medical,18000,4,0.09,65520.0,44000,21520.0,10,Retail,Automotive OEM,121
O002413,2024-11-18,C0190,Customer 190,Malaysia,Retail,A004,Robotics Motion Controller,Electronics,Autonomous,950,4,0.08,3496.0,2160,1336.0,54,Retail,Smart Home,88
O002414,2024-06-11,C0152,Customer 152,Indonesia,Retail,S003,Wireless Sensor Node,IoT Devices,Smart Devices,95,6,0.05,541.5,270,271.5,7,Enterprise,Hospital Systems,142
O002415,2025-07-28,C0128,Customer 128,Singapore,Online,M001,Surgical Light System,Medical Equipment,Medical,12000,2,0.05,22800.0,14000,8800.0,40,Retail,Automotive OEM,28
O002416,2024-11-14,C0060,Customer 060,Thailand,Retail,S001,Smart Home Controller,IoT Devices,Smart Devices,180,10,0.04,1728.0,900,828.0,17,Enterprise,Industrial Automation,172
O002417,2025-11-29,C0066,Customer 066,Thailand,Direct Sales,S004,Smart Lock Control Board,IoT Devices,Smart Devices,140,9,0.01,1247.4,630,617.4,18,Retail,Medical Distributors,68
O002418,2025-04-20,C0074,Customer 074,Malaysia,Distributor,M004,Patient Monitoring Module,Medical Equipment,Medical,8500,1,0.06,7990.0,5000,2990.0,40,SME,Hospital Systems,94
O002419,2023-03-05,C0105,Customer 105,Indonesia,Retail,M004,Patient Monitoring Module,Medical Equipment,Medical,8500,1,0.06,7990.0,5000,2990.0,21,SME,Technology,122
O002420,2023-07-02,C0056,Customer 056,Singapore,Retail,M004,Patient Monitoring Module,Medical Equipment,Medical,8500,3,0.07,23715.0,15000,8715.0,77,Retail,Medical Distributors,18
O002421,2024-07-14,C0041,Customer 041,Singapore,Retail,S003,Wireless Sensor Node,IoT Devices,Smart Devices,95,6,0.12,501.6,270,231.6,43,Enterprise,Hospital Systems,19
O002422,2025-12-15,C0013,Customer 013,China,Online,M003,Anesthesia Machine,Medical Equipment,Medical,25000,1,0.17,20750.0,15000,5750.0,21,Enterprise,Consumer Electronics,95
O002423,2024-12-15,C0115,Customer 115,Indonesia,Retail,A002,Control Unit Module,Electronics,Autonomous,780,6,0.07,4352.4,2520,1832.4,63,Retail,Robotics,57
O002424,2024-07-19,C0103,Customer 103,Malaysia,Distributor,A001,Advanced PCB Board,Electronics,Autonomous,450,4,0.05,1710.0,1000,710.0,59,Retail,Medical Distributors,35
O002425,2025-12-01,C0108,Customer 108,Singapore,Online,S004,Smart Lock Control Board,IoT Devices,Smart Devices,140,10,0.11,1246.0,700,546.0,35,SME,Robotics,86
O002426,2023-09-09,C0136,Customer 136,China,Retail,A003,Sensor Processing Unit,Electronics,Autonomous,620,3,0.07,1729.8,1050,679.8,79,Enterprise,Smart Home,138
O002427,2024-12-11,C0120,Customer 120,Malaysia,Direct Sales,A001,Advanced PCB Board,Electronics,Autonomous,450,6,0.1,2430.0,1500,930.0,42,Enterprise,Industrial Automation,55
O002428,2025-10-18,C0117,Customer 117,China,Distributor,S003,Wireless Sensor Node,IoT Devices,Smart Devices,95,7,0.07,618.45,315,303.45,17,SME,Technology,160
O002429,2023-11-04,C0136,Customer 136,China,Online,S001,Smart Home Controller,IoT Devices,Smart Devices,180,10,0.09,1638.0,900,738.0,79,Enterprise,Smart Home,138
O002430,2023-11-30,C0150,Customer 150,China,Retail,A001,Advanced PCB Board,Electronics,Autonomous,450,1,0.04,432.0,250,182.0,13,Enterprise,Smart Home,50
O002431,2024-08-26,C0092,Customer 092,Indonesia,Retail,M001,Surgical Light System,Medical Equipment,Medical,12000,1,0.03,11640.0,7000,4640.0,71,SME,Industrial Automation,1
O002432,2024-08-02,C0188,Customer 188,China,Direct Sales,S002,Drone Navigation Module,IoT Devices,Smart Devices,320,7,0.0,2240.0,1190,1050.0,32,Retail,Technology,117
O002433,2024-09-18,C0132,Customer 132,Singapore,Retail,M001,Surgical Light System,Medical Equipment,Medical,12000,3,0.05,34200.0,21000,13200.0,45,Retail,Hospital Systems,137
O002434,2023-01-02,C0155,Customer 155,China,Online,M001,Surgical Light System,Medical Equipment,Medical,12000,1,0.09,10920.0,7000,3920.0,33,Enterprise,Hospital Systems,123
O002435,2024-08-03,C0004,Customer 004,Indonesia,Distributor,S001,Smart Home Controller,IoT Devices,Smart Devices,180,7,0.12,1108.8,630,478.8,92,Enterprise,Robotics,167
O002436,2024-07-08,C0166,Customer 166,Singapore,Distributor,M003,Anesthesia Machine,Medical Equipment,Medical,25000,4,0.06,94000.0,60000,34000.0,81,SME,Smart Home,151
O002437,2023-06-15,C0028,Customer 028,China,Distributor,A001,Advanced PCB Board,Electronics,Autonomous,450,7,0.05,2992.5,1750,1242.5,93,Enterprise,Hospital Systems,68
O002438,2024-12-27,C0082,Customer 082,Thailand,Retail,M004,Patient Monitoring Module,Medical Equipment,Medical,8500,2,0.06,15980.0,10000,5980.0,45,Retail,Smart Home,165
O002439,2023-07-20,C0005,Customer 005,Indonesia,Online,A001,Advanced PCB Board,Electronics,Autonomous,450,3,0.07,1255.5,750,505.5,76,SME,Technology,72
O002440,2023-12-21,C0163,Customer 163,Malaysia,Retail,S002,Drone Navigation Module,IoT Devices,Smart Devices,320,9,0.09,2620.8,1530,1090.8,21,Enterprise,Medical Distributors,1
O002441,2024-10-22,C0034,Customer 034,Singapore,Distributor,S002,Drone Navigation Module,IoT Devices,Smart Devices,320,3,0.05,912.0,510,402.0,17,Retail,Automotive OEM,169
O002442,2024-02-13,C0169,Customer 169,Thailand,Distributor,A001,Advanced PCB Board,Electronics,Autonomous,450,5,0.09,2047.5,1250,797.5,57,SME,Smart Home,32
O002443,2024-02-13,C0208,Customer 208,Indonesia,Online,A001,Advanced PCB Board,Electronics,Autonomous,450,6,0.03,2619.0,1500,1119.0,22,SME,Automotive OEM,45
O002444,2025-08-02,C0006,Customer 006,Singapore,Distributor,S001,Smart Home Controller,IoT Devices,Smart Devices,180,6,0.03,1047.6,540,507.6,90,Retail,Automotive OEM,109
O002445,2025-06-13,C0040,Customer 040,Malaysia,Distributor,M002,Operating Table,Medical Equipment,Medical,18000,1,0.07,16740.0,11000,5740.0,10,SME,Hospital Systems,162
O002446,2024-10-03,C0200,Customer 200,China,Online,S001,Smart Home Controller,IoT Devices,Smart Devices,180,11,0.04,1900.8,990,910.8,10,Retail,Automotive OEM,121
O002447,2025-05-25,C0072,Customer 072,Indonesia,Retail,A004,Robotics Motion Controller,Electronics,Autonomous,950,4,0.1,3420.0,2160,1260.0,15,SME,Hospital Systems,20
O002448,2025-08-02,C0214,Customer 214,China,Direct Sales,M001,Surgical Light System,Medical Equipment,Medical,12000,3,0.1,32400.0,21000,11400.0,50,Retail,Robotics,124
O002449,2025-05-12,C0114,Customer 114,Thailand,Distributor,M002,Operating Table,Medical Equipment,Medical,18000,2,0.14,30960.0,22000,8960.0,54,Enterprise,Industrial Automation,138
O002450,2024-09-11,C0043,Customer 043,Malaysia,Online,M004,Patient Monitoring Module,Medical Equipment,Medical,8500,1,0.04,8160.0,5000,3160.0,32,SME,Technology,122
O002451,2024-08-23,C0061,Customer 061,Thailand,Retail,M001,Surgical Light System,Medical Equipment,Medical,12000,3,0.04,34560.0,21000,13560.0,2,SME,Medical Distributors,118
O002452,2023-01-13,C0043,Customer 043,Malaysia,Retail,A004,Robotics Motion Controller,Electronics,Autonomous,950,4,0.09,3458.0,2160,1298.0,32,SME,Technology,122
O002453,2023-06-23,C0038,Customer 038,Thailand,Online,M001,Surgical Light System,Medical Equipment,Medical,12000,5,0.09,54600.0,35000,19600.0,16,SME,Technology,64
O002454,2023-08-08,C0154,Customer 154,Singapore,Direct Sales,A002,Control Unit Module,Electronics,Autonomous,780,9,0.09,6388.2,3780,2608.2,61,Retail,Smart Home,123
O002455,2025-09-13,C0122,Customer 122,Thailand,Online,S004,Smart Lock Control Board,IoT Devices,Smart Devices,140,10,0.07,1302.0,700,602.0,3,Retail,Technology,139
O002456,2023-09-06,C0094,Customer 094,Thailand,Direct Sales,S004,Smart Lock Control Board,IoT Devices,Smart Devices,140,7,0.09,891.8,490,401.8,87,SME,Technology,55
O002457,2025-11-23,C0146,Customer 146,Indonesia,Retail,M003,Anesthesia Machine,Medical Equipment,Medical,25000,1,0.04,24000.0,15000,9000.0,55,SME,Consumer Electronics,141
O002458,2023-11-13,C0112,Customer 112,China,Online,A001,Advanced PCB Board,Electronics,Autonomous,450,6,0.08,2484.0,1500,984.0,50,Enterprise,Industrial Automation,150
O002459,2023-01-14,C0154,Customer 154,Singapore,Distributor,A004,Robotics Motion Controller,Electronics,Autonomous,950,7,0.06,6251.0,3780,2471.0,61,Retail,Smart Home,123
O002460,2023-01-01,C0030,Customer 030,Indonesia,Direct Sales,M003,Anesthesia Machine,Medical Equipment,Medical,25000,3,0.07,69750.0,45000,24750.0,48,SME,Automotive OEM,42
O002461,2024-05-21,C0022,Customer 022,China,Direct Sales,M004,Patient Monitoring Module,Medical Equipment,Medical,8500,1,0.06,7990.0,5000,2990.0,47,Retail,Industrial Automation,57
O002462,2025-11-01,C0021,Customer 021,Malaysia,Retail,A004,Robotics Motion Controller,Electronics,Autonomous,950,8,0.02,7448.0,4320,3128.0,96,Enterprise,Smart Home,150
O002463,2023-09-07,C0181,Customer 181,Indonesia,Retail,A001,Advanced PCB Board,Electronics,Autonomous,450,4,0.06,1692.0,1000,692.0,25,SME,Hospital Systems,133
O002464,2024-01-12,C0026,Customer 026,Indonesia,Online,M004,Patient Monitoring Module,Medical Equipment,Medical,8500,2,0.09,15470.0,10000,5470.0,88,Retail,Hospital Systems,30
O002465,2025-06-18,C0106,Customer 106,China,Direct Sales,S003,Wireless Sensor Node,IoT Devices,Smart Devices,95,4,0.07,353.4,180,173.4,82,Enterprise,Robotics,71
O002466,2023-02-14,C0001,Customer 001,Singapore,Distributor,M003,Anesthesia Machine,Medical Equipment,Medical,25000,1,0.16,21000.0,15000,6000.0,32,Enterprise,Smart Home,58
O002467,2024-05-07,C0187,Customer 187,China,Distributor,M003,Anesthesia Machine,Medical Equipment,Medical,25000,2,0.06,47000.0,30000,17000.0,66,Retail,Smart Home,70
O002468,2024-08-16,C0161,Customer 161,Thailand,Direct Sales,A001,Advanced PCB Board,Electronics,Autonomous,450,4,0.1,1620.0,1000,620.0,79,SME,Hospital Systems,26
O002469,2025-10-06,C0199,Customer 199,Indonesia,Online,A002,Control Unit Module,Electronics,Autonomous,780,9,0.05,6669.0,3780,2889.0,93,Retail,Hospital Systems,37
O002470,2023-08-08,C0125,Customer 125,Malaysia,Retail,A004,Robotics Motion Controller,Electronics,Autonomous,950,7,0.09,6051.5,3780,2271.5,31,Retail,Automotive OEM,33
O002471,2023-10-31,C0127,Customer 127,Thailand,Online,M001,Surgical Light System,Medical Equipment,Medical,12000,2,0.06,22560.0,14000,8560.0,78,Retail,Automotive OEM,156
O002472,2025-03-08,C0043,Customer 043,Malaysia,Online,M001,Surgical Light System,Medical Equipment,Medical,12000,2,0.03,23280.0,14000,9280.0,32,SME,Technology,122
O002473,2025-06-29,C0032,Customer 032,China,Online,M001,Surgical Light System,Medical Equipment,Medical,12000,1,0.18,9840.0,7000,2840.0,40,Enterprise,Consumer Electronics,62
O002474,2025-08-16,C0108,Customer 108,Singapore,Retail,S004,Smart Lock Control Board,IoT Devices,Smart Devices,140,11,0.05,1463.0,770,693.0,35,SME,Robotics,86
O002475,2023-11-21,C0124,Customer 124,Singapore,Distributor,A002,Control Unit Module,Electronics,Autonomous,780,4,0.08,2870.4,1680,1190.4,4,Retail,Hospital Systems,64
O002476,2025-12-11,C0091,Customer 091,Malaysia,Direct Sales,A003,Sensor Processing Unit,Electronics,Autonomous,620,7,0.03,4209.8,2450,1759.8,87,SME,Industrial Automation,45
O002477,2023-11-07,C0032,Customer 032,China,Online,A002,Control Unit Module,Electronics,Autonomous,780,3,0.06,2199.6,1260,939.6,40,Enterprise,Consumer Electronics,62
O002478,2023-10-14,C0059,Customer 059,Indonesia,Online,A001,Advanced PCB Board,Electronics,Autonomous,450,5,0.09,2047.5,1250,797.5,27,SME,Smart Home,172
O002479,2023-05-20,C0207,Customer 207,Thailand,Retail,S003,Wireless Sensor Node,IoT Devices,Smart Devices,95,11,0.06,982.3,495,487.3,19,SME,Industrial Automation,63
O002480,2025-08-24,C0121,Customer 121,China,Distributor,S002,Drone Navigation Module,IoT Devices,Smart Devices,320,12,0.08,3532.8,2040,1492.8,36,Enterprise,Industrial Automation,108
O002481,2025-11-04,C0036,Customer 036,Indonesia,Online,S003,Wireless Sensor Node,IoT Devices,Smart Devices,95,4,0.04,364.8,180,184.8,70,SME,Robotics,177
O002482,2024-10-25,C0043,Customer 043,Malaysia,Online,S002,Drone Navigation Module,IoT Devices,Smart Devices,320,8,0.08,2355.2,1360,995.2,32,SME,Technology,122
O002483,2025-04-06,C0200,Customer 200,China,Direct Sales,M002,Operating Table,Medical Equipment,Medical,18000,2,0.03,34920.0,22000,12920.0,10,Retail,Automotive OEM,121
O002484,2023-11-22,C0012,Customer 012,Malaysia,Direct Sales,M004,Patient Monitoring Module,Medical Equipment,Medical,8500,2,0.08,15640.0,10000,5640.0,30,Retail,Medical Distributors,26
O002485,2025-10-19,C0016,Customer 016,Malaysia,Retail,S003,Wireless Sensor Node,IoT Devices,Smart Devices,95,9,0.06,803.7,405,398.7,82,SME,Smart Home,177
O002486,2024-04-19,C0016,Customer 016,Malaysia,Distributor,S004,Smart Lock Control Board,IoT Devices,Smart Devices,140,8,0.04,1075.2,560,515.2,82,SME,Smart Home,177
O002487,2023-12-23,C0214,Customer 214,China,Retail,S004,Smart Lock Control Board,IoT Devices,Smart Devices,140,9,0.06,1184.4,630,554.4,50,Retail,Robotics,124
O002488,2025-05-10,C0086,Customer 086,Indonesia,Direct Sales,M002,Operating Table,Medical Equipment,Medical,18000,3,0.14,46440.0,33000,13440.0,33,Enterprise,Robotics,12
O002489,2023-08-23,C0039,Customer 039,Malaysia,Direct Sales,M001,Surgical Light System,Medical Equipment,Medical,12000,3,0.12,31680.0,21000,10680.0,76,Enterprise,Hospital Systems,142
O002490,2025-02-05,C0141,Customer 141,Thailand,Direct Sales,S002,Drone Navigation Module,IoT Devices,Smart Devices,320,6,0.07,1785.6,1020,765.6,36,Retail,Consumer Electronics,153
O002491,2024-10-19,C0171,Customer 171,Indonesia,Retail,M002,Operating Table,Medical Equipment,Medical,18000,1,0.06,16920.0,11000,5920.0,77,SME,Medical Distributors,11
O002492,2024-02-14,C0099,Customer 099,China,Online,M004,Patient Monitoring Module,Medical Equipment,Medical,8500,4,0.06,31960.0,20000,11960.0,92,SME,Robotics,179
O002493,2024-08-08,C0042,Customer 042,Indonesia,Distributor,M004,Patient Monitoring Module,Medical Equipment,Medical,8500,3,0.15,21675.0,15000,6675.0,28,Enterprise,Technology,139
O002494,2025-06-07,C0153,Customer 153,Thailand,Distributor,S001,Smart Home Controller,IoT Devices,Smart Devices,180,12,0.04,2073.6,1080,993.6,82,SME,Automotive OEM,126
O002495,2023-02-19,C0187,Customer 187,China,Direct Sales,S003,Wireless Sensor Node,IoT Devices,Smart Devices,95,8,0.02,744.8,360,384.8,66,Retail,Smart Home,70
O002496,2023-10-15,C0069,Customer 069,Thailand,Online,M001,Surgical Light System,Medical Equipment,Medical,12000,1,0.08,11040.0,7000,4040.0,7,SME,Smart Home,24
O002497,2023-05-28,C0095,Customer 095,Indonesia,Distributor,A002,Control Unit Module,Electronics,Autonomous,780,5,0.12,3432.0,2100,1332.0,85,SME,Automotive OEM,22
O002498,2025-12-17,C0038,Customer 038,Thailand,Distributor,A004,Robotics Motion Controller,Electronics,Autonomous,950,4,0.13,3306.0,2160,1146.0,16,SME,Technology,64
O002499,2025-08-28,C0016,Customer 016,Malaysia,Online,S001,Smart Home Controller,IoT Devices,Smart Devices,180,7,0.06,1184.4,630,554.4,82,SME,Smart Home,177
O002500,2023-10-10,C0031,Customer 031,Indonesia,Retail,M002,Operating Table,Medical Equipment,Medical,18000,3,0.06,50760.0,33000,17760.0,77,Retail,Hospital Systems,83
O002501,2025-02-09,C0166,Customer 166,Singapore,Direct Sales,M002,Operating Table,Medical Equipment,Medical,18000,3,0.04,51840.0,33000,18840.0,81,SME,Smart Home,151
O002502,2025-11-25,C0177,Customer 177,Thailand,Direct Sales,A001,Advanced PCB Board,Electronics,Autonomous,450,3,0.03,1309.5,750,559.5,21,Enterprise,Medical Distributors,85
O002503,2024-04-17,C0213,Customer 213,Thailand,Online,M001,Surgical Light System,Medical Equipment,Medical,12000,1,0.03,11640.0,7000,4640.0,89,SME,Industrial Automation,65
O002504,2024-08-16,C0163,Customer 163,Malaysia,Retail,A001,Advanced PCB Board,Electronics,Autonomous,450,10,0.08,4140.0,2500,1640.0,21,Enterprise,Medical Distributors,1
O002505,2023-05-20,C0101,Customer 101,Singapore,Online,M003,Anesthesia Machine,Medical Equipment,Medical,25000,1,0.04,24000.0,15000,9000.0,55,Retail,Medical Distributors,57
O002506,2024-05-09,C0111,Customer 111,Singapore,Online,S001,Smart Home Controller,IoT Devices,Smart Devices,180,4,0.07,669.6,360,309.6,70,SME,Consumer Electronics,120
O002507,2023-04-27,C0157,Customer 157,Indonesia,Direct Sales,S001,Smart Home Controller,IoT Devices,Smart Devices,180,5,0.08,828.0,450,378.0,20,SME,Hospital Systems,39
O002508,2024-06-22,C0002,Customer 002,Malaysia,Direct Sales,S003,Wireless Sensor Node,IoT Devices,Smart Devices,95,6,0.03,552.9,270,282.9,76,SME,Medical Distributors,109
O002509,2025-05-13,C0177,Customer 177,Thailand,Distributor,A001,Advanced PCB Board,Electronics,Autonomous,450,5,0.08,2070.0,1250,820.0,21,Enterprise,Medical Distributors,85
O002510,2023-05-02,C0107,Customer 107,Indonesia,Distributor,M003,Anesthesia Machine,Medical Equipment,Medical,25000,2,0.07,46500.0,30000,16500.0,36,SME,Robotics,113
O002511,2024-11-06,C0188,Customer 188,China,Direct Sales,S003,Wireless Sensor Node,IoT Devices,Smart Devices,95,9,0.02,837.9,405,432.9,32,Retail,Technology,117
O002512,2023-05-30,C0166,Customer 166,Singapore,Direct Sales,S002,Drone Navigation Module,IoT Devices,Smart Devices,320,7,0.06,2105.6,1190,915.6,81,SME,Smart Home,151
O002513,2023-05-25,C0019,Customer 019,Malaysia,Direct Sales,A003,Sensor Processing Unit,Electronics,Autonomous,620,5,0.09,2821.0,1750,1071.0,28,Retail,Consumer Electronics,168
O002514,2025-09-07,C0163,Customer 163,Malaysia,Online,M003,Anesthesia Machine,Medical Equipment,Medical,25000,1,0.15,21250.0,15000,6250.0,21,Enterprise,Medical Distributors,1
O002515,2023-08-02,C0182,Customer 182,Thailand,Retail,M001,Surgical Light System,Medical Equipment,Medical,12000,5,0.07,55800.0,35000,20800.0,81,SME,Technology,114
O002516,2024-12-18,C0186,Customer 186,Singapore,Retail,A003,Sensor Processing Unit,Electronics,Autonomous,620,1,0.04,595.2,350,245.2,83,SME,Medical Distributors,40
O002517,2024-04-11,C0136,Customer 136,China,Direct Sales,M001,Surgical Light System,Medical Equipment,Medical,12000,1,0.08,11040.0,7000,4040.0,79,Enterprise,Smart Home,138
O002518,2024-02-06,C0103,Customer 103,Malaysia,Retail,S001,Smart Home Controller,IoT Devices,Smart Devices,180,10,0.05,1710.0,900,810.0,59,Retail,Medical Distributors,35
O002519,2023-02-07,C0180,Customer 180,Thailand,Retail,S001,Smart Home Controller,IoT Devices,Smart Devices,180,9,0.03,1571.4,810,761.4,66,Enterprise,Industrial Automation,1
O002520,2025-02-11,C0113,Customer 113,Singapore,Distributor,S004,Smart Lock Control Board,IoT Devices,Smart Devices,140,6,0.03,814.8,420,394.8,62,Retail,Industrial Automation,2
O002521,2025-05-24,C0060,Customer 060,Thailand,Distributor,S001,Smart Home Controller,IoT Devices,Smart Devices,180,13,0.04,2246.4,1170,1076.4,17,Enterprise,Industrial Automation,172
O002522,2023-08-30,C0145,Customer 145,Malaysia,Online,S002,Drone Navigation Module,IoT Devices,Smart Devices,320,3,0.06,902.4,510,392.4,40,SME,Robotics,170
O002523,2024-12-03,C0149,Customer 149,Indonesia,Direct Sales,A003,Sensor Processing Unit,Electronics,Autonomous,620,4,0.04,2380.8,1400,980.8,25,Retail,Automotive OEM,56
O002524,2023-07-08,C0069,Customer 069,Thailand,Direct Sales,S002,Drone Navigation Module,IoT Devices,Smart Devices,320,7,0.05,2128.0,1190,938.0,7,SME,Smart Home,24
O002525,2023-04-04,C0044,Customer 044,China,Distributor,M001,Surgical Light System,Medical Equipment,Medical,12000,1,0.16,10080.0,7000,3080.0,85,Enterprise,Medical Distributors,111
O002526,2023-06-06,C0200,Customer 200,China,Distributor,M001,Surgical Light System,Medical Equipment,Medical,12000,5,0.06,56400.0,35000,21400.0,10,Retail,Automotive OEM,121
O002527,2024-08-01,C0040,Customer 040,Malaysia,Online,M001,Surgical Light System,Medical Equipment,Medical,12000,2,0.05,22800.0,14000,8800.0,10,SME,Hospital Systems,162
O002528,2024-05-15,C0111,Customer 111,Singapore,Distributor,A001,Advanced PCB Board,Electronics,Autonomous,450,9,0.11,3604.5,2250,1354.5,70,SME,Consumer Electronics,120
O002529,2025-09-07,C0050,Customer 050,Malaysia,Direct Sales,S003,Wireless Sensor Node,IoT Devices,Smart Devices,95,7,0.09,605.15,315,290.15,28,SME,Technology,103
O002530,2023-06-06,C0148,Customer 148,Thailand,Distributor,A001,Advanced PCB Board,Electronics,Autonomous,450,5,0.1,2025.0,1250,775.0,41,Enterprise,Robotics,31
O002531,2025-01-01,C0185,Customer 185,Thailand,Retail,M004,Patient Monitoring Module,Medical Equipment,Medical,8500,1,0.08,7820.0,5000,2820.0,12,SME,Industrial Automation,58
O002532,2025-01-21,C0021,Customer 021,Malaysia,Online,S001,Smart Home Controller,IoT Devices,Smart Devices,180,5,0.11,801.0,450,351.0,96,Enterprise,Smart Home,150
O002533,2024-05-15,C0217,Customer 217,Indonesia,Online,S001,Smart Home Controller,IoT Devices,Smart Devices,180,10,0.03,1746.0,900,846.0,78,Retail,Hospital Systems,128
O002534,2025-10-28,C0210,Customer 210,Malaysia,Direct Sales,M002,Operating Table,Medical Equipment,Medical,18000,6,0.05,102600.0,66000,36600.0,30,SME,Automotive OEM,119
O002535,2025-04-21,C0214,Customer 214,China,Retail,S004,Smart Lock Control Board,IoT Devices,Smart Devices,140,12,0.02,1646.4,840,806.4,50,Retail,Robotics,124
O002536,2024-02-21,C0108,Customer 108,Singapore,Distributor,M003,Anesthesia Machine,Medical Equipment,Medical,25000,1,0.05,23750.0,15000,8750.0,35,SME,Robotics,86
O002537,2024-03-07,C0008,Customer 008,Singapore,Online,M002,Operating Table,Medical Equipment,Medical,18000,2,0.08,33120.0,22000,11120.0,45,SME,Consumer Electronics,155
O002538,2023-10-18,C0122,Customer 122,Thailand,Distributor,M001,Surgical Light System,Medical Equipment,Medical,12000,2,0.08,22080.0,14000,8080.0,3,Retail,Technology,139
O002539,2025-07-18,C0209,Customer 209,Singapore,Direct Sales,M002,Operating Table,Medical Equipment,Medical,18000,1,0.06,16920.0,11000,5920.0,80,SME,Industrial Automation,175
O002540,2023-03-11,C0002,Customer 002,Malaysia,Online,A001,Advanced PCB Board,Electronics,Autonomous,450,3,0.07,1255.5,750,505.5,76,SME,Medical Distributors,109
O002541,2024-09-07,C0162,Customer 162,Malaysia,Direct Sales,M002,Operating Table,Medical Equipment,Medical,18000,2,0.05,34200.0,22000,12200.0,85,SME,Smart Home,21
O002542,2025-02-25,C0133,Customer 133,China,Direct Sales,A004,Robotics Motion Controller,Electronics,Autonomous,950,3,0.09,2593.5,1620,973.5,65,SME,Medical Distributors,166
O002543,2025-02-26,C0126,Customer 126,China,Direct Sales,A004,Robotics Motion Controller,Electronics,Autonomous,950,3,0.04,2736.0,1620,1116.0,60,SME,Robotics,180
O002544,2025-02-15,C0211,Customer 211,Thailand,Retail,M003,Anesthesia Machine,Medical Equipment,Medical,25000,2,0.07,46500.0,30000,16500.0,60,SME,Hospital Systems,74
O002545,2024-09-16,C0115,Customer 115,Indonesia,Online,M001,Surgical Light System,Medical Equipment,Medical,12000,4,0.1,43200.0,28000,15200.0,63,Retail,Robotics,57
O002546,2024-11-19,C0007,Customer 007,Thailand,Distributor,A001,Advanced PCB Board,Electronics,Autonomous,450,4,0.13,1566.0,1000,566.0,44,Enterprise,Robotics,27
O002547,2024-11-29,C0145,Customer 145,Malaysia,Retail,S004,Smart Lock Control Board,IoT Devices,Smart Devices,140,9,0.11,1121.4,630,491.4,40,SME,Robotics,170
O002548,2023-04-27,C0186,Customer 186,Singapore,Retail,M002,Operating Table,Medical Equipment,Medical,18000,1,0.1,16200.0,11000,5200.0,83,SME,Medical Distributors,40
O002549,2024-08-11,C0028,Customer 028,China,Retail,S001,Smart Home Controller,IoT Devices,Smart Devices,180,7,0.07,1171.8,630,541.8,93,Enterprise,Hospital Systems,68
O002550,2025-11-28,C0164,Customer 164,China,Distributor,A001,Advanced PCB Board,Electronics,Autonomous,450,7,0.15,2677.5,1750,927.5,38,SME,Technology,9
O002551,2025-08-15,C0185,Customer 185,Thailand,Distributor,S004,Smart Lock Control Board,IoT Devices,Smart Devices,140,8,0.04,1075.2,560,515.2,12,SME,Industrial Automation,58
O002552,2023-02-01,C0077,Customer 077,Malaysia,Online,A001,Advanced PCB Board,Electronics,Autonomous,450,8,0.03,3492.0,2000,1492.0,53,Retail,Automotive OEM,7
O002553,2024-05-26,C0091,Customer 091,Malaysia,Online,S001,Smart Home Controller,IoT Devices,Smart Devices,180,10,0.06,1692.0,900,792.0,87,SME,Industrial Automation,45
O002554,2025-03-19,C0162,Customer 162,Malaysia,Online,M001,Surgical Light System,Medical Equipment,Medical,12000,3,0.06,33840.0,21000,12840.0,85,SME,Smart Home,21
O002555,2024-05-28,C0028,Customer 028,China,Direct Sales,S003,Wireless Sensor Node,IoT Devices,Smart Devices,95,10,0.04,912.0,450,462.0,93,Enterprise,Hospital Systems,68
O002556,2024-10-19,C0047,Customer 047,Malaysia,Distributor,A001,Advanced PCB Board,Electronics,Autonomous,450,4,0.09,1638.0,1000,638.0,18,Enterprise,Technology,109
O002557,2023-02-05,C0127,Customer 127,Thailand,Direct Sales,A004,Robotics Motion Controller,Electronics,Autonomous,950,6,0.06,5358.0,3240,2118.0,78,Retail,Automotive OEM,156
O002558,2025-01-04,C0087,Customer 087,China,Distributor,A004,Robotics Motion Controller,Electronics,Autonomous,950,5,0.09,4322.5,2700,1622.5,47,Enterprise,Robotics,111
O002559,2023-06-12,C0168,Customer 168,Thailand,Online,A001,Advanced PCB Board,Electronics,Autonomous,450,5,0.1,2025.0,1250,775.0,8,Retail,Medical Distributors,43
O002560,2025-06-21,C0160,Customer 160,China,Online,M003,Anesthesia Machine,Medical Equipment,Medical,25000,1,0.08,23000.0,15000,8000.0,76,Retail,Smart Home,110
O002561,2024-07-19,C0064,Customer 064,Malaysia,Retail,A001,Advanced PCB Board,Electronics,Autonomous,450,7,0.03,3055.5,1750,1305.5,57,SME,Automotive OEM,140
O002562,2023-12-24,C0029,Customer 029,Indonesia,Direct Sales,M003,Anesthesia Machine,Medical Equipment,Medical,25000,2,0.05,47500.0,30000,17500.0,81,Retail,Medical Distributors,77
O002563,2023-03-20,C0070,Customer 070,China,Retail,M003,Anesthesia Machine,Medical Equipment,Medical,25000,1,0.07,23250.0,15000,8250.0,1,Retail,Hospital Systems,86
O002564,2023-03-27,C0155,Customer 155,China,Distributor,S001,Smart Home Controller,IoT Devices,Smart Devices,180,7,0.04,1209.6,630,579.6,33,Enterprise,Hospital Systems,123
O002565,2024-06-14,C0116,Customer 116,Thailand,Direct Sales,A001,Advanced PCB Board,Electronics,Autonomous,450,2,0.07,837.0,500,337.0,50,SME,Hospital Systems,87
O002566,2024-12-24,C0212,Customer 212,Indonesia,Direct Sales,S001,Smart Home Controller,IoT Devices,Smart Devices,180,3,0.08,496.8,270,226.8,45,Enterprise,Technology,151
O002567,2024-12-17,C0036,Customer 036,Indonesia,Direct Sales,M002,Operating Table,Medical Equipment,Medical,18000,2,0.07,33480.0,22000,11480.0,70,SME,Robotics,177
O002568,2023-08-20,C0162,Customer 162,Malaysia,Direct Sales,S001,Smart Home Controller,IoT Devices,Smart Devices,180,4,0.05,684.0,360,324.0,85,SME,Smart Home,21
O002569,2024-10-29,C0116,Customer 116,Thailand,Online,S002,Drone Navigation Module,IoT Devices,Smart Devices,320,11,0.1,3168.0,1870,1298.0,50,SME,Hospital Systems,87
O002570,2025-05-01,C0065,Customer 065,Thailand,Retail,M002,Operating Table,Medical Equipment,Medical,18000,2,0.09,32760.0,22000,10760.0,86,SME,Hospital Systems,142
O002571,2023-10-21,C0208,Customer 208,Indonesia,Online,M001,Surgical Light System,Medical Equipment,Medical,12000,1,0.07,11160.0,7000,4160.0,22,SME,Automotive OEM,45
O002572,2025-01-07,C0203,Customer 203,China,Retail,A002,Control Unit Module,Electronics,Autonomous,780,11,0.09,7807.8,4620,3187.8,80,Retail,Hospital Systems,18
O002573,2025-02-06,C0021,Customer 021,Malaysia,Online,A004,Robotics Motion Controller,Electronics,Autonomous,950,8,0.07,7068.0,4320,2748.0,96,Enterprise,Smart Home,150
O002574,2023-11-25,C0115,Customer 115,Indonesia,Direct Sales,A002,Control Unit Module,Electronics,Autonomous,780,5,0.04,3744.0,2100,1644.0,63,Retail,Robotics,57
O002575,2023-11-04,C0214,Customer 214,China,Direct Sales,S002,Drone Navigation Module,IoT Devices,Smart Devices,320,10,0.01,3168.0,1700,1468.0,50,Retail,Robotics,124
O002576,2024-03-09,C0100,Customer 100,China,Online,A002,Control Unit Module,Electronics,Autonomous,780,6,0.1,4212.0,2520,1692.0,19,SME,Robotics,168
O002577,2025-02-14,C0083,Customer 083,Indonesia,Direct Sales,S002,Drone Navigation Module,IoT Devices,Smart Devices,320,11,0.09,3203.2,1870,1333.2,4,SME,Consumer Electronics,30
O002578,2023-11-04,C0011,Customer 011,Thailand,Direct Sales,A003,Sensor Processing Unit,Electronics,Autonomous,620,9,0.1,5022.0,3150,1872.0,6,SME,Medical Distributors,170
O002579,2024-04-04,C0088,Customer 088,Singapore,Retail,S002,Drone Navigation Module,IoT Devices,Smart Devices,320,16,0.04,4915.2,2720,2195.2,80,Retail,Consumer Electronics,81
O002580,2023-09-06,C0070,Customer 070,China,Direct Sales,S001,Smart Home Controller,IoT Devices,Smart Devices,180,8,0.05,1368.0,720,648.0,1,Retail,Hospital Systems,86
O002581,2025-12-10,C0126,Customer 126,China,Retail,S001,Smart Home Controller,IoT Devices,Smart Devices,180,8,0.06,1353.6,720,633.6,60,SME,Robotics,180
O002582,2024-02-04,C0015,Customer 015,Singapore,Online,S002,Drone Navigation Module,IoT Devices,Smart Devices,320,10,0.11,2848.0,1700,1148.0,69,SME,Automotive OEM,63
O002583,2024-11-04,C0027,Customer 027,Indonesia,Online,M004,Patient Monitoring Module,Medical Equipment,Medical,8500,3,0.05,24225.0,15000,9225.0,15,Retail,Consumer Electronics,76
O002584,2024-10-06,C0095,Customer 095,Indonesia,Direct Sales,S004,Smart Lock Control Board,IoT Devices,Smart Devices,140,7,0.09,891.8,490,401.8,85,SME,Automotive OEM,22
O002585,2025-06-30,C0215,Customer 215,Singapore,Retail,S004,Smart Lock Control Board,IoT Devices,Smart Devices,140,10,0.06,1316.0,700,616.0,74,Enterprise,Consumer Electronics,76
O002586,2024-12-21,C0204,Customer 204,Malaysia,Direct Sales,S001,Smart Home Controller,IoT Devices,Smart Devices,180,12,0.11,1922.4,1080,842.4,30,SME,Smart Home,24
O002587,2025-09-18,C0154,Customer 154,Singapore,Distributor,S002,Drone Navigation Module,IoT Devices,Smart Devices,320,10,0.04,3072.0,1700,1372.0,61,Retail,Smart Home,123
O002588,2025-05-07,C0026,Customer 026,Indonesia,Distributor,M004,Patient Monitoring Module,Medical Equipment,Medical,8500,1,0.09,7735.0,5000,2735.0,88,Retail,Hospital Systems,30
O002589,2024-05-16,C0115,Customer 115,Indonesia,Distributor,A003,Sensor Processing Unit,Electronics,Autonomous,620,5,0.11,2759.0,1750,1009.0,63,Retail,Robotics,57
O002590,2024-08-10,C0030,Customer 030,Indonesia,Online,A002,Control Unit Module,Electronics,Autonomous,780,7,0.03,5296.2,2940,2356.2,48,SME,Automotive OEM,42
O002591,2025-04-16,C0136,Customer 136,China,Distributor,A003,Sensor Processing Unit,Electronics,Autonomous,620,4,0.11,2207.2,1400,807.2,79,Enterprise,Smart Home,138
O002592,2024-02-10,C0091,Customer 091,Malaysia,Retail,M003,Anesthesia Machine,Medical Equipment,Medical,25000,2,0.03,48500.0,30000,18500.0,87,SME,Industrial Automation,45
O002593,2023-09-05,C0054,Customer 054,Singapore,Online,A003,Sensor Processing Unit,Electronics,Autonomous,620,3,0.08,1711.2,1050,661.2,7,SME,Hospital Systems,150
O002594,2025-08-20,C0007,Customer 007,Thailand,Direct Sales,S004,Smart Lock Control Board,IoT Devices,Smart Devices,140,7,0.04,940.8,490,450.8,44,Enterprise,Robotics,27
O002595,2023-03-11,C0185,Customer 185,Thailand,Direct Sales,A003,Sensor Processing Unit,Electronics,Autonomous,620,4,0.08,2281.6,1400,881.6,12,SME,Industrial Automation,58
O002596,2023-05-30,C0028,Customer 028,China,Retail,M003,Anesthesia Machine,Medical Equipment,Medical,25000,2,0.17,41500.0,30000,11500.0,93,Enterprise,Hospital Systems,68
O002597,2024-12-26,C0126,Customer 126,China,Retail,M003,Anesthesia Machine,Medical Equipment,Medical,25000,3,0.08,69000.0,45000,24000.0,60,SME,Robotics,180
O002598,2024-05-09,C0007,Customer 007,Thailand,Online,S004,Smart Lock Control Board,IoT Devices,Smart Devices,140,9,0.04,1209.6,630,579.6,44,Enterprise,Robotics,27
O002599,2024-11-20,C0161,Customer 161,Thailand,Direct Sales,S002,Drone Navigation Module,IoT Devices,Smart Devices,320,10,0.12,2816.0,1700,1116.0,79,SME,Hospital Systems,26
O002600,2023-04-03,C0144,Customer 144,China,Online,M002,Operating Table,Medical Equipment,Medical,18000,1,0.1,16200.0,11000,5200.0,12,SME,Hospital Systems,76
O002601,2025-04-17,C0156,Customer 156,Singapore,Retail,S003,Wireless Sensor Node,IoT Devices,Smart Devices,95,11,0.06,982.3,495,487.3,63,Retail,Industrial Automation,19
O002602,2025-06-11,C0083,Customer 083,Indonesia,Retail,A001,Advanced PCB Board,Electronics,Autonomous,450,7,0.08,2898.0,1750,1148.0,4,SME,Consumer Electronics,30
O002603,2024-01-11,C0096,Customer 096,Thailand,Direct Sales,S004,Smart Lock Control Board,IoT Devices,Smart Devices,140,7,0.04,940.8,490,450.8,12,SME,Consumer Electronics,61
O002604,2023-01-16,C0055,Customer 055,China,Online,S002,Drone Navigation Module,IoT Devices,Smart Devices,320,5,0.09,1456.0,850,606.0,8,SME,Automotive OEM,131
O002605,2025-07-17,C0211,Customer 211,Thailand,Online,A003,Sensor Processing Unit,Electronics,Autonomous,620,4,0.06,2331.2,1400,931.2,60,SME,Hospital Systems,74
O002606,2025-11-07,C0208,Customer 208,Indonesia,Online,S004,Smart Lock Control Board,IoT Devices,Smart Devices,140,5,0.12,616.0,350,266.0,22,SME,Automotive OEM,45
O002607,2023-07-18,C0028,Customer 028,China,Online,M004,Patient Monitoring Module,Medical Equipment,Medical,8500,1,0.13,7395.0,5000,2395.0,93,Enterprise,Hospital Systems,68
O002608,2023-04-09,C0087,Customer 087,China,Retail,S002,Drone Navigation Module,IoT Devices,Smart Devices,320,10,0.06,3008.0,1700,1308.0,47,Enterprise,Robotics,111
O002609,2025-02-25,C0204,Customer 204,Malaysia,Distributor,A002,Control Unit Module,Electronics,Autonomous,780,6,0.15,3978.0,2520,1458.0,30,SME,Smart Home,24
O002610,2023-03-27,C0037,Customer 037,Malaysia,Distributor,S004,Smart Lock Control Board,IoT Devices,Smart Devices,140,10,0.07,1302.0,700,602.0,86,SME,Industrial Automation,167
O002611,2024-07-23,C0004,Customer 004,Indonesia,Online,S002,Drone Navigation Module,IoT Devices,Smart Devices,320,9,0.04,2764.8,1530,1234.8,92,Enterprise,Robotics,167
O002612,2024-08-06,C0119,Customer 119,Singapore,Direct Sales,M003,Anesthesia Machine,Medical Equipment,Medical,25000,2,0.11,44500.0,30000,14500.0,18,Enterprise,Industrial Automation,119
O002613,2025-09-23,C0154,Customer 154,Singapore,Distributor,A004,Robotics Motion Controller,Electronics,Autonomous,950,5,0.14,4085.0,2700,1385.0,61,Retail,Smart Home,123
O002614,2024-08-13,C0072,Customer 072,Indonesia,Direct Sales,A001,Advanced PCB Board,Electronics,Autonomous,450,6,0.09,2457.0,1500,957.0,15,SME,Hospital Systems,20
O002615,2024-07-24,C0026,Customer 026,Indonesia,Direct Sales,M003,Anesthesia Machine,Medical Equipment,Medical,25000,3,0.04,72000.0,45000,27000.0,88,Retail,Hospital Systems,30
O002616,2025-11-07,C0220,Customer 220,Malaysia,Direct Sales,M003,Anesthesia Machine,Medical Equipment,Medical,25000,1,0.07,23250.0,15000,8250.0,40,SME,Hospital Systems,113
O002617,2023-03-23,C0043,Customer 043,Malaysia,Distributor,S001,Smart Home Controller,IoT Devices,Smart Devices,180,8,0.03,1396.8,720,676.8,32,SME,Technology,122
O002618,2023-02-22,C0104,Customer 104,China,Distributor,A002,Control Unit Module,Electronics,Autonomous,780,5,0.08,3588.0,2100,1488.0,57,SME,Consumer Electronics,157
O002619,2025-05-23,C0139,Customer 139,Indonesia,Retail,S004,Smart Lock Control Board,IoT Devices,Smart Devices,140,8,0.08,1030.4,560,470.4,44,SME,Industrial Automation,8
O002620,2025-07-18,C0098,Customer 098,Singapore,Direct Sales,A001,Advanced PCB Board,Electronics,Autonomous,450,3,0.08,1242.0,750,492.0,79,Enterprise,Technology,19
O002621,2023-09-03,C0031,Customer 031,Indonesia,Retail,A004,Robotics Motion Controller,Electronics,Autonomous,950,1,0.06,893.0,540,353.0,77,Retail,Hospital Systems,83
O002622,2023-06-27,C0214,Customer 214,China,Online,M003,Anesthesia Machine,Medical Equipment,Medical,25000,2,0.08,46000.0,30000,16000.0,50,Retail,Robotics,124
O002623,2023-08-27,C0092,Customer 092,Indonesia,Direct Sales,A002,Control Unit Module,Electronics,Autonomous,780,1,0.08,717.6,420,297.6,71,SME,Industrial Automation,1
O002624,2024-03-31,C0047,Customer 047,Malaysia,Direct Sales,S004,Smart Lock Control Board,IoT Devices,Smart Devices,140,16,0.06,2105.6,1120,985.6,18,Enterprise,Technology,109
O002625,2025-11-04,C0200,Customer 200,China,Online,A002,Control Unit Module,Electronics,Autonomous,780,4,0.06,2932.8,1680,1252.8,10,Retail,Automotive OEM,121
O002626,2025-11-16,C0028,Customer 028,China,Direct Sales,S003,Wireless Sensor Node,IoT Devices,Smart Devices,95,6,0.09,518.7,270,248.7,93,Enterprise,Hospital Systems,68
O002627,2024-10-06,C0017,Customer 017,Indonesia,Retail,M001,Surgical Light System,Medical Equipment,Medical,12000,1,0.09,10920.0,7000,3920.0,8,Enterprise,Consumer Electronics,59
O002628,2025-12-03,C0148,Customer 148,Thailand,Distributor,A002,Control Unit Module,Electronics,Autonomous,780,9,0.13,6107.4,3780,2327.4,41,Enterprise,Robotics,31
O002629,2023-03-14,C0040,Customer 040,Malaysia,Direct Sales,S003,Wireless Sensor Node,IoT Devices,Smart Devices,95,9,0.05,812.25,405,407.25,10,SME,Hospital Systems,162
O002630,2025-02-09,C0105,Customer 105,Indonesia,Distributor,M004,Patient Monitoring Module,Medical Equipment,Medical,8500,3,0.05,24225.0,15000,9225.0,21,SME,Technology,122
O002631,2023-11-07,C0189,Customer 189,Indonesia,Distributor,A004,Robotics Motion Controller,Electronics,Autonomous,950,5,0.12,4180.0,2700,1480.0,77,Enterprise,Robotics,131
O002632,2024-08-01,C0182,Customer 182,Thailand,Distributor,M003,Anesthesia Machine,Medical Equipment,Medical,25000,3,0.07,69750.0,45000,24750.0,81,SME,Technology,114
O002633,2023-07-01,C0198,Customer 198,Indonesia,Distributor,S001,Smart Home Controller,IoT Devices,Smart Devices,180,10,0.03,1746.0,900,846.0,57,Enterprise,Medical Distributors,26
O002634,2023-05-18,C0048,Customer 048,Malaysia,Distributor,A004,Robotics Motion Controller,Electronics,Autonomous,950,4,0.12,3344.0,2160,1184.0,10,Enterprise,Robotics,114
O002635,2023-03-21,C0059,Customer 059,Indonesia,Online,A003,Sensor Processing Unit,Electronics,Autonomous,620,6,0.07,3459.6,2100,1359.6,27,SME,Smart Home,172
O002636,2024-04-25,C0128,Customer 128,Singapore,Online,S003,Wireless Sensor Node,IoT Devices,Smart Devices,95,3,0.04,273.6,135,138.6,40,Retail,Automotive OEM,28
O002637,2024-01-04,C0082,Customer 082,Thailand,Distributor,A001,Advanced PCB Board,Electronics,Autonomous,450,2,0.14,774.0,500,274.0,45,Retail,Smart Home,165
O002638,2025-09-20,C0002,Customer 002,Malaysia,Retail,A004,Robotics Motion Controller,Electronics,Autonomous,950,7,0.07,6184.5,3780,2404.5,76,SME,Medical Distributors,109
O002639,2025-09-12,C0205,Customer 205,China,Direct Sales,A001,Advanced PCB Board,Electronics,Autonomous,450,6,0.04,2592.0,1500,1092.0,57,Retail,Medical Distributors,43
O002640,2024-08-11,C0017,Customer 017,Indonesia,Retail,A003,Sensor Processing Unit,Electronics,Autonomous,620,5,0.05,2945.0,1750,1195.0,8,Enterprise,Consumer Electronics,59
O002641,2025-05-20,C0020,Customer 020,China,Distributor,M002,Operating Table,Medical Equipment,Medical,18000,1,0.06,16920.0,11000,5920.0,19,SME,Technology,68
O002642,2024-10-15,C0195,Customer 195,Malaysia,Direct Sales,S003,Wireless Sensor Node,IoT Devices,Smart Devices,95,4,0.06,357.2,180,177.2,53,SME,Robotics,12
O002643,2025-03-26,C0156,Customer 156,Singapore,Distributor,S004,Smart Lock Control Board,IoT Devices,Smart Devices,140,13,0.06,1710.8,910,800.8,63,Retail,Industrial Automation,19
O002644,2025-09-17,C0213,Customer 213,Thailand,Retail,A004,Robotics Motion Controller,Electronics,Autonomous,950,3,0.07,2650.5,1620,1030.5,89,SME,Industrial Automation,65
O002645,2023-03-01,C0201,Customer 201,Thailand,Online,A001,Advanced PCB Board,Electronics,Autonomous,450,5,0.06,2115.0,1250,865.0,84,Enterprise,Industrial Automation,21
O002646,2025-04-17,C0065,Customer 065,Thailand,Online,M001,Surgical Light System,Medical Equipment,Medical,12000,1,0.05,11400.0,7000,4400.0,86,SME,Hospital Systems,142
O002647,2024-10-12,C0010,Customer 010,China,Retail,A003,Sensor Processing Unit,Electronics,Autonomous,620,6,0.08,3422.4,2100,1322.4,81,Enterprise,Smart Home,159
O002648,2025-05-20,C0190,Customer 190,Malaysia,Online,A003,Sensor Processing Unit,Electronics,Autonomous,620,7,0.09,3949.4,2450,1499.4,54,Retail,Smart Home,88
O002649,2024-07-03,C0111,Customer 111,Singapore,Distributor,A004,Robotics Motion Controller,Electronics,Autonomous,950,5,0.08,4370.0,2700,1670.0,70,SME,Consumer Electronics,120
O002650,2023-04-04,C0012,Customer 012,Malaysia,Retail,A001,Advanced PCB Board,Electronics,Autonomous,450,4,0.05,1710.0,1000,710.0,30,Retail,Medical Distributors,26
O002651,2023-12-08,C0070,Customer 070,China,Distributor,S001,Smart Home Controller,IoT Devices,Smart Devices,180,5,0.06,846.0,450,396.0,1,Retail,Hospital Systems,86
O002652,2023-08-14,C0161,Customer 161,Thailand,Online,S002,Drone Navigation Module,IoT Devices,Smart Devices,320,11,0.04,3379.2,1870,1509.2,79,SME,Hospital Systems,26
O002653,2023-02-10,C0157,Customer 157,Indonesia,Direct Sales,S004,Smart Lock Control Board,IoT Devices,Smart Devices,140,8,0.1,1008.0,560,448.0,20,SME,Hospital Systems,39
O002654,2023-07-04,C0140,Customer 140,China,Online,S004,Smart Lock Control Board,IoT Devices,Smart Devices,140,10,0.07,1302.0,700,602.0,63,Retail,Automotive OEM,55
O002655,2023-05-10,C0090,Customer 090,China,Direct Sales,S003,Wireless Sensor Node,IoT Devices,Smart Devices,95,9,0.08,786.6,405,381.6,71,Enterprise,Smart Home,33
O002656,2025-01-11,C0001,Customer 001,Singapore,Distributor,S001,Smart Home Controller,IoT Devices,Smart Devices,180,9,0.12,1425.6,810,615.6,32,Enterprise,Smart Home,58
O002657,2025-03-21,C0061,Customer 061,Thailand,Distributor,S004,Smart Lock Control Board,IoT Devices,Smart Devices,140,12,0.06,1579.2,840,739.2,2,SME,Medical Distributors,118
O002658,2023-11-27,C0062,Customer 062,Indonesia,Online,A002,Control Unit Module,Electronics,Autonomous,780,7,0.05,5187.0,2940,2247.0,10,Retail,Medical Distributors,138
O002659,2024-05-24,C0212,Customer 212,Indonesia,Direct Sales,M001,Surgical Light System,Medical Equipment,Medical,12000,3,0.16,30240.0,21000,9240.0,45,Enterprise,Technology,151
O002660,2025-12-14,C0122,Customer 122,Thailand,Retail,M002,Operating Table,Medical Equipment,Medical,18000,2,0.09,32760.0,22000,10760.0,3,Retail,Technology,139
O002661,2023-03-28,C0210,Customer 210,Malaysia,Online,M003,Anesthesia Machine,Medical Equipment,Medical,25000,2,0.05,47500.0,30000,17500.0,30,SME,Automotive OEM,119
O002662,2024-04-16,C0153,Customer 153,Thailand,Distributor,S003,Wireless Sensor Node,IoT Devices,Smart Devices,95,8,0.03,737.2,360,377.2,82,SME,Automotive OEM,126
O002663,2023-09-11,C0065,Customer 065,Thailand,Retail,A003,Sensor Processing Unit,Electronics,Autonomous,620,6,0.03,3608.4,2100,1508.4,86,SME,Hospital Systems,142
O002664,2024-07-06,C0078,Customer 078,Malaysia,Direct Sales,M002,Operating Table,Medical Equipment,Medical,18000,2,0.04,34560.0,22000,12560.0,53,SME,Consumer Electronics,172
O002665,2025-04-30,C0116,Customer 116,Thailand,Direct Sales,M001,Surgical Light System,Medical Equipment,Medical,12000,2,0.08,22080.0,14000,8080.0,50,SME,Hospital Systems,87
O002666,2023-11-07,C0212,Customer 212,Indonesia,Retail,M002,Operating Table,Medical Equipment,Medical,18000,2,0.1,32400.0,22000,10400.0,45,Enterprise,Technology,151
O002667,2024-10-01,C0064,Customer 064,Malaysia,Retail,A002,Control Unit Module,Electronics,Autonomous,780,5,0.06,3666.0,2100,1566.0,57,SME,Automotive OEM,140
O002668,2023-02-17,C0195,Customer 195,Malaysia,Online,A001,Advanced PCB Board,Electronics,Autonomous,450,11,0.06,4653.0,2750,1903.0,53,SME,Robotics,12
O002669,2023-07-24,C0037,Customer 037,Malaysia,Retail,A001,Advanced PCB Board,Electronics,Autonomous,450,7,0.05,2992.5,1750,1242.5,86,SME,Industrial Automation,167
O002670,2025-05-29,C0199,Customer 199,Indonesia,Distributor,M002,Operating Table,Medical Equipment,Medical,18000,1,0.1,16200.0,11000,5200.0,93,Retail,Hospital Systems,37
O002671,2024-07-24,C0199,Customer 199,Indonesia,Online,A004,Robotics Motion Controller,Electronics,Autonomous,950,2,0.09,1729.0,1080,649.0,93,Retail,Hospital Systems,37
O002672,2025-12-28,C0045,Customer 045,Thailand,Distributor,S001,Smart Home Controller,IoT Devices,Smart Devices,180,5,0.06,846.0,450,396.0,94,SME,Technology,14
O002673,2025-10-14,C0055,Customer 055,China,Retail,S004,Smart Lock Control Board,IoT Devices,Smart Devices,140,6,0.12,739.2,420,319.2,8,SME,Automotive OEM,131
O002674,2023-08-10,C0074,Customer 074,Malaysia,Distributor,A004,Robotics Motion Controller,Electronics,Autonomous,950,3,0.11,2536.5,1620,916.5,40,SME,Hospital Systems,94
O002675,2023-02-20,C0171,Customer 171,Indonesia,Distributor,A003,Sensor Processing Unit,Electronics,Autonomous,620,5,0.09,2821.0,1750,1071.0,77,SME,Medical Distributors,11
O002676,2025-09-03,C0055,Customer 055,China,Direct Sales,S002,Drone Navigation Module,IoT Devices,Smart Devices,320,8,0.09,2329.6,1360,969.6,8,SME,Automotive OEM,131
O002677,2024-11-11,C0134,Customer 134,Thailand,Direct Sales,M003,Anesthesia Machine,Medical Equipment,Medical,25000,1,0.09,22750.0,15000,7750.0,63,Enterprise,Industrial Automation,28
O002678,2023-12-13,C0026,Customer 026,Indonesia,Retail,M004,Patient Monitoring Module,Medical Equipment,Medical,8500,4,0.07,31620.0,20000,11620.0,88,Retail,Hospital Systems,30
O002679,2023-06-21,C0183,Customer 183,Singapore,Retail,M003,Anesthesia Machine,Medical Equipment,Medical,25000,1,0.14,21500.0,15000,6500.0,37,Enterprise,Automotive OEM,113
O002680,2025-08-27,C0131,Customer 131,Malaysia,Distributor,S001,Smart Home Controller,IoT Devices,Smart Devices,180,15,0.04,2592.0,1350,1242.0,88,Enterprise,Smart Home,154
O002681,2025-10-07,C0153,Customer 153,Thailand,Retail,A001,Advanced PCB Board,Electronics,Autonomous,450,6,0.04,2592.0,1500,1092.0,82,SME,Automotive OEM,126
O002682,2024-11-22,C0195,Customer 195,Malaysia,Direct Sales,M003,Anesthesia Machine,Medical Equipment,Medical,25000,2,0.05,47500.0,30000,17500.0,53,SME,Robotics,12
O002683,2025-04-12,C0116,Customer 116,Thailand,Online,M001,Surgical Light System,Medical Equipment,Medical,12000,2,0.08,22080.0,14000,8080.0,50,SME,Hospital Systems,87
O002684,2025-09-27,C0002,Customer 002,Malaysia,Retail,S001,Smart Home Controller,IoT Devices,Smart Devices,180,10,0.06,1692.0,900,792.0,76,SME,Medical Distributors,109
O002685,2024-04-27,C0055,Customer 055,China,Retail,A002,Control Unit Module,Electronics,Autonomous,780,3,0.08,2152.8,1260,892.8,8,SME,Automotive OEM,131
O002686,2025-11-19,C0049,Customer 049,Indonesia,Direct Sales,S001,Smart Home Controller,IoT Devices,Smart Devices,180,8,0.11,1281.6,720,561.6,12,Enterprise,Hospital Systems,61
O002687,2025-05-21,C0181,Customer 181,Indonesia,Direct Sales,S004,Smart Lock Control Board,IoT Devices,Smart Devices,140,8,0.06,1052.8,560,492.8,25,SME,Hospital Systems,133
O002688,2023-01-28,C0184,Customer 184,China,Direct Sales,M003,Anesthesia Machine,Medical Equipment,Medical,25000,2,0.1,45000.0,30000,15000.0,91,Enterprise,Robotics,41
O002689,2025-06-15,C0099,Customer 099,China,Direct Sales,M002,Operating Table,Medical Equipment,Medical,18000,2,0.09,32760.0,22000,10760.0,92,SME,Robotics,179
O002690,2025-10-11,C0087,Customer 087,China,Retail,M003,Anesthesia Machine,Medical Equipment,Medical,25000,1,0.09,22750.0,15000,7750.0,47,Enterprise,Robotics,111
O002691,2025-05-06,C0025,Customer 025,China,Direct Sales,A003,Sensor Processing Unit,Electronics,Autonomous,620,4,0.04,2380.8,1400,980.8,68,SME,Technology,65
O002692,2025-06-10,C0216,Customer 216,Thailand,Online,A001,Advanced PCB Board,Electronics,Autonomous,450,5,0.06,2115.0,1250,865.0,36,Enterprise,Industrial Automation,3
O002693,2025-01-31,C0032,Customer 032,China,Distributor,S002,Drone Navigation Module,IoT Devices,Smart Devices,320,5,0.04,1536.0,850,686.0,40,Enterprise,Consumer Electronics,62
O002694,2025-12-07,C0195,Customer 195,Malaysia,Distributor,S003,Wireless Sensor Node,IoT Devices,Smart Devices,95,9,0.1,769.5,405,364.5,53,SME,Robotics,12
O002695,2025-01-30,C0176,Customer 176,China,Online,S001,Smart Home Controller,IoT Devices,Smart Devices,180,12,0.04,2073.6,1080,993.6,45,Retail,Technology,105
O002696,2024-03-07,C0126,Customer 126,China,Distributor,A002,Control Unit Module,Electronics,Autonomous,780,4,0.07,2901.6,1680,1221.6,60,SME,Robotics,180
O002697,2025-08-28,C0032,Customer 032,China,Online,M001,Surgical Light System,Medical Equipment,Medical,12000,2,0.12,21120.0,14000,7120.0,40,Enterprise,Consumer Electronics,62
O002698,2023-11-04,C0124,Customer 124,Singapore,Direct Sales,A004,Robotics Motion Controller,Electronics,Autonomous,950,4,0.1,3420.0,2160,1260.0,4,Retail,Hospital Systems,64
O002699,2023-01-12,C0060,Customer 060,Thailand,Distributor,A001,Advanced PCB Board,Electronics,Autonomous,450,3,0.07,1255.5,750,505.5,17,Enterprise,Industrial Automation,172
O002700,2023-07-12,C0205,Customer 205,China,Retail,S001,Smart Home Controller,IoT Devices,Smart Devices,180,10,0.03,1746.0,900,846.0,57,Retail,Medical Distributors,43
O002701,2023-05-06,C0091,Customer 091,Malaysia,Retail,S002,Drone Navigation Module,IoT Devices,Smart Devices,320,5,0.08,1472.0,850,622.0,87,SME,Industrial Automation,45
O002702,2023-05-17,C0157,Customer 157,Indonesia,Distributor,A002,Control Unit Module,Electronics,Autonomous,780,1,0.08,717.6,420,297.6,20,SME,Hospital Systems,39
O002703,2023-01-29,C0070,Customer 070,China,Online,M004,Patient Monitoring Module,Medical Equipment,Medical,8500,2,0.05,16150.0,10000,6150.0,1,Retail,Hospital Systems,86
O002704,2025-05-22,C0047,Customer 047,Malaysia,Online,S002,Drone Navigation Module,IoT Devices,Smart Devices,320,7,0.06,2105.6,1190,915.6,18,Enterprise,Technology,109
O002705,2025-04-05,C0001,Customer 001,Singapore,Distributor,A001,Advanced PCB Board,Electronics,Autonomous,450,5,0.06,2115.0,1250,865.0,32,Enterprise,Smart Home,58
O002706,2023-11-09,C0208,Customer 208,Indonesia,Distributor,M002,Operating Table,Medical Equipment,Medical,18000,1,0.05,17100.0,11000,6100.0,22,SME,Automotive OEM,45
O002707,2024-06-22,C0017,Customer 017,Indonesia,Direct Sales,S002,Drone Navigation Module,IoT Devices,Smart Devices,320,11,0.04,3379.2,1870,1509.2,8,Enterprise,Consumer Electronics,59
O002708,2025-12-05,C0055,Customer 055,China,Retail,S002,Drone Navigation Module,IoT Devices,Smart Devices,320,10,0.06,3008.0,1700,1308.0,8,SME,Automotive OEM,131
O002709,2024-07-21,C0171,Customer 171,Indonesia,Retail,S004,Smart Lock Control Board,IoT Devices,Smart Devices,140,12,0.05,1596.0,840,756.0,77,SME,Medical Distributors,11
O002710,2023-01-06,C0138,Customer 138,Singapore,Distributor,M004,Patient Monitoring Module,Medical Equipment,Medical,8500,2,0.09,15470.0,10000,5470.0,32,Enterprise,Technology,119
O002711,2023-10-28,C0052,Customer 052,China,Distributor,M003,Anesthesia Machine,Medical Equipment,Medical,25000,2,0.13,43500.0,30000,13500.0,20,Enterprise,Technology,49
O002712,2023-01-01,C0190,Customer 190,Malaysia,Direct Sales,A002,Control Unit Module,Electronics,Autonomous,780,4,0.09,2839.2,1680,1159.2,54,Retail,Smart Home,88
O002713,2023-04-17,C0158,Customer 158,Indonesia,Retail,M003,Anesthesia Machine,Medical Equipment,Medical,25000,2,0.06,47000.0,30000,17000.0,32,Retail,Medical Distributors,31
O002714,2025-08-24,C0053,Customer 053,Thailand,Online,A002,Control Unit Module,Electronics,Autonomous,780,2,0.06,1466.4,840,626.4,75,Enterprise,Hospital Systems,139
O002715,2023-08-29,C0211,Customer 211,Thailand,Retail,M004,Patient Monitoring Module,Medical Equipment,Medical,8500,2,0.06,15980.0,10000,5980.0,60,SME,Hospital Systems,74
O002716,2025-02-28,C0200,Customer 200,China,Retail,S004,Smart Lock Control Board,IoT Devices,Smart Devices,140,8,0.03,1086.4,560,526.4,10,Retail,Automotive OEM,121
O002717,2025-12-05,C0020,Customer 020,China,Direct Sales,A002,Control Unit Module,Electronics,Autonomous,780,5,0.09,3549.0,2100,1449.0,19,SME,Technology,68
O002718,2024-03-14,C0214,Customer 214,China,Online,M003,Anesthesia Machine,Medical Equipment,Medical,25000,2,0.08,46000.0,30000,16000.0,50,Retail,Robotics,124
O002719,2025-06-14,C0151,Customer 151,Thailand,Retail,S001,Smart Home Controller,IoT Devices,Smart Devices,180,9,0.07,1506.6,810,696.6,39,Enterprise,Automotive OEM,4
O002720,2024-05-28,C0075,Customer 075,Singapore,Direct Sales,S003,Wireless Sensor Node,IoT Devices,Smart Devices,95,5,0.04,456.0,225,231.0,88,Retail,Robotics,64
O002721,2025-06-10,C0190,Customer 190,Malaysia,Online,S003,Wireless Sensor Node,IoT Devices,Smart Devices,95,9,0.01,846.45,405,441.45,54,Retail,Smart Home,88
O002722,2025-01-18,C0086,Customer 086,Indonesia,Online,A004,Robotics Motion Controller,Electronics,Autonomous,950,4,0.08,3496.0,2160,1336.0,33,Enterprise,Robotics,12
O002723,2024-03-13,C0131,Customer 131,Malaysia,Distributor,S002,Drone Navigation Module,IoT Devices,Smart Devices,320,8,0.06,2406.4,1360,1046.4,88,Enterprise,Smart Home,154
O002724,2024-01-02,C0047,Customer 047,Malaysia,Direct Sales,S004,Smart Lock Control Board,IoT Devices,Smart Devices,140,11,0.05,1463.0,770,693.0,18,Enterprise,Technology,109
O002725,2025-01-09,C0149,Customer 149,Indonesia,Distributor,S001,Smart Home Controller,IoT Devices,Smart Devices,180,9,0.0,1620.0,810,810.0,25,Retail,Automotive OEM,56
O002726,2024-09-27,C0082,Customer 082,Thailand,Direct Sales,A002,Control Unit Module,Electronics,Autonomous,780,8,0.09,5678.4,3360,2318.4,45,Retail,Smart Home,165
O002727,2024-06-03,C0007,Customer 007,Thailand,Direct Sales,S001,Smart Home Controller,IoT Devices,Smart Devices,180,3,0.08,496.8,270,226.8,44,Enterprise,Robotics,27
O002728,2023-03-10,C0068,Customer 068,Indonesia,Online,S003,Wireless Sensor Node,IoT Devices,Smart Devices,95,5,0.09,432.25,225,207.25,27,Enterprise,Consumer Electronics,176
O002729,2025-03-26,C0173,Customer 173,Malaysia,Online,M001,Surgical Light System,Medical Equipment,Medical,12000,2,0.05,22800.0,14000,8800.0,87,Retail,Hospital Systems,69
O002730,2023-04-28,C0074,Customer 074,Malaysia,Direct Sales,S002,Drone Navigation Module,IoT Devices,Smart Devices,320,6,0.11,1708.8,1020,688.8,40,SME,Hospital Systems,94
O002731,2025-08-22,C0207,Customer 207,Thailand,Retail,S002,Drone Navigation Module,IoT Devices,Smart Devices,320,7,0.07,2083.2,1190,893.2,19,SME,Industrial Automation,63
O002732,2025-08-27,C0172,Customer 172,China,Direct Sales,S004,Smart Lock Control Board,IoT Devices,Smart Devices,140,5,0.03,679.0,350,329.0,4,SME,Smart Home,24
O002733,2023-03-01,C0095,Customer 095,Indonesia,Distributor,S002,Drone Navigation Module,IoT Devices,Smart Devices,320,3,0.09,873.6,510,363.6,85,SME,Automotive OEM,22
O002734,2023-12-29,C0111,Customer 111,Singapore,Direct Sales,M003,Anesthesia Machine,Medical Equipment,Medical,25000,2,0.06,47000.0,30000,17000.0,70,SME,Consumer Electronics,120
O002735,2023-09-02,C0063,Customer 063,Malaysia,Retail,M001,Surgical Light System,Medical Equipment,Medical,12000,3,0.07,33480.0,21000,12480.0,45,SME,Automotive OEM,18
O002736,2023-05-08,C0044,Customer 044,China,Direct Sales,A002,Control Unit Module,Electronics,Autonomous,780,3,0.09,2129.4,1260,869.4,85,Enterprise,Medical Distributors,111
O002737,2024-07-22,C0022,Customer 022,China,Direct Sales,M004,Patient Monitoring Module,Medical Equipment,Medical,8500,3,0.05,24225.0,15000,9225.0,47,Retail,Industrial Automation,57
O002738,2024-10-10,C0183,Customer 183,Singapore,Distributor,S004,Smart Lock Control Board,IoT Devices,Smart Devices,140,4,0.11,498.4,280,218.4,37,Enterprise,Automotive OEM,113
O002739,2025-01-20,C0040,Customer 040,Malaysia,Direct Sales,S001,Smart Home Controller,IoT Devices,Smart Devices,180,7,0.11,1121.4,630,491.4,10,SME,Hospital Systems,162
O002740,2025-04-05,C0111,Customer 111,Singapore,Direct Sales,A003,Sensor Processing Unit,Electronics,Autonomous,620,5,0.03,3007.0,1750,1257.0,70,SME,Consumer Electronics,120
O002741,2025-10-24,C0166,Customer 166,Singapore,Online,M003,Anesthesia Machine,Medical Equipment,Medical,25000,2,0.04,48000.0,30000,18000.0,81,SME,Smart Home,151
O002742,2025-06-27,C0185,Customer 185,Thailand,Online,M001,Surgical Light System,Medical Equipment,Medical,12000,3,0.07,33480.0,21000,12480.0,12,SME,Industrial Automation,58
O002743,2025-11-01,C0154,Customer 154,Singapore,Distributor,A003,Sensor Processing Unit,Electronics,Autonomous,620,6,0.11,3310.8,2100,1210.8,61,Retail,Smart Home,123
O002744,2023-01-07,C0003,Customer 003,Singapore,Online,A001,Advanced PCB Board,Electronics,Autonomous,450,5,0.06,2115.0,1250,865.0,30,Enterprise,Robotics,130
O002745,2023-08-30,C0179,Customer 179,Indonesia,Retail,A002,Control Unit Module,Electronics,Autonomous,780,9,0.07,6528.6,3780,2748.6,41,Enterprise,Medical Distributors,65
O002746,2023-06-26,C0220,Customer 220,Malaysia,Retail,S002,Drone Navigation Module,IoT Devices,Smart Devices,320,5,0.04,1536.0,850,686.0,40,SME,Hospital Systems,113
O002747,2023-07-05,C0180,Customer 180,Thailand,Direct Sales,M003,Anesthesia Machine,Medical Equipment,Medical,25000,2,0.1,45000.0,30000,15000.0,66,Enterprise,Industrial Automation,1
O002748,2023-02-11,C0003,Customer 003,Singapore,Direct Sales,M003,Anesthesia Machine,Medical Equipment,Medical,25000,1,0.1,22500.0,15000,7500.0,30,Enterprise,Robotics,130
O002749,2025-02-06,C0190,Customer 190,Malaysia,Direct Sales,A004,Robotics Motion Controller,Electronics,Autonomous,950,4,0.09,3458.0,2160,1298.0,54,Retail,Smart Home,88
O002750,2024-05-20,C0066,Customer 066,Thailand,Distributor,A001,Advanced PCB Board,Electronics,Autonomous,450,3,0.12,1188.0,750,438.0,18,Retail,Medical Distributors,68
O002751,2023-09-29,C0145,Customer 145,Malaysia,Direct Sales,A001,Advanced PCB Board,Electronics,Autonomous,450,8,0.05,3420.0,2000,1420.0,40,SME,Robotics,170
O002752,2024-08-10,C0147,Customer 147,Thailand,Online,M003,Anesthesia Machine,Medical Equipment,Medical,25000,1,0.04,24000.0,15000,9000.0,35,SME,Technology,79
O002753,2024-10-08,C0187,Customer 187,China,Distributor,A003,Sensor Processing Unit,Electronics,Autonomous,620,3,0.13,1618.2,1050,568.2,66,Retail,Smart Home,70
O002754,2024-07-12,C0197,Customer 197,Malaysia,Distributor,M004,Patient Monitoring Module,Medical Equipment,Medical,8500,2,0.1,15300.0,10000,5300.0,17,SME,Hospital Systems,129
O002755,2024-06-15,C0213,Customer 213,Thailand,Retail,S004,Smart Lock Control Board,IoT Devices,Smart Devices,140,7,0.05,931.0,490,441.0,89,SME,Industrial Automation,65
O002756,2025-09-30,C0190,Customer 190,Malaysia,Online,A002,Control Unit Module,Electronics,Autonomous,780,3,0.05,2223.0,1260,963.0,54,Retail,Smart Home,88
O002757,2025-12-07,C0031,Customer 031,Indonesia,Distributor,A004,Robotics Motion Controller,Electronics,Autonomous,950,8,0.05,7220.0,4320,2900.0,77,Retail,Hospital Systems,83
O002758,2025-02-28,C0109,Customer 109,Thailand,Distributor,M003,Anesthesia Machine,Medical Equipment,Medical,25000,1,0.1,22500.0,15000,7500.0,18,Retail,Medical Distributors,39
O002759,2025-06-07,C0128,Customer 128,Singapore,Online,A002,Control Unit Module,Electronics,Autonomous,780,7,0.04,5241.6,2940,2301.6,40,Retail,Automotive OEM,28
O002760,2025-10-28,C0169,Customer 169,Thailand,Online,S001,Smart Home Controller,IoT Devices,Smart Devices,180,9,0.04,1555.2,810,745.2,57,SME,Smart Home,32
O002761,2024-03-07,C0035,Customer 035,China,Distributor,A001,Advanced PCB Board,Electronics,Autonomous,450,4,0.1,1620.0,1000,620.0,34,Retail,Automotive OEM,136
O002762,2023-03-06,C0108,Customer 108,Singapore,Distributor,M002,Operating Table,Medical Equipment,Medical,18000,1,0.06,16920.0,11000,5920.0,35,SME,Robotics,86
O002763,2025-08-14,C0009,Customer 009,Thailand,Online,S002,Drone Navigation Module,IoT Devices,Smart Devices,320,6,0.03,1862.4,1020,842.4,69,Retail,Technology,32
O002764,2025-02-12,C0021,Customer 021,Malaysia,Direct Sales,S003,Wireless Sensor Node,IoT Devices,Smart Devices,95,9,0.06,803.7,405,398.7,96,Enterprise,Smart Home,150
O002765,2023-08-03,C0024,Customer 024,Malaysia,Online,S003,Wireless Sensor Node,IoT Devices,Smart Devices,95,6,0.11,507.3,270,237.3,77,SME,Industrial Automation,17
O002766,2023-01-17,C0048,Customer 048,Malaysia,Retail,M003,Anesthesia Machine,Medical Equipment,Medical,25000,2,0.13,43500.0,30000,13500.0,10,Enterprise,Robotics,114
O002767,2024-11-20,C0060,Customer 060,Thailand,Direct Sales,S003,Wireless Sensor Node,IoT Devices,Smart Devices,95,7,0.05,631.75,315,316.75,17,Enterprise,Industrial Automation,172
O002768,2025-01-03,C0085,Customer 085,Indonesia,Distributor,A001,Advanced PCB Board,Electronics,Autonomous,450,1,0.1,405.0,250,155.0,56,SME,Consumer Electronics,156
O002769,2024-01-17,C0029,Customer 029,Indonesia,Retail,M001,Surgical Light System,Medical Equipment,Medical,12000,1,0.09,10920.0,7000,3920.0,81,Retail,Medical Distributors,77
O002770,2025-07-23,C0182,Customer 182,Thailand,Retail,S002,Drone Navigation Module,IoT Devices,Smart Devices,320,4,0.1,1152.0,680,472.0,81,SME,Technology,114
O002771,2025-08-27,C0157,Customer 157,Indonesia,Online,M004,Patient Monitoring Module,Medical Equipment,Medical,8500,3,0.08,23460.0,15000,8460.0,20,SME,Hospital Systems,39
O002772,2024-11-22,C0218,Customer 218,Thailand,Retail,A004,Robotics Motion Controller,Electronics,Autonomous,950,5,0.04,4560.0,2700,1860.0,78,Retail,Robotics,91
O002773,2024-04-24,C0010,Customer 010,China,Direct Sales,S001,Smart Home Controller,IoT Devices,Smart Devices,180,6,0.07,1004.4,540,464.4,81,Enterprise,Smart Home,159
O002774,2024-07-05,C0049,Customer 049,Indonesia,Retail,S002,Drone Navigation Module,IoT Devices,Smart Devices,320,7,0.08,2060.8,1190,870.8,12,Enterprise,Hospital Systems,61
O002775,2023-12-02,C0083,Customer 083,Indonesia,Distributor,S001,Smart Home Controller,IoT Devices,Smart Devices,180,9,0.11,1441.8,810,631.8,4,SME,Consumer Electronics,30
O002776,2025-12-09,C0220,Customer 220,Malaysia,Distributor,M004,Patient Monitoring Module,Medical Equipment,Medical,8500,3,0.04,24480.0,15000,9480.0,40,SME,Hospital Systems,113
O002777,2024-11-13,C0187,Customer 187,China,Direct Sales,M001,Surgical Light System,Medical Equipment,Medical,12000,3,0.05,34200.0,21000,13200.0,66,Retail,Smart Home,70
O002778,2023-10-17,C0063,Customer 063,Malaysia,Retail,A002,Control Unit Module,Electronics,Autonomous,780,6,0.05,4446.0,2520,1926.0,45,SME,Automotive OEM,18
O002779,2025-08-01,C0106,Customer 106,China,Distributor,M001,Surgical Light System,Medical Equipment,Medical,12000,3,0.1,32400.0,21000,11400.0,82,Enterprise,Robotics,71
O002780,2023-12-19,C0065,Customer 065,Thailand,Online,A001,Advanced PCB Board,Electronics,Autonomous,450,6,0.03,2619.0,1500,1119.0,86,SME,Hospital Systems,142
O002781,2024-04-28,C0178,Customer 178,China,Retail,M004,Patient Monitoring Module,Medical Equipment,Medical,8500,1,0.04,8160.0,5000,3160.0,85,SME,Smart Home,103
O002782,2024-05-16,C0020,Customer 020,China,Online,M003,Anesthesia Machine,Medical Equipment,Medical,25000,3,0.03,72750.0,45000,27750.0,19,SME,Technology,68
O002783,2023-11-23,C0180,Customer 180,Thailand,Direct Sales,A002,Control Unit Module,Electronics,Autonomous,780,2,0.06,1466.4,840,626.4,66,Enterprise,Industrial Automation,1
O002784,2025-03-18,C0030,Customer 030,Indonesia,Distributor,S004,Smart Lock Control Board,IoT Devices,Smart Devices,140,3,0.11,373.8,210,163.8,48,SME,Automotive OEM,42
O002785,2025-02-09,C0116,Customer 116,Thailand,Distributor,A004,Robotics Motion Controller,Electronics,Autonomous,950,9,0.13,7438.5,4860,2578.5,50,SME,Hospital Systems,87
O002786,2023-07-16,C0208,Customer 208,Indonesia,Distributor,A003,Sensor Processing Unit,Electronics,Autonomous,620,5,0.08,2852.0,1750,1102.0,22,SME,Automotive OEM,45
O002787,2023-10-01,C0034,Customer 034,Singapore,Online,A003,Sensor Processing Unit,Electronics,Autonomous,620,5,0.09,2821.0,1750,1071.0,17,Retail,Automotive OEM,169
O002788,2025-05-19,C0091,Customer 091,Malaysia,Retail,S002,Drone Navigation Module,IoT Devices,Smart Devices,320,8,0.08,2355.2,1360,995.2,87,SME,Industrial Automation,45
O002789,2024-12-11,C0177,Customer 177,Thailand,Direct Sales,A004,Robotics Motion Controller,Electronics,Autonomous,950,2,0.04,1824.0,1080,744.0,21,Enterprise,Medical Distributors,85
O002790,2023-12-31,C0083,Customer 083,Indonesia,Online,M004,Patient Monitoring Module,Medical Equipment,Medical,8500,3,0.06,23970.0,15000,8970.0,4,SME,Consumer Electronics,30
O002791,2025-10-23,C0191,Customer 191,Indonesia,Retail,M001,Surgical Light System,Medical Equipment,Medical,12000,1,0.17,9960.0,7000,2960.0,37,Enterprise,Hospital Systems,77
O002792,2024-04-16,C0201,Customer 201,Thailand,Retail,M003,Anesthesia Machine,Medical Equipment,Medical,25000,5,0.1,112500.0,75000,37500.0,84,Enterprise,Industrial Automation,21
O002793,2024-03-08,C0137,Customer 137,China,Retail,A001,Advanced PCB Board,Electronics,Autonomous,450,6,0.03,2619.0,1500,1119.0,42,SME,Smart Home,63
O002794,2025-02-25,C0100,Customer 100,China,Distributor,S003,Wireless Sensor Node,IoT Devices,Smart Devices,95,8,0.07,706.8,360,346.8,19,SME,Robotics,168
O002795,2024-08-06,C0163,Customer 163,Malaysia,Retail,A001,Advanced PCB Board,Electronics,Autonomous,450,3,0.07,1255.5,750,505.5,21,Enterprise,Medical Distributors,1
O002796,2025-09-11,C0180,Customer 180,Thailand,Online,M001,Surgical Light System,Medical Equipment,Medical,12000,4,0.18,39360.0,28000,11360.0,66,Enterprise,Industrial Automation,1
O002797,2025-05-13,C0046,Customer 046,Singapore,Distributor,M003,Anesthesia Machine,Medical Equipment,Medical,25000,1,0.12,22000.0,15000,7000.0,14,Enterprise,Consumer Electronics,64
O002798,2025-11-25,C0125,Customer 125,Malaysia,Retail,M002,Operating Table,Medical Equipment,Medical,18000,1,0.09,16380.0,11000,5380.0,31,Retail,Automotive OEM,33
O002799,2024-12-10,C0175,Customer 175,China,Direct Sales,S003,Wireless Sensor Node,IoT Devices,Smart Devices,95,10,0.05,902.5,450,452.5,75,Retail,Automotive OEM,112
O002800,2025-04-08,C0106,Customer 106,China,Distributor,M001,Surgical Light System,Medical Equipment,Medical,12000,1,0.11,10680.0,7000,3680.0,82,Enterprise,Robotics,71
O002801,2025-11-04,C0082,Customer 082,Thailand,Retail,A003,Sensor Processing Unit,Electronics,Autonomous,620,7,0.02,4253.2,2450,1803.2,45,Retail,Smart Home,165
O002802,2025-04-02,C0100,Customer 100,China,Direct Sales,A003,Sensor Processing Unit,Electronics,Autonomous,620,5,0.04,2976.0,1750,1226.0,19,SME,Robotics,168
O002803,2024-06-13,C0086,Customer 086,Indonesia,Direct Sales,S004,Smart Lock Control Board,IoT Devices,Smart Devices,140,8,0.08,1030.4,560,470.4,33,Enterprise,Robotics,12
O002804,2025-07-11,C0146,Customer 146,Indonesia,Online,S001,Smart Home Controller,IoT Devices,Smart Devices,180,8,0.1,1296.0,720,576.0,55,SME,Consumer Electronics,141
O002805,2024-11-17,C0118,Customer 118,Indonesia,Online,S001,Smart Home Controller,IoT Devices,Smart Devices,180,10,0.04,1728.0,900,828.0,76,Enterprise,Industrial Automation,145
O002806,2024-01-02,C0071,Customer 071,Malaysia,Retail,A003,Sensor Processing Unit,Electronics,Autonomous,620,2,0.09,1128.4,700,428.4,21,SME,Smart Home,114
O002807,2023-06-13,C0133,Customer 133,China,Direct Sales,M003,Anesthesia Machine,Medical Equipment,Medical,25000,1,0.05,23750.0,15000,8750.0,65,SME,Medical Distributors,166
O002808,2024-06-12,C0099,Customer 099,China,Retail,M004,Patient Monitoring Module,Medical Equipment,Medical,8500,1,0.06,7990.0,5000,2990.0,92,SME,Robotics,179
O002809,2025-08-09,C0206,Customer 206,Thailand,Direct Sales,A001,Advanced PCB Board,Electronics,Autonomous,450,6,0.03,2619.0,1500,1119.0,42,Retail,Hospital Systems,15
O002810,2025-09-29,C0218,Customer 218,Thailand,Online,A004,Robotics Motion Controller,Electronics,Autonomous,950,3,0.02,2793.0,1620,1173.0,78,Retail,Robotics,91
O002811,2025-01-26,C0176,Customer 176,China,Retail,A001,Advanced PCB Board,Electronics,Autonomous,450,7,0.05,2992.5,1750,1242.5,45,Retail,Technology,105
O002812,2024-08-29,C0049,Customer 049,Indonesia,Online,M001,Surgical Light System,Medical Equipment,Medical,12000,4,0.1,43200.0,28000,15200.0,12,Enterprise,Hospital Systems,61
O002813,2024-12-31,C0047,Customer 047,Malaysia,Direct Sales,A003,Sensor Processing Unit,Electronics,Autonomous,620,5,0.06,2914.0,1750,1164.0,18,Enterprise,Technology,109
O002814,2024-09-01,C0081,Customer 081,Malaysia,Direct Sales,S003,Wireless Sensor Node,IoT Devices,Smart Devices,95,10,0.08,874.0,450,424.0,52,Enterprise,Robotics,85
O002815,2025-01-01,C0183,Customer 183,Singapore,Direct Sales,S004,Smart Lock Control Board,IoT Devices,Smart Devices,140,8,0.08,1030.4,560,470.4,37,Enterprise,Automotive OEM,113
O002816,2025-03-22,C0054,Customer 054,Singapore,Distributor,M004,Patient Monitoring Module,Medical Equipment,Medical,8500,1,0.04,8160.0,5000,3160.0,7,SME,Hospital Systems,150
O002817,2023-07-13,C0093,Customer 093,Thailand,Distributor,M003,Anesthesia Machine,Medical Equipment,Medical,25000,1,0.14,21500.0,15000,6500.0,75,Enterprise,Industrial Automation,156
O002818,2025-06-01,C0119,Customer 119,Singapore,Online,A001,Advanced PCB Board,Electronics,Autonomous,450,5,0.1,2025.0,1250,775.0,18,Enterprise,Industrial Automation,119
O002819,2024-05-14,C0058,Customer 058,Singapore,Retail,S004,Smart Lock Control Board,IoT Devices,Smart Devices,140,10,0.03,1358.0,700,658.0,85,SME,Industrial Automation,150
O002820,2024-10-30,C0004,Customer 004,Indonesia,Direct Sales,A002,Control Unit Module,Electronics,Autonomous,780,6,0.03,4539.6,2520,2019.6,92,Enterprise,Robotics,167
O002821,2023-07-27,C0174,Customer 174,Indonesia,Direct Sales,A003,Sensor Processing Unit,Electronics,Autonomous,620,6,0.05,3534.0,2100,1434.0,61,Enterprise,Automotive OEM,133
O002822,2024-09-10,C0145,Customer 145,Malaysia,Retail,A003,Sensor Processing Unit,Electronics,Autonomous,620,6,0.02,3645.6,2100,1545.6,40,SME,Robotics,170
O002823,2024-06-10,C0107,Customer 107,Indonesia,Direct Sales,S004,Smart Lock Control Board,IoT Devices,Smart Devices,140,8,0.11,996.8,560,436.8,36,SME,Robotics,113
O002824,2025-06-06,C0160,Customer 160,China,Distributor,M002,Operating Table,Medical Equipment,Medical,18000,2,0.07,33480.0,22000,11480.0,76,Retail,Smart Home,110
O002825,2024-09-12,C0030,Customer 030,Indonesia,Distributor,S002,Drone Navigation Module,IoT Devices,Smart Devices,320,12,0.09,3494.4,2040,1454.4,48,SME,Automotive OEM,42
O002826,2023-04-11,C0220,Customer 220,Malaysia,Retail,A002,Control Unit Module,Electronics,Autonomous,780,8,0.04,5990.4,3360,2630.4,40,SME,Hospital Systems,113
O002827,2025-06-13,C0092,Customer 092,Indonesia,Distributor,A001,Advanced PCB Board,Electronics,Autonomous,450,4,0.08,1656.0,1000,656.0,71,SME,Industrial Automation,1
O002828,2023-04-04,C0154,Customer 154,Singapore,Retail,S002,Drone Navigation Module,IoT Devices,Smart Devices,320,5,0.07,1488.0,850,638.0,61,Retail,Smart Home,123
O002829,2024-08-06,C0045,Customer 045,Thailand,Direct Sales,A001,Advanced PCB Board,Electronics,Autonomous,450,4,0.05,1710.0,1000,710.0,94,SME,Technology,14
O002830,2023-02-08,C0046,Customer 046,Singapore,Distributor,A003,Sensor Processing Unit,Electronics,Autonomous,620,7,0.08,3992.8,2450,1542.8,14,Enterprise,Consumer Electronics,64
O002831,2025-08-05,C0206,Customer 206,Thailand,Online,S002,Drone Navigation Module,IoT Devices,Smart Devices,320,11,0.01,3484.8,1870,1614.8,42,Retail,Hospital Systems,15
O002832,2024-04-05,C0089,Customer 089,Singapore,Online,M001,Surgical Light System,Medical Equipment,Medical,12000,3,0.05,34200.0,21000,13200.0,65,SME,Smart Home,80
O002833,2024-08-12,C0118,Customer 118,Indonesia,Retail,S004,Smart Lock Control Board,IoT Devices,Smart Devices,140,10,0.08,1288.0,700,588.0,76,Enterprise,Industrial Automation,145
O002834,2024-11-04,C0016,Customer 016,Malaysia,Retail,S001,Smart Home Controller,IoT Devices,Smart Devices,180,7,0.07,1171.8,630,541.8,82,SME,Smart Home,177
O002835,2023-01-26,C0061,Customer 061,Thailand,Online,A002,Control Unit Module,Electronics,Autonomous,780,6,0.05,4446.0,2520,1926.0,2,SME,Medical Distributors,118
O002836,2025-06-29,C0103,Customer 103,Malaysia,Retail,M003,Anesthesia Machine,Medical Equipment,Medical,25000,3,0.09,68250.0,45000,23250.0,59,Retail,Medical Distributors,35
O002837,2025-10-18,C0086,Customer 086,Indonesia,Distributor,M004,Patient Monitoring Module,Medical Equipment,Medical,8500,5,0.15,36125.0,25000,11125.0,33,Enterprise,Robotics,12
O002838,2024-06-07,C0190,Customer 190,Malaysia,Direct Sales,A003,Sensor Processing Unit,Electronics,Autonomous,620,4,0.07,2306.4,1400,906.4,54,Retail,Smart Home,88
O002839,2023-06-10,C0108,Customer 108,Singapore,Retail,S003,Wireless Sensor Node,IoT Devices,Smart Devices,95,7,0.08,611.8,315,296.8,35,SME,Robotics,86
O002840,2024-12-08,C0048,Customer 048,Malaysia,Distributor,M002,Operating Table,Medical Equipment,Medical,18000,1,0.15,15300.0,11000,4300.0,10,Enterprise,Robotics,114
O002841,2025-12-20,C0079,Customer 079,Malaysia,Online,A002,Control Unit Module,Electronics,Autonomous,780,5,0.04,3744.0,2100,1644.0,49,Enterprise,Medical Distributors,10
O002842,2024-10-07,C0120,Customer 120,Malaysia,Retail,A004,Robotics Motion Controller,Electronics,Autonomous,950,7,0.02,6517.0,3780,2737.0,42,Enterprise,Industrial Automation,55
O002843,2023-12-08,C0093,Customer 093,Thailand,Online,S002,Drone Navigation Module,IoT Devices,Smart Devices,320,5,0.08,1472.0,850,622.0,75,Enterprise,Industrial Automation,156
O002844,2025-04-30,C0143,Customer 143,China,Online,M001,Surgical Light System,Medical Equipment,Medical,12000,2,0.07,22320.0,14000,8320.0,89,SME,Robotics,122
O002845,2025-10-02,C0199,Customer 199,Indonesia,Retail,M004,Patient Monitoring Module,Medical Equipment,Medical,8500,4,0.09,30940.0,20000,10940.0,93,Retail,Hospital Systems,37
O002846,2023-09-27,C0066,Customer 066,Thailand,Direct Sales,A003,Sensor Processing Unit,Electronics,Autonomous,620,3,0.03,1804.2,1050,754.2,18,Retail,Medical Distributors,68
O002847,2024-03-23,C0201,Customer 201,Thailand,Direct Sales,M004,Patient Monitoring Module,Medical Equipment,Medical,8500,3,0.14,21930.0,15000,6930.0,84,Enterprise,Industrial Automation,21
O002848,2024-01-01,C0143,Customer 143,China,Retail,M003,Anesthesia Machine,Medical Equipment,Medical,25000,1,0.07,23250.0,15000,8250.0,89,SME,Robotics,122
O002849,2024-12-21,C0139,Customer 139,Indonesia,Retail,M004,Patient Monitoring Module,Medical Equipment,Medical,8500,1,0.09,7735.0,5000,2735.0,44,SME,Industrial Automation,8
O002850,2024-07-25,C0219,Customer 219,Malaysia,Online,A002,Control Unit Module,Electronics,Autonomous,780,7,0.07,5077.8,2940,2137.8,87,SME,Smart Home,169
O002851,2024-10-12,C0206,Customer 206,Thailand,Retail,S001,Smart Home Controller,IoT Devices,Smart Devices,180,5,0.02,882.0,450,432.0,42,Retail,Hospital Systems,15
O002852,2025-04-07,C0078,Customer 078,Malaysia,Retail,A004,Robotics Motion Controller,Electronics,Autonomous,950,8,0.04,7296.0,4320,2976.0,53,SME,Consumer Electronics,172
O002853,2025-07-09,C0031,Customer 031,Indonesia,Distributor,M003,Anesthesia Machine,Medical Equipment,Medical,25000,1,0.06,23500.0,15000,8500.0,77,Retail,Hospital Systems,83
O002854,2023-01-07,C0189,Customer 189,Indonesia,Online,S001,Smart Home Controller,IoT Devices,Smart Devices,180,6,0.1,972.0,540,432.0,77,Enterprise,Robotics,131
O002855,2023-12-19,C0152,Customer 152,Indonesia,Direct Sales,S003,Wireless Sensor Node,IoT Devices,Smart Devices,95,6,0.06,535.8,270,265.8,7,Enterprise,Hospital Systems,142
O002856,2025-05-06,C0135,Customer 135,China,Retail,A003,Sensor Processing Unit,Electronics,Autonomous,620,7,0.04,4166.4,2450,1716.4,91,Retail,Technology,40
O002857,2023-03-01,C0122,Customer 122,Thailand,Distributor,S002,Drone Navigation Module,IoT Devices,Smart Devices,320,7,0.01,2217.6,1190,1027.6,3,Retail,Technology,139
O002858,2025-10-27,C0032,Customer 032,China,Retail,M002,Operating Table,Medical Equipment,Medical,18000,1,0.17,14940.0,11000,3940.0,40,Enterprise,Consumer Electronics,62
O002859,2024-10-27,C0184,Customer 184,China,Distributor,S002,Drone Navigation Module,IoT Devices,Smart Devices,320,6,0.04,1843.2,1020,823.2,91,Enterprise,Robotics,41
O002860,2025-08-24,C0022,Customer 022,China,Direct Sales,S003,Wireless Sensor Node,IoT Devices,Smart Devices,95,5,0.08,437.0,225,212.0,47,Retail,Industrial Automation,57
O002861,2023-02-16,C0047,Customer 047,Malaysia,Retail,S004,Smart Lock Control Board,IoT Devices,Smart Devices,140,7,0.08,901.6,490,411.6,18,Enterprise,Technology,109
O002862,2024-01-31,C0216,Customer 216,Thailand,Retail,M003,Anesthesia Machine,Medical Equipment,Medical,25000,4,0.12,88000.0,60000,28000.0,36,Enterprise,Industrial Automation,3
O002863,2024-05-05,C0092,Customer 092,Indonesia,Retail,M003,Anesthesia Machine,Medical Equipment,Medical,25000,1,0.1,22500.0,15000,7500.0,71,SME,Industrial Automation,1
O002864,2024-02-14,C0042,Customer 042,Indonesia,Distributor,A002,Control Unit Module,Electronics,Autonomous,780,4,0.08,2870.4,1680,1190.4,28,Enterprise,Technology,139
O002865,2023-03-05,C0073,Customer 073,Malaysia,Retail,M004,Patient Monitoring Module,Medical Equipment,Medical,8500,3,0.06,23970.0,15000,8970.0,75,SME,Consumer Electronics,142
O002866,2025-06-27,C0062,Customer 062,Indonesia,Distributor,M004,Patient Monitoring Module,Medical Equipment,Medical,8500,3,0.1,22950.0,15000,7950.0,10,Retail,Medical Distributors,138
O002867,2025-10-21,C0063,Customer 063,Malaysia,Direct Sales,S003,Wireless Sensor Node,IoT Devices,Smart Devices,95,8,0.1,684.0,360,324.0,45,SME,Automotive OEM,18
O002868,2024-11-09,C0047,Customer 047,Malaysia,Distributor,M003,Anesthesia Machine,Medical Equipment,Medical,25000,3,0.13,65250.0,45000,20250.0,18,Enterprise,Technology,109
O002869,2023-05-24,C0079,Customer 079,Malaysia,Direct Sales,M001,Surgical Light System,Medical Equipment,Medical,12000,2,0.15,20400.0,14000,6400.0,49,Enterprise,Medical Distributors,10
O002870,2025-04-12,C0113,Customer 113,Singapore,Retail,S001,Smart Home Controller,IoT Devices,Smart Devices,180,5,0.07,837.0,450,387.0,62,Retail,Industrial Automation,2
O002871,2023-05-25,C0199,Customer 199,Indonesia,Online,A003,Sensor Processing Unit,Electronics,Autonomous,620,2,0.09,1128.4,700,428.4,93,Retail,Hospital Systems,37
O002872,2023-09-05,C0011,Customer 011,Thailand,Direct Sales,S004,Smart Lock Control Board,IoT Devices,Smart Devices,140,9,0.07,1171.8,630,541.8,6,SME,Medical Distributors,170
O002873,2023-05-03,C0044,Customer 044,China,Retail,A001,Advanced PCB Board,Electronics,Autonomous,450,7,0.09,2866.5,1750,1116.5,85,Enterprise,Medical Distributors,111
O002874,2023-03-23,C0108,Customer 108,Singapore,Retail,A002,Control Unit Module,Electronics,Autonomous,780,6,0.08,4305.6,2520,1785.6,35,SME,Robotics,86
O002875,2025-11-13,C0186,Customer 186,Singapore,Retail,S003,Wireless Sensor Node,IoT Devices,Smart Devices,95,5,0.07,441.75,225,216.75,83,SME,Medical Distributors,40
O002876,2023-09-12,C0044,Customer 044,China,Distributor,M002,Operating Table,Medical Equipment,Medical,18000,1,0.16,15120.0,11000,4120.0,85,Enterprise,Medical Distributors,111
O002877,2023-08-17,C0155,Customer 155,China,Distributor,S004,Smart Lock Control Board,IoT Devices,Smart Devices,140,5,0.06,658.0,350,308.0,33,Enterprise,Hospital Systems,123
O002878,2024-11-26,C0187,Customer 187,China,Distributor,M003,Anesthesia Machine,Medical Equipment,Medical,25000,2,0.09,45500.0,30000,15500.0,66,Retail,Smart Home,70
O002879,2024-03-06,C0163,Customer 163,Malaysia,Direct Sales,A001,Advanced PCB Board,Electronics,Autonomous,450,5,0.05,2137.5,1250,887.5,21,Enterprise,Medical Distributors,1
O002880,2023-06-01,C0201,Customer 201,Thailand,Retail,A004,Robotics Motion Controller,Electronics,Autonomous,950,4,0.08,3496.0,2160,1336.0,84,Enterprise,Industrial Automation,21
O002881,2024-06-16,C0112,Customer 112,China,Online,A002,Control Unit Module,Electronics,Autonomous,780,7,0.08,5023.2,2940,2083.2,50,Enterprise,Industrial Automation,150
O002882,2024-11-08,C0027,Customer 027,Indonesia,Online,A004,Robotics Motion Controller,Electronics,Autonomous,950,4,0.07,3534.0,2160,1374.0,15,Retail,Consumer Electronics,76
O002883,2023-03-15,C0046,Customer 046,Singapore,Distributor,M003,Anesthesia Machine,Medical Equipment,Medical,25000,3,0.13,65250.0,45000,20250.0,14,Enterprise,Consumer Electronics,64
O002884,2023-02-23,C0069,Customer 069,Thailand,Online,M004,Patient Monitoring Module,Medical Equipment,Medical,8500,1,0.07,7905.0,5000,2905.0,7,SME,Smart Home,24
O002885,2024-08-19,C0136,Customer 136,China,Distributor,A001,Advanced PCB Board,Electronics,Autonomous,450,5,0.11,2002.5,1250,752.5,79,Enterprise,Smart Home,138
O002886,2024-09-16,C0218,Customer 218,Thailand,Retail,A004,Robotics Motion Controller,Electronics,Autonomous,950,5,0.07,4417.5,2700,1717.5,78,Retail,Robotics,91
O002887,2023-11-13,C0083,Customer 083,Indonesia,Distributor,S004,Smart Lock Control Board,IoT Devices,Smart Devices,140,3,0.04,403.2,210,193.2,4,SME,Consumer Electronics,30
O002888,2024-08-21,C0143,Customer 143,China,Online,A003,Sensor Processing Unit,Electronics,Autonomous,620,6,0.07,3459.6,2100,1359.6,89,SME,Robotics,122
O002889,2023-02-27,C0163,Customer 163,Malaysia,Online,M004,Patient Monitoring Module,Medical Equipment,Medical,8500,3,0.09,23205.0,15000,8205.0,21,Enterprise,Medical Distributors,1
O002890,2023-01-25,C0162,Customer 162,Malaysia,Online,A001,Advanced PCB Board,Electronics,Autonomous,450,4,0.08,1656.0,1000,656.0,85,SME,Smart Home,21
O002891,2025-11-24,C0070,Customer 070,China,Retail,A003,Sensor Processing Unit,Electronics,Autonomous,620,9,0.07,5189.4,3150,2039.4,1,Retail,Hospital Systems,86
O002892,2023-12-15,C0175,Customer 175,China,Distributor,A002,Control Unit Module,Electronics,Autonomous,780,4,0.11,2776.8,1680,1096.8,75,Retail,Automotive OEM,112
O002893,2025-10-23,C0149,Customer 149,Indonesia,Online,A002,Control Unit Module,Electronics,Autonomous,780,7,0.05,5187.0,2940,2247.0,25,Retail,Automotive OEM,56
O002894,2025-09-20,C0135,Customer 135,China,Distributor,S003,Wireless Sensor Node,IoT Devices,Smart Devices,95,11,0.07,971.85,495,476.85,91,Retail,Technology,40
O002895,2025-09-14,C0008,Customer 008,Singapore,Retail,M003,Anesthesia Machine,Medical Equipment,Medical,25000,3,0.09,68250.0,45000,23250.0,45,SME,Consumer Electronics,155
O002896,2023-01-30,C0012,Customer 012,Malaysia,Direct Sales,S003,Wireless Sensor Node,IoT Devices,Smart Devices,95,7,0.03,645.05,315,330.05,30,Retail,Medical Distributors,26
O002897,2024-09-25,C0110,Customer 110,Malaysia,Distributor,M004,Patient Monitoring Module,Medical Equipment,Medical,8500,2,0.04,16320.0,10000,6320.0,91,SME,Automotive OEM,55
O002898,2023-09-02,C0110,Customer 110,Malaysia,Distributor,S003,Wireless Sensor Node,IoT Devices,Smart Devices,95,5,0.06,446.5,225,221.5,91,SME,Automotive OEM,55
O002899,2025-07-29,C0153,Customer 153,Thailand,Direct Sales,S002,Drone Navigation Module,IoT Devices,Smart Devices,320,4,0.11,1139.2,680,459.2,82,SME,Automotive OEM,126
O002900,2025-12-09,C0135,Customer 135,China,Distributor,M004,Patient Monitoring Module,Medical Equipment,Medical,8500,3,0.06,23970.0,15000,8970.0,91,Retail,Technology,40
O002901,2023-03-09,C0135,Customer 135,China,Direct Sales,A003,Sensor Processing Unit,Electronics,Autonomous,620,6,0.1,3348.0,2100,1248.0,91,Retail,Technology,40
O002902,2025-11-05,C0034,Customer 034,Singapore,Online,M002,Operating Table,Medical Equipment,Medical,18000,3,0.07,50220.0,33000,17220.0,17,Retail,Automotive OEM,169
O002903,2025-12-31,C0150,Customer 150,China,Direct Sales,S004,Smart Lock Control Board,IoT Devices,Smart Devices,140,10,0.12,1232.0,700,532.0,13,Enterprise,Smart Home,50
O002904,2023-04-25,C0080,Customer 080,China,Distributor,A004,Robotics Motion Controller,Electronics,Autonomous,950,6,0.07,5301.0,3240,2061.0,45,Enterprise,Technology,79
O002905,2024-01-10,C0145,Customer 145,Malaysia,Distributor,S004,Smart Lock Control Board,IoT Devices,Smart Devices,140,8,0.05,1064.0,560,504.0,40,SME,Robotics,170
O002906,2025-07-23,C0095,Customer 095,Indonesia,Direct Sales,M003,Anesthesia Machine,Medical Equipment,Medical,25000,1,0.1,22500.0,15000,7500.0,85,SME,Automotive OEM,22
O002907,2024-06-28,C0097,Customer 097,Thailand,Online,S001,Smart Home Controller,IoT Devices,Smart Devices,180,10,0.04,1728.0,900,828.0,19,Enterprise,Robotics,7
O002908,2024-01-25,C0001,Customer 001,Singapore,Direct Sales,S004,Smart Lock Control Board,IoT Devices,Smart Devices,140,8,0.11,996.8,560,436.8,32,Enterprise,Smart Home,58
O002909,2023-09-29,C0061,Customer 061,Thailand,Online,S001,Smart Home Controller,IoT Devices,Smart Devices,180,5,0.04,864.0,450,414.0,2,SME,Medical Distributors,118
O002910,2024-04-11,C0198,Customer 198,Indonesia,Retail,M004,Patient Monitoring Module,Medical Equipment,Medical,8500,1,0.13,7395.0,5000,2395.0,57,Enterprise,Medical Distributors,26
O002911,2023-04-15,C0165,Customer 165,Malaysia,Direct Sales,A002,Control Unit Module,Electronics,Autonomous,780,7,0.04,5241.6,2940,2301.6,90,Enterprise,Smart Home,117
O002912,2023-08-27,C0041,Customer 041,Singapore,Direct Sales,A004,Robotics Motion Controller,Electronics,Autonomous,950,9,0.06,8037.0,4860,3177.0,43,Enterprise,Hospital Systems,19
O002913,2023-07-24,C0004,Customer 004,Indonesia,Distributor,S001,Smart Home Controller,IoT Devices,Smart Devices,180,7,0.08,1159.2,630,529.2,92,Enterprise,Robotics,167
O002914,2024-09-06,C0019,Customer 019,Malaysia,Direct Sales,S002,Drone Navigation Module,IoT Devices,Smart Devices,320,10,0.05,3040.0,1700,1340.0,28,Retail,Consumer Electronics,168
O002915,2023-08-17,C0125,Customer 125,Malaysia,Retail,S004,Smart Lock Control Board,IoT Devices,Smart Devices,140,12,0.06,1579.2,840,739.2,31,Retail,Automotive OEM,33
O002916,2024-02-03,C0187,Customer 187,China,Retail,S002,Drone Navigation Module,IoT Devices,Smart Devices,320,7,0.08,2060.8,1190,870.8,66,Retail,Smart Home,70
O002917,2024-05-30,C0049,Customer 049,Indonesia,Online,A003,Sensor Processing Unit,Electronics,Autonomous,620,3,0.06,1748.4,1050,698.4,12,Enterprise,Hospital Systems,61
O002918,2023-12-28,C0212,Customer 212,Indonesia,Retail,A002,Control Unit Module,Electronics,Autonomous,780,7,0.06,5132.4,2940,2192.4,45,Enterprise,Technology,151
O002919,2024-09-05,C0197,Customer 197,Malaysia,Distributor,A001,Advanced PCB Board,Electronics,Autonomous,450,3,0.08,1242.0,750,492.0,17,SME,Hospital Systems,129
O002920,2025-10-27,C0190,Customer 190,Malaysia,Retail,A001,Advanced PCB Board,Electronics,Autonomous,450,5,0.03,2182.5,1250,932.5,54,Retail,Smart Home,88
O002921,2024-01-09,C0055,Customer 055,China,Direct Sales,A004,Robotics Motion Controller,Electronics,Autonomous,950,3,0.05,2707.5,1620,1087.5,8,SME,Automotive OEM,131
O002922,2025-11-09,C0107,Customer 107,Indonesia,Retail,A004,Robotics Motion Controller,Electronics,Autonomous,950,4,0.03,3686.0,2160,1526.0,36,SME,Robotics,113
O002923,2023-05-15,C0063,Customer 063,Malaysia,Online,A003,Sensor Processing Unit,Electronics,Autonomous,620,8,0.03,4811.2,2800,2011.2,45,SME,Automotive OEM,18
O002924,2025-06-26,C0107,Customer 107,Indonesia,Distributor,A002,Control Unit Module,Electronics,Autonomous,780,6,0.07,4352.4,2520,1832.4,36,SME,Robotics,113
O002925,2023-08-11,C0055,Customer 055,China,Distributor,M004,Patient Monitoring Module,Medical Equipment,Medical,8500,2,0.05,16150.0,10000,6150.0,8,SME,Automotive OEM,131
O002926,2024-09-17,C0068,Customer 068,Indonesia,Retail,A002,Control Unit Module,Electronics,Autonomous,780,6,0.03,4539.6,2520,2019.6,27,Enterprise,Consumer Electronics,176
O002927,2024-09-06,C0185,Customer 185,Thailand,Distributor,S002,Drone Navigation Module,IoT Devices,Smart Devices,320,11,0.08,3238.4,1870,1368.4,12,SME,Industrial Automation,58
O002928,2023-11-13,C0174,Customer 174,Indonesia,Distributor,A002,Control Unit Module,Electronics,Autonomous,780,4,0.07,2901.6,1680,1221.6,61,Enterprise,Automotive OEM,133
O002929,2025-03-22,C0131,Customer 131,Malaysia,Distributor,M003,Anesthesia Machine,Medical Equipment,Medical,25000,1,0.14,21500.0,15000,6500.0,88,Enterprise,Smart Home,154
O002930,2023-11-18,C0040,Customer 040,Malaysia,Retail,A002,Control Unit Module,Electronics,Autonomous,780,7,0.07,5077.8,2940,2137.8,10,SME,Hospital Systems,162
O002931,2025-05-03,C0030,Customer 030,Indonesia,Online,S004,Smart Lock Control Board,IoT Devices,Smart Devices,140,9,0.05,1197.0,630,567.0,48,SME,Automotive OEM,42
O002932,2024-06-22,C0004,Customer 004,Indonesia,Online,A004,Robotics Motion Controller,Electronics,Autonomous,950,5,0.05,4512.5,2700,1812.5,92,Enterprise,Robotics,167
O002933,2024-09-19,C0011,Customer 011,Thailand,Online,A002,Control Unit Module,Electronics,Autonomous,780,3,0.09,2129.4,1260,869.4,6,SME,Medical Distributors,170
O002934,2024-10-07,C0048,Customer 048,Malaysia,Online,A004,Robotics Motion Controller,Electronics,Autonomous,950,5,0.05,4512.5,2700,1812.5,10,Enterprise,Robotics,114
O002935,2025-03-16,C0149,Customer 149,Indonesia,Direct Sales,A003,Sensor Processing Unit,Electronics,Autonomous,620,11,0.08,6274.4,3850,2424.4,25,Retail,Automotive OEM,56
O002936,2025-04-07,C0027,Customer 027,Indonesia,Retail,M001,Surgical Light System,Medical Equipment,Medical,12000,3,0.05,34200.0,21000,13200.0,15,Retail,Consumer Electronics,76
O002937,2023-10-14,C0112,Customer 112,China,Online,A004,Robotics Motion Controller,Electronics,Autonomous,950,4,0.02,3724.0,2160,1564.0,50,Enterprise,Industrial Automation,150
O002938,2024-02-19,C0040,Customer 040,Malaysia,Online,M004,Patient Monitoring Module,Medical Equipment,Medical,8500,2,0.05,16150.0,10000,6150.0,10,SME,Hospital Systems,162
O002939,2025-02-03,C0208,Customer 208,Indonesia,Online,M001,Surgical Light System,Medical Equipment,Medical,12000,1,0.06,11280.0,7000,4280.0,22,SME,Automotive OEM,45
O002940,2025-02-22,C0002,Customer 002,Malaysia,Distributor,A002,Control Unit Module,Electronics,Autonomous,780,7,0.13,4750.2,2940,1810.2,76,SME,Medical Distributors,109
O002941,2025-10-27,C0014,Customer 014,Thailand,Online,A004,Robotics Motion Controller,Electronics,Autonomous,950,6,0.03,5529.0,3240,2289.0,90,Enterprise,Smart Home,175
O002942,2024-05-12,C0205,Customer 205,China,Online,M003,Anesthesia Machine,Medical Equipment,Medical,25000,2,0.08,46000.0,30000,16000.0,57,Retail,Medical Distributors,43
O002943,2025-08-20,C0005,Customer 005,Indonesia,Retail,M001,Surgical Light System,Medical Equipment,Medical,12000,3,0.08,33120.0,21000,12120.0,76,SME,Technology,72
O002944,2025-09-24,C0205,Customer 205,China,Online,M004,Patient Monitoring Module,Medical Equipment,Medical,8500,1,0.1,7650.0,5000,2650.0,57,Retail,Medical Distributors,43
O002945,2025-02-07,C0104,Customer 104,China,Direct Sales,M001,Surgical Light System,Medical Equipment,Medical,12000,1,0.03,11640.0,7000,4640.0,57,SME,Consumer Electronics,157
O002946,2024-12-02,C0094,Customer 094,Thailand,Online,A001,Advanced PCB Board,Electronics,Autonomous,450,4,0.06,1692.0,1000,692.0,87,SME,Technology,55
O002947,2024-08-05,C0116,Customer 116,Thailand,Retail,M002,Operating Table,Medical Equipment,Medical,18000,1,0.04,17280.0,11000,6280.0,50,SME,Hospital Systems,87
O002948,2023-06-01,C0166,Customer 166,Singapore,Retail,A002,Control Unit Module,Electronics,Autonomous,780,5,0.09,3549.0,2100,1449.0,81,SME,Smart Home,151
O002949,2023-11-05,C0034,Customer 034,Singapore,Online,S002,Drone Navigation Module,IoT Devices,Smart Devices,320,7,0.05,2128.0,1190,938.0,17,Retail,Automotive OEM,169
O002950,2023-06-30,C0105,Customer 105,Indonesia,Distributor,A004,Robotics Motion Controller,Electronics,Autonomous,950,4,0.08,3496.0,2160,1336.0,21,SME,Technology,122
O002951,2024-06-17,C0193,Customer 193,Indonesia,Online,S001,Smart Home Controller,IoT Devices,Smart Devices,180,6,0.09,982.8,540,442.8,71,SME,Consumer Electronics,140
O002952,2023-10-15,C0059,Customer 059,Indonesia,Online,M002,Operating Table,Medical Equipment,Medical,18000,1,0.1,16200.0,11000,5200.0,27,SME,Smart Home,172
O002953,2025-01-09,C0092,Customer 092,Indonesia,Distributor,A004,Robotics Motion Controller,Electronics,Autonomous,950,6,0.07,5301.0,3240,2061.0,71,SME,Industrial Automation,1
O002954,2025-08-17,C0185,Customer 185,Thailand,Retail,M004,Patient Monitoring Module,Medical Equipment,Medical,8500,1,0.06,7990.0,5000,2990.0,12,SME,Industrial Automation,58
O002955,2024-02-12,C0134,Customer 134,Thailand,Online,S003,Wireless Sensor Node,IoT Devices,Smart Devices,95,9,0.05,812.25,405,407.25,63,Enterprise,Industrial Automation,28
O002956,2023-02-17,C0132,Customer 132,Singapore,Direct Sales,M003,Anesthesia Machine,Medical Equipment,Medical,25000,2,0.07,46500.0,30000,16500.0,45,Retail,Hospital Systems,137
O002957,2025-05-25,C0199,Customer 199,Indonesia,Retail,A003,Sensor Processing Unit,Electronics,Autonomous,620,3,0.08,1711.2,1050,661.2,93,Retail,Hospital Systems,37
O002958,2025-12-18,C0006,Customer 006,Singapore,Online,M001,Surgical Light System,Medical Equipment,Medical,12000,2,0.03,23280.0,14000,9280.0,90,Retail,Automotive OEM,109
O002959,2025-06-14,C0041,Customer 041,Singapore,Online,M001,Surgical Light System,Medical Equipment,Medical,12000,3,0.16,30240.0,21000,9240.0,43,Enterprise,Hospital Systems,19
O002960,2025-10-04,C0136,Customer 136,China,Online,A001,Advanced PCB Board,Electronics,Autonomous,450,6,0.07,2511.0,1500,1011.0,79,Enterprise,Smart Home,138
O002961,2023-06-04,C0035,Customer 035,China,Direct Sales,S002,Drone Navigation Module,IoT Devices,Smart Devices,320,4,0.08,1177.6,680,497.6,34,Retail,Automotive OEM,136
O002962,2023-08-19,C0042,Customer 042,Indonesia,Distributor,S001,Smart Home Controller,IoT Devices,Smart Devices,180,4,0.1,648.0,360,288.0,28,Enterprise,Technology,139
O002963,2023-06-29,C0079,Customer 079,Malaysia,Retail,S002,Drone Navigation Module,IoT Devices,Smart Devices,320,10,0.08,2944.0,1700,1244.0,49,Enterprise,Medical Distributors,10
O002964,2024-01-26,C0215,Customer 215,Singapore,Retail,M002,Operating Table,Medical Equipment,Medical,18000,1,0.16,15120.0,11000,4120.0,74,Enterprise,Consumer Electronics,76
O002965,2025-08-11,C0042,Customer 042,Indonesia,Distributor,A004,Robotics Motion Controller,Electronics,Autonomous,950,5,0.12,4180.0,2700,1480.0,28,Enterprise,Technology,139
O002966,2023-05-30,C0176,Customer 176,China,Online,M003,Anesthesia Machine,Medical Equipment,Medical,25000,2,0.06,47000.0,30000,17000.0,45,Retail,Technology,105
O002967,2025-06-04,C0077,Customer 077,Malaysia,Retail,M001,Surgical Light System,Medical Equipment,Medical,12000,1,0.07,11160.0,7000,4160.0,53,Retail,Automotive OEM,7
O002968,2023-01-14,C0044,Customer 044,China,Retail,S002,Drone Navigation Module,IoT Devices,Smart Devices,320,12,0.03,3724.8,2040,1684.8,85,Enterprise,Medical Distributors,111
O002969,2024-04-06,C0023,Customer 023,Malaysia,Retail,A002,Control Unit Module,Electronics,Autonomous,780,6,0.03,4539.6,2520,2019.6,7,SME,Medical Distributors,29
O002970,2024-04-01,C0141,Customer 141,Thailand,Online,S002,Drone Navigation Module,IoT Devices,Smart Devices,320,7,0.04,2150.4,1190,960.4,36,Retail,Consumer Electronics,153
O002971,2024-02-15,C0157,Customer 157,Indonesia,Online,S002,Drone Navigation Module,IoT Devices,Smart Devices,320,9,0.11,2563.2,1530,1033.2,20,SME,Hospital Systems,39
O002972,2023-11-09,C0178,Customer 178,China,Distributor,M004,Patient Monitoring Module,Medical Equipment,Medical,8500,2,0.04,16320.0,10000,6320.0,85,SME,Smart Home,103
O002973,2024-01-07,C0173,Customer 173,Malaysia,Direct Sales,M002,Operating Table,Medical Equipment,Medical,18000,2,0.07,33480.0,22000,11480.0,87,Retail,Hospital Systems,69
O002974,2023-03-22,C0125,Customer 125,Malaysia,Online,M003,Anesthesia Machine,Medical Equipment,Medical,25000,2,0.1,45000.0,30000,15000.0,31,Retail,Automotive OEM,33
O002975,2024-11-01,C0088,Customer 088,Singapore,Distributor,A002,Control Unit Module,Electronics,Autonomous,780,5,0.12,3432.0,2100,1332.0,80,Retail,Consumer Electronics,81
O002976,2024-02-18,C0130,Customer 130,China,Distributor,A001,Advanced PCB Board,Electronics,Autonomous,450,10,0.09,4095.0,2500,1595.0,10,SME,Robotics,152
O002977,2024-07-09,C0119,Customer 119,Singapore,Distributor,M004,Patient Monitoring Module,Medical Equipment,Medical,8500,3,0.16,21420.0,15000,6420.0,18,Enterprise,Industrial Automation,119
O002978,2023-02-25,C0001,Customer 001,Singapore,Retail,M003,Anesthesia Machine,Medical Equipment,Medical,25000,2,0.09,45500.0,30000,15500.0,32,Enterprise,Smart Home,58
O002979,2025-02-07,C0217,Customer 217,Indonesia,Retail,M001,Surgical Light System,Medical Equipment,Medical,12000,3,0.09,32760.0,21000,11760.0,78,Retail,Hospital Systems,128
O002980,2024-03-03,C0053,Customer 053,Thailand,Direct Sales,A003,Sensor Processing Unit,Electronics,Autonomous,620,3,0.06,1748.4,1050,698.4,75,Enterprise,Hospital Systems,139
O002981,2025-03-28,C0191,Customer 191,Indonesia,Distributor,M004,Patient Monitoring Module,Medical Equipment,Medical,8500,1,0.16,7140.0,5000,2140.0,37,Enterprise,Hospital Systems,77
O002982,2023-09-13,C0155,Customer 155,China,Distributor,M002,Operating Table,Medical Equipment,Medical,18000,5,0.13,78300.0,55000,23300.0,33,Enterprise,Hospital Systems,123
O002983,2025-11-23,C0125,Customer 125,Malaysia,Distributor,M002,Operating Table,Medical Equipment,Medical,18000,2,0.08,33120.0,22000,11120.0,31,Retail,Automotive OEM,33
O002984,2023-09-04,C0013,Customer 013,China,Online,A004,Robotics Motion Controller,Electronics,Autonomous,950,7,0.08,6118.0,3780,2338.0,21,Enterprise,Consumer Electronics,95
O002985,2024-10-10,C0055,Customer 055,China,Distributor,A003,Sensor Processing Unit,Electronics,Autonomous,620,9,0.07,5189.4,3150,2039.4,8,SME,Automotive OEM,131
O002986,2023-07-05,C0079,Customer 079,Malaysia,Online,S001,Smart Home Controller,IoT Devices,Smart Devices,180,10,0.07,1674.0,900,774.0,49,Enterprise,Medical Distributors,10
O002987,2025-11-07,C0084,Customer 084,Thailand,Retail,M002,Operating Table,Medical Equipment,Medical,18000,1,0.08,16560.0,11000,5560.0,5,Enterprise,Smart Home,28
O002988,2025-02-17,C0167,Customer 167,Malaysia,Retail,A003,Sensor Processing Unit,Electronics,Autonomous,620,4,0.1,2232.0,1400,832.0,83,SME,Robotics,39
O002989,2023-07-24,C0140,Customer 140,China,Online,A002,Control Unit Module,Electronics,Autonomous,780,5,0.1,3510.0,2100,1410.0,63,Retail,Automotive OEM,55
O002990,2023-05-14,C0162,Customer 162,Malaysia,Online,A003,Sensor Processing Unit,Electronics,Autonomous,620,3,0.04,1785.6,1050,735.6,85,SME,Smart Home,21
O002991,2023-06-22,C0129,Customer 129,Indonesia,Retail,S003,Wireless Sensor Node,IoT Devices,Smart Devices,95,6,0.11,507.3,270,237.3,74,Enterprise,Smart Home,174
O002992,2023-02-02,C0117,Customer 117,China,Online,A001,Advanced PCB Board,Electronics,Autonomous,450,7,0.02,3087.0,1750,1337.0,17,SME,Technology,160
O002993,2024-05-24,C0013,Customer 013,China,Direct Sales,M003,Anesthesia Machine,Medical Equipment,Medical,25000,1,0.09,22750.0,15000,7750.0,21,Enterprise,Consumer Electronics,95
O002994,2023-11-15,C0012,Customer 012,Malaysia,Retail,M003,Anesthesia Machine,Medical Equipment,Medical,25000,3,0.08,69000.0,45000,24000.0,30,Retail,Medical Distributors,26
O002995,2023-05-06,C0167,Customer 167,Malaysia,Distributor,S002,Drone Navigation Module,IoT Devices,Smart Devices,320,5,0.11,1424.0,850,574.0,83,SME,Robotics,39
O002996,2024-08-23,C0057,Customer 057,Malaysia,Retail,A002,Control Unit Module,Electronics,Autonomous,780,3,0.09,2129.4,1260,869.4,75,SME,Robotics,153
O002997,2025-05-08,C0177,Customer 177,Thailand,Distributor,M003,Anesthesia Machine,Medical Equipment,Medical,25000,1,0.17,20750.0,15000,5750.0,21,Enterprise,Medical Distributors,85
O002998,2023-11-07,C0198,Customer 198,Indonesia,Distributor,S004,Smart Lock Control Board,IoT Devices,Smart Devices,140,9,0.06,1184.4,630,554.4,57,Enterprise,Medical Distributors,26
O002999,2023-08-13,C0163,Customer 163,Malaysia,Direct Sales,M003,Anesthesia Machine,Medical Equipment,Medical,25000,1,0.13,21750.0,15000,6750.0,21,Enterprise,Medical Distributors,1
O003000,2024-09-18,C0100,Customer 100,China,Online,A003,Sensor Processing Unit,Electronics,Autonomous,620,8,0.09,4513.6,2800,1713.6,19,SME,Robotics,168
O003001,2024-06-27,C0056,Customer 056,Singapore,Online,S002,Drone Navigation Module,IoT Devices,Smart Devices,320,7,0.0,2240.0,1190,1050.0,77,Retail,Medical Distributors,18
O003002,2023-02-22,C0144,Customer 144,China,Direct Sales,A002,Control Unit Module,Electronics,Autonomous,780,5,0.09,3549.0,2100,1449.0,12,SME,Hospital Systems,76
O003003,2023-03-12,C0185,Customer 185,Thailand,Distributor,S004,Smart Lock Control Board,IoT Devices,Smart Devices,140,9,0.11,1121.4,630,491.4,12,SME,Industrial Automation,58
O003004,2023-04-06,C0141,Customer 141,Thailand,Retail,S001,Smart Home Controller,IoT Devices,Smart Devices,180,7,0.06,1184.4,630,554.4,36,Retail,Consumer Electronics,153
O003005,2025-12-11,C0193,Customer 193,Indonesia,Distributor,M003,Anesthesia Machine,Medical Equipment,Medical,25000,2,0.04,48000.0,30000,18000.0,71,SME,Consumer Electronics,140
O003006,2024-12-15,C0155,Customer 155,China,Direct Sales,M004,Patient Monitoring Module,Medical Equipment,Medical,8500,2,0.12,14960.0,10000,4960.0,33,Enterprise,Hospital Systems,123
O003007,2023-05-16,C0002,Customer 002,Malaysia,Retail,M002,Operating Table,Medical Equipment,Medical,18000,1,0.06,16920.0,11000,5920.0,76,SME,Medical Distributors,109
O003008,2025-04-30,C0135,Customer 135,China,Retail,S001,Smart Home Controller,IoT Devices,Smart Devices,180,9,0.01,1603.8,810,793.8,91,Retail,Technology,40
O003009,2023-01-02,C0089,Customer 089,Singapore,Retail,A001,Advanced PCB Board,Electronics,Autonomous,450,1,0.06,423.0,250,173.0,65,SME,Smart Home,80
O003010,2024-06-10,C0130,Customer 130,China,Online,M003,Anesthesia Machine,Medical Equipment,Medical,25000,2,0.08,46000.0,30000,16000.0,10,SME,Robotics,152
O003011,2025-01-18,C0033,Customer 033,Singapore,Direct Sales,S002,Drone Navigation Module,IoT Devices,Smart Devices,320,10,0.07,2976.0,1700,1276.0,11,Enterprise,Medical Distributors,125
O003012,2024-02-06,C0039,Customer 039,Malaysia,Distributor,M003,Anesthesia Machine,Medical Equipment,Medical,25000,1,0.13,21750.0,15000,6750.0,76,Enterprise,Hospital Systems,142
O003013,2023-10-20,C0127,Customer 127,Thailand,Direct Sales,M004,Patient Monitoring Module,Medical Equipment,Medical,8500,1,0.08,7820.0,5000,2820.0,78,Retail,Automotive OEM,156
O003014,2025-04-07,C0179,Customer 179,Indonesia,Direct Sales,A001,Advanced PCB Board,Electronics,Autonomous,450,7,0.04,3024.0,1750,1274.0,41,Enterprise,Medical Distributors,65
O003015,2024-05-28,C0186,Customer 186,Singapore,Online,M003,Anesthesia Machine,Medical Equipment,Medical,25000,1,0.05,23750.0,15000,8750.0,83,SME,Medical Distributors,40
O003016,2025-08-04,C0180,Customer 180,Thailand,Online,S003,Wireless Sensor Node,IoT Devices,Smart Devices,95,10,0.1,855.0,450,405.0,66,Enterprise,Industrial Automation,1
O003017,2023-09-27,C0078,Customer 078,Malaysia,Retail,A002,Control Unit Module,Electronics,Autonomous,780,2,0.05,1482.0,840,642.0,53,SME,Consumer Electronics,172
O003018,2023-10-25,C0151,Customer 151,Thailand,Direct Sales,S002,Drone Navigation Module,IoT Devices,Smart Devices,320,6,0.1,1728.0,1020,708.0,39,Enterprise,Automotive OEM,4
O003019,2025-02-27,C0188,Customer 188,China,Direct Sales,S003,Wireless Sensor Node,IoT Devices,Smart Devices,95,10,0.06,893.0,450,443.0,32,Retail,Technology,117
O003020,2024-01-09,C0089,Customer 089,Singapore,Distributor,M001,Surgical Light System,Medical Equipment,Medical,12000,1,0.07,11160.0,7000,4160.0,65,SME,Smart Home,80
O003021,2024-05-02,C0045,Customer 045,Thailand,Retail,M003,Anesthesia Machine,Medical Equipment,Medical,25000,2,0.05,47500.0,30000,17500.0,94,SME,Technology,14
O003022,2025-09-11,C0190,Customer 190,Malaysia,Online,A004,Robotics Motion Controller,Electronics,Autonomous,950,3,0.04,2736.0,1620,1116.0,54,Retail,Smart Home,88
O003023,2025-04-10,C0031,Customer 031,Indonesia,Distributor,A004,Robotics Motion Controller,Electronics,Autonomous,950,2,0.1,1710.0,1080,630.0,77,Retail,Hospital Systems,83
O003024,2024-06-22,C0100,Customer 100,China,Retail,S001,Smart Home Controller,IoT Devices,Smart Devices,180,9,0.04,1555.2,810,745.2,19,SME,Robotics,168
O003025,2024-07-26,C0050,Customer 050,Malaysia,Online,S003,Wireless Sensor Node,IoT Devices,Smart Devices,95,7,0.06,625.1,315,310.1,28,SME,Technology,103
O003026,2024-01-17,C0018,Customer 018,Singapore,Online,A001,Advanced PCB Board,Electronics,Autonomous,450,3,0.08,1242.0,750,492.0,35,Retail,Industrial Automation,17
O003027,2025-09-25,C0044,Customer 044,China,Retail,S001,Smart Home Controller,IoT Devices,Smart Devices,180,6,0.09,982.8,540,442.8,85,Enterprise,Medical Distributors,111
O003028,2024-12-02,C0216,Customer 216,Thailand,Online,S001,Smart Home Controller,IoT Devices,Smart Devices,180,13,0.04,2246.4,1170,1076.4,36,Enterprise,Industrial Automation,3
O003029,2025-01-18,C0001,Customer 001,Singapore,Direct Sales,A003,Sensor Processing Unit,Electronics,Autonomous,620,6,0.1,3348.0,2100,1248.0,32,Enterprise,Smart Home,58
O003030,2023-09-16,C0180,Customer 180,Thailand,Distributor,M002,Operating Table,Medical Equipment,Medical,18000,2,0.18,29520.0,22000,7520.0,66,Enterprise,Industrial Automation,1
O003031,2023-08-16,C0027,Customer 027,Indonesia,Online,M002,Operating Table,Medical Equipment,Medical,18000,4,0.04,69120.0,44000,25120.0,15,Retail,Consumer Electronics,76
O003032,2024-12-12,C0125,Customer 125,Malaysia,Retail,A001,Advanced PCB Board,Electronics,Autonomous,450,5,0.05,2137.5,1250,887.5,31,Retail,Automotive OEM,33
O003033,2023-06-19,C0090,Customer 090,China,Distributor,S001,Smart Home Controller,IoT Devices,Smart Devices,180,6,0.07,1004.4,540,464.4,71,Enterprise,Smart Home,33
O003034,2025-11-12,C0158,Customer 158,Indonesia,Distributor,M004,Patient Monitoring Module,Medical Equipment,Medical,8500,2,0.09,15470.0,10000,5470.0,32,Retail,Medical Distributors,31
O003035,2024-03-30,C0127,Customer 127,Thailand,Distributor,M001,Surgical Light System,Medical Equipment,Medical,12000,1,0.08,11040.0,7000,4040.0,78,Retail,Automotive OEM,156
O003036,2024-12-25,C0191,Customer 191,Indonesia,Distributor,S001,Smart Home Controller,IoT Devices,Smart Devices,180,9,0.08,1490.4,810,680.4,37,Enterprise,Hospital Systems,77
O003037,2025-12-22,C0218,Customer 218,Thailand,Direct Sales,S001,Smart Home Controller,IoT Devices,Smart Devices,180,4,0.06,676.8,360,316.8,78,Retail,Robotics,91
O003038,2025-01-12,C0132,Customer 132,Singapore,Distributor,S001,Smart Home Controller,IoT Devices,Smart Devices,180,5,0.06,846.0,450,396.0,45,Retail,Hospital Systems,137
O003039,2025-12-23,C0095,Customer 095,Indonesia,Online,M003,Anesthesia Machine,Medical Equipment,Medical,25000,4,0.04,96000.0,60000,36000.0,85,SME,Automotive OEM,22
O003040,2023-12-06,C0003,Customer 003,Singapore,Distributor,S003,Wireless Sensor Node,IoT Devices,Smart Devices,95,13,0.11,1099.15,585,514.15,30,Enterprise,Robotics,130
O003041,2023-11-08,C0003,Customer 003,Singapore,Retail,S001,Smart Home Controller,IoT Devices,Smart Devices,180,4,0.11,640.8,360,280.8,30,Enterprise,Robotics,130
O003042,2024-07-24,C0208,Customer 208,Indonesia,Retail,M001,Surgical Light System,Medical Equipment,Medical,12000,3,0.05,34200.0,21000,13200.0,22,SME,Automotive OEM,45
O003043,2025-12-04,C0193,Customer 193,Indonesia,Retail,A003,Sensor Processing Unit,Electronics,Autonomous,620,6,0.06,3496.8,2100,1396.8,71,SME,Consumer Electronics,140
O003044,2023-10-06,C0044,Customer 044,China,Online,S004,Smart Lock Control Board,IoT Devices,Smart Devices,140,5,0.03,679.0,350,329.0,85,Enterprise,Medical Distributors,111
O003045,2024-05-29,C0117,Customer 117,China,Online,S004,Smart Lock Control Board,IoT Devices,Smart Devices,140,6,0.05,798.0,420,378.0,17,SME,Technology,160
O003046,2023-05-17,C0087,Customer 087,China,Retail,M001,Surgical Light System,Medical Equipment,Medical,12000,1,0.09,10920.0,7000,3920.0,47,Enterprise,Robotics,111
O003047,2025-09-11,C0077,Customer 077,Malaysia,Distributor,M003,Anesthesia Machine,Medical Equipment,Medical,25000,1,0.06,23500.0,15000,8500.0,53,Retail,Automotive OEM,7
O003048,2023-11-23,C0178,Customer 178,China,Retail,S003,Wireless Sensor Node,IoT Devices,Smart Devices,95,11,0.07,971.85,495,476.85,85,SME,Smart Home,103
O003049,2024-02-01,C0180,Customer 180,Thailand,Online,M004,Patient Monitoring Module,Medical Equipment,Medical,8500,2,0.09,15470.0,10000,5470.0,66,Enterprise,Industrial Automation,1
O003050,2024-07-19,C0099,Customer 099,China,Retail,M003,Anesthesia Machine,Medical Equipment,Medical,25000,1,0.04,24000.0,15000,9000.0,92,SME,Robotics,179
O003051,2023-11-07,C0069,Customer 069,Thailand,Retail,M004,Patient Monitoring Module,Medical Equipment,Medical,8500,1,0.04,8160.0,5000,3160.0,7,SME,Smart Home,24
O003052,2024-07-18,C0196,Customer 196,Thailand,Direct Sales,A002,Control Unit Module,Electronics,Autonomous,780,4,0.07,2901.6,1680,1221.6,50,SME,Industrial Automation,170
O003053,2025-12-02,C0142,Customer 142,Thailand,Direct Sales,A001,Advanced PCB Board,Electronics,Autonomous,450,5,0.08,2070.0,1250,820.0,11,SME,Robotics,62
O003054,2025-08-22,C0184,Customer 184,China,Retail,M004,Patient Monitoring Module,Medical Equipment,Medical,8500,1,0.11,7565.0,5000,2565.0,91,Enterprise,Robotics,41
O003055,2023-09-13,C0138,Customer 138,Singapore,Retail,S001,Smart Home Controller,IoT Devices,Smart Devices,180,6,0.04,1036.8,540,496.8,32,Enterprise,Technology,119
O003056,2024-11-30,C0060,Customer 060,Thailand,Direct Sales,A001,Advanced PCB Board,Electronics,Autonomous,450,5,0.05,2137.5,1250,887.5,17,Enterprise,Industrial Automation,172
O003057,2024-06-07,C0008,Customer 008,Singapore,Retail,M002,Operating Table,Medical Equipment,Medical,18000,2,0.06,33840.0,22000,11840.0,45,SME,Consumer Electronics,155
O003058,2023-12-11,C0031,Customer 031,Indonesia,Retail,S004,Smart Lock Control Board,IoT Devices,Smart Devices,140,9,0.06,1184.4,630,554.4,77,Retail,Hospital Systems,83
O003059,2024-04-05,C0080,Customer 080,China,Direct Sales,S001,Smart Home Controller,IoT Devices,Smart Devices,180,6,0.04,1036.8,540,496.8,45,Enterprise,Technology,79
O003060,2025-01-12,C0203,Customer 203,China,Retail,M004,Patient Monitoring Module,Medical Equipment,Medical,8500,2,0.09,15470.0,10000,5470.0,80,Retail,Hospital Systems,18
O003061,2025-06-04,C0073,Customer 073,Malaysia,Direct Sales,A003,Sensor Processing Unit,Electronics,Autonomous,620,4,0.07,2306.4,1400,906.4,75,SME,Consumer Electronics,142
O003062,2024-07-27,C0131,Customer 131,Malaysia,Online,S004,Smart Lock Control Board,IoT Devices,Smart Devices,140,7,0.11,872.2,490,382.2,88,Enterprise,Smart Home,154
O003063,2025-11-06,C0177,Customer 177,Thailand,Retail,A002,Control Unit Module,Electronics,Autonomous,780,5,0.07,3627.0,2100,1527.0,21,Enterprise,Medical Distributors,85
O003064,2024-05-29,C0139,Customer 139,Indonesia,Direct Sales,A002,Control Unit Module,Electronics,Autonomous,780,4,0.02,3057.6,1680,1377.6,44,SME,Industrial Automation,8
O003065,2025-09-21,C0147,Customer 147,Thailand,Retail,M004,Patient Monitoring Module,Medical Equipment,Medical,8500,1,0.05,8075.0,5000,3075.0,35,SME,Technology,79
O003066,2025-06-07,C0137,Customer 137,China,Online,S003,Wireless Sensor Node,IoT Devices,Smart Devices,95,6,0.04,547.2,270,277.2,42,SME,Smart Home,63
O003067,2025-09-26,C0149,Customer 149,Indonesia,Retail,S001,Smart Home Controller,IoT Devices,Smart Devices,180,7,0.05,1197.0,630,567.0,25,Retail,Automotive OEM,56
O003068,2025-02-22,C0211,Customer 211,Thailand,Direct Sales,M001,Surgical Light System,Medical Equipment,Medical,12000,3,0.07,33480.0,21000,12480.0,60,SME,Hospital Systems,74
O003069,2023-07-21,C0064,Customer 064,Malaysia,Direct Sales,S002,Drone Navigation Module,IoT Devices,Smart Devices,320,9,0.04,2764.8,1530,1234.8,57,SME,Automotive OEM,140
O003070,2024-05-03,C0117,Customer 117,China,Retail,A002,Control Unit Module,Electronics,Autonomous,780,5,0.09,3549.0,2100,1449.0,17,SME,Technology,160
O003071,2023-03-23,C0145,Customer 145,Malaysia,Retail,A002,Control Unit Module,Electronics,Autonomous,780,9,0.09,6388.2,3780,2608.2,40,SME,Robotics,170
O003072,2025-12-06,C0143,Customer 143,China,Retail,M001,Surgical Light System,Medical Equipment,Medical,12000,3,0.09,32760.0,21000,11760.0,89,SME,Robotics,122
O003073,2025-06-03,C0163,Customer 163,Malaysia,Direct Sales,S003,Wireless Sensor Node,IoT Devices,Smart Devices,95,6,0.05,541.5,270,271.5,21,Enterprise,Medical Distributors,1
O003074,2024-01-06,C0216,Customer 216,Thailand,Online,M001,Surgical Light System,Medical Equipment,Medical,12000,1,0.09,10920.0,7000,3920.0,36,Enterprise,Industrial Automation,3
O003075,2025-04-24,C0107,Customer 107,Indonesia,Retail,M001,Surgical Light System,Medical Equipment,Medical,12000,2,0.09,21840.0,14000,7840.0,36,SME,Robotics,113
O003076,2024-06-03,C0060,Customer 060,Thailand,Online,A002,Control Unit Module,Electronics,Autonomous,780,4,0.05,2964.0,1680,1284.0,17,Enterprise,Industrial Automation,172
O003077,2024-05-24,C0209,Customer 209,Singapore,Retail,A001,Advanced PCB Board,Electronics,Autonomous,450,4,0.08,1656.0,1000,656.0,80,SME,Industrial Automation,175
O003078,2024-10-26,C0036,Customer 036,Indonesia,Online,A004,Robotics Motion Controller,Electronics,Autonomous,950,3,0.08,2622.0,1620,1002.0,70,SME,Robotics,177
O003079,2023-11-25,C0175,Customer 175,China,Online,M004,Patient Monitoring Module,Medical Equipment,Medical,8500,3,0.08,23460.0,15000,8460.0,75,Retail,Automotive OEM,112
O003080,2024-12-14,C0117,Customer 117,China,Retail,M003,Anesthesia Machine,Medical Equipment,Medical,25000,1,0.09,22750.0,15000,7750.0,17,SME,Technology,160
O003081,2024-11-14,C0197,Customer 197,Malaysia,Distributor,A002,Control Unit Module,Electronics,Autonomous,780,10,0.08,7176.0,4200,2976.0,17,SME,Hospital Systems,129
O003082,2024-09-18,C0066,Customer 066,Thailand,Direct Sales,M002,Operating Table,Medical Equipment,Medical,18000,2,0.07,33480.0,22000,11480.0,18,Retail,Medical Distributors,68
O003083,2024-10-02,C0159,Customer 159,Indonesia,Retail,S002,Drone Navigation Module,IoT Devices,Smart Devices,320,3,0.05,912.0,510,402.0,67,Retail,Robotics,98
O003084,2025-02-22,C0104,Customer 104,China,Online,M004,Patient Monitoring Module,Medical Equipment,Medical,8500,2,0.09,15470.0,10000,5470.0,57,SME,Consumer Electronics,157
O003085,2025-09-21,C0193,Customer 193,Indonesia,Online,A002,Control Unit Module,Electronics,Autonomous,780,8,0.08,5740.8,3360,2380.8,71,SME,Consumer Electronics,140
O003086,2025-01-10,C0090,Customer 090,China,Distributor,M003,Anesthesia Machine,Medical Equipment,Medical,25000,2,0.11,44500.0,30000,14500.0,71,Enterprise,Smart Home,33
O003087,2023-08-17,C0126,Customer 126,China,Online,M004,Patient Monitoring Module,Medical Equipment,Medical,8500,2,0.09,15470.0,10000,5470.0,60,SME,Robotics,180
O003088,2024-08-29,C0040,Customer 040,Malaysia,Distributor,S001,Smart Home Controller,IoT Devices,Smart Devices,180,7,0.07,1171.8,630,541.8,10,SME,Hospital Systems,162
O003089,2023-06-05,C0196,Customer 196,Thailand,Direct Sales,M004,Patient Monitoring Module,Medical Equipment,Medical,8500,2,0.04,16320.0,10000,6320.0,50,SME,Industrial Automation,170
O003090,2025-04-08,C0065,Customer 065,Thailand,Distributor,A001,Advanced PCB Board,Electronics,Autonomous,450,5,0.12,1980.0,1250,730.0,86,SME,Hospital Systems,142
O003091,2025-12-27,C0128,Customer 128,Singapore,Retail,A002,Control Unit Module,Electronics,Autonomous,780,5,0.03,3783.0,2100,1683.0,40,Retail,Automotive OEM,28
O003092,2025-02-27,C0182,Customer 182,Thailand,Online,M002,Operating Table,Medical Equipment,Medical,18000,1,0.07,16740.0,11000,5740.0,81,SME,Technology,114
O003093,2023-06-18,C0172,Customer 172,China,Distributor,A002,Control Unit Module,Electronics,Autonomous,780,5,0.09,3549.0,2100,1449.0,4,SME,Smart Home,24
O003094,2023-03-25,C0084,Customer 084,Thailand,Distributor,M004,Patient Monitoring Module,Medical Equipment,Medical,8500,1,0.15,7225.0,5000,2225.0,5,Enterprise,Smart Home,28
O003095,2024-07-14,C0117,Customer 117,China,Retail,M001,Surgical Light System,Medical Equipment,Medical,12000,2,0.05,22800.0,14000,8800.0,17,SME,Technology,160
O003096,2024-03-24,C0171,Customer 171,Indonesia,Distributor,M004,Patient Monitoring Module,Medical Equipment,Medical,8500,1,0.06,7990.0,5000,2990.0,77,SME,Medical Distributors,11
O003097,2024-03-18,C0149,Customer 149,Indonesia,Direct Sales,M003,Anesthesia Machine,Medical Equipment,Medical,25000,1,0.05,23750.0,15000,8750.0,25,Retail,Automotive OEM,56
O003098,2023-02-12,C0049,Customer 049,Indonesia,Retail,S002,Drone Navigation Module,IoT Devices,Smart Devices,320,9,0.11,2563.2,1530,1033.2,12,Enterprise,Hospital Systems,61
O003099,2025-04-28,C0155,Customer 155,China,Distributor,S001,Smart Home Controller,IoT Devices,Smart Devices,180,8,0.07,1339.2,720,619.2,33,Enterprise,Hospital Systems,123
O003100,2025-11-28,C0002,Customer 002,Malaysia,Retail,S002,Drone Navigation Module,IoT Devices,Smart Devices,320,8,0.09,2329.6,1360,969.6,76,SME,Medical Distributors,109
O003101,2025-03-03,C0041,Customer 041,Singapore,Online,S004,Smart Lock Control Board,IoT Devices,Smart Devices,140,5,0.09,637.0,350,287.0,43,Enterprise,Hospital Systems,19
O003102,2025-01-15,C0011,Customer 011,Thailand,Retail,A001,Advanced PCB Board,Electronics,Autonomous,450,6,0.05,2565.0,1500,1065.0,6,SME,Medical Distributors,170
O003103,2024-04-25,C0120,Customer 120,Malaysia,Online,A002,Control Unit Module,Electronics,Autonomous,780,1,0.03,756.6,420,336.6,42,Enterprise,Industrial Automation,55
O003104,2023-10-03,C0165,Customer 165,Malaysia,Distributor,A002,Control Unit Module,Electronics,Autonomous,780,4,0.13,2714.4,1680,1034.4,90,Enterprise,Smart Home,117
O003105,2023-09-21,C0220,Customer 220,Malaysia,Retail,M002,Operating Table,Medical Equipment,Medical,18000,1,0.07,16740.0,11000,5740.0,40,SME,Hospital Systems,113
O003106,2023-08-03,C0053,Customer 053,Thailand,Distributor,S002,Drone Navigation Module,IoT Devices,Smart Devices,320,5,0.09,1456.0,850,606.0,75,Enterprise,Hospital Systems,139
O003107,2024-04-03,C0009,Customer 009,Thailand,Online,A004,Robotics Motion Controller,Electronics,Autonomous,950,9,0.07,7951.5,4860,3091.5,69,Retail,Technology,32
O003108,2023-04-19,C0143,Customer 143,China,Retail,A004,Robotics Motion Controller,Electronics,Autonomous,950,3,0.06,2679.0,1620,1059.0,89,SME,Robotics,122
O003109,2025-06-12,C0023,Customer 023,Malaysia,Distributor,M002,Operating Table,Medical Equipment,Medical,18000,1,0.03,17460.0,11000,6460.0,7,SME,Medical Distributors,29
O003110,2025-07-07,C0058,Customer 058,Singapore,Direct Sales,S001,Smart Home Controller,IoT Devices,Smart Devices,180,6,0.11,961.2,540,421.2,85,SME,Industrial Automation,150
O003111,2025-09-03,C0040,Customer 040,Malaysia,Distributor,S004,Smart Lock Control Board,IoT Devices,Smart Devices,140,7,0.04,940.8,490,450.8,10,SME,Hospital Systems,162
O003112,2024-12-26,C0060,Customer 060,Thailand,Online,M002,Operating Table,Medical Equipment,Medical,18000,3,0.14,46440.0,33000,13440.0,17,Enterprise,Industrial Automation,172
O003113,2023-02-26,C0073,Customer 073,Malaysia,Retail,S004,Smart Lock Control Board,IoT Devices,Smart Devices,140,9,0.07,1171.8,630,541.8,75,SME,Consumer Electronics,142
O003114,2023-10-01,C0004,Customer 004,Indonesia,Distributor,A003,Sensor Processing Unit,Electronics,Autonomous,620,8,0.12,4364.8,2800,1564.8,92,Enterprise,Robotics,167
O003115,2024-09-26,C0214,Customer 214,China,Online,S001,Smart Home Controller,IoT Devices,Smart Devices,180,14,0.03,2444.4,1260,1184.4,50,Retail,Robotics,124
O003116,2025-11-06,C0063,Customer 063,Malaysia,Distributor,A003,Sensor Processing Unit,Electronics,Autonomous,620,8,0.13,4315.2,2800,1515.2,45,SME,Automotive OEM,18
O003117,2024-10-06,C0164,Customer 164,China,Direct Sales,M001,Surgical Light System,Medical Equipment,Medical,12000,3,0.08,33120.0,21000,12120.0,38,SME,Technology,9
O003118,2025-01-03,C0068,Customer 068,Indonesia,Direct Sales,S002,Drone Navigation Module,IoT Devices,Smart Devices,320,11,0.1,3168.0,1870,1298.0,27,Enterprise,Consumer Electronics,176
O003119,2023-05-26,C0114,Customer 114,Thailand,Direct Sales,S002,Drone Navigation Module,IoT Devices,Smart Devices,320,10,0.08,2944.0,1700,1244.0,54,Enterprise,Industrial Automation,138
O003120,2023-11-27,C0156,Customer 156,Singapore,Distributor,S004,Smart Lock Control Board,IoT Devices,Smart Devices,140,12,0.02,1646.4,840,806.4,63,Retail,Industrial Automation,19
O003121,2024-01-03,C0014,Customer 014,Thailand,Direct Sales,M003,Anesthesia Machine,Medical Equipment,Medical,25000,2,0.14,43000.0,30000,13000.0,90,Enterprise,Smart Home,175
O003122,2025-10-10,C0143,Customer 143,China,Direct Sales,S004,Smart Lock Control Board,IoT Devices,Smart Devices,140,13,0.06,1710.8,910,800.8,89,SME,Robotics,122
O003123,2023-07-12,C0126,Customer 126,China,Retail,A003,Sensor Processing Unit,Electronics,Autonomous,620,5,0.08,2852.0,1750,1102.0,60,SME,Robotics,180
O003124,2025-02-19,C0219,Customer 219,Malaysia,Retail,S004,Smart Lock Control Board,IoT Devices,Smart Devices,140,5,0.04,672.0,350,322.0,87,SME,Smart Home,169
O003125,2024-12-04,C0033,Customer 033,Singapore,Direct Sales,M003,Anesthesia Machine,Medical Equipment,Medical,25000,4,0.11,89000.0,60000,29000.0,11,Enterprise,Medical Distributors,125
O003126,2023-12-30,C0068,Customer 068,Indonesia,Retail,S004,Smart Lock Control Board,IoT Devices,Smart Devices,140,13,0.11,1619.8,910,709.8,27,Enterprise,Consumer Electronics,176
O003127,2025-10-20,C0041,Customer 041,Singapore,Distributor,M002,Operating Table,Medical Equipment,Medical,18000,1,0.11,16020.0,11000,5020.0,43,Enterprise,Hospital Systems,19
O003128,2024-02-15,C0218,Customer 218,Thailand,Online,M004,Patient Monitoring Module,Medical Equipment,Medical,8500,1,0.1,7650.0,5000,2650.0,78,Retail,Robotics,91
O003129,2023-06-17,C0164,Customer 164,China,Retail,A002,Control Unit Module,Electronics,Autonomous,780,3,0.08,2152.8,1260,892.8,38,SME,Technology,9
O003130,2025-12-08,C0176,Customer 176,China,Direct Sales,A001,Advanced PCB Board,Electronics,Autonomous,450,4,0.09,1638.0,1000,638.0,45,Retail,Technology,105
O003131,2023-05-05,C0111,Customer 111,Singapore,Direct Sales,S001,Smart Home Controller,IoT Devices,Smart Devices,180,12,0.09,1965.6,1080,885.6,70,SME,Consumer Electronics,120
O003132,2023-07-15,C0115,Customer 115,Indonesia,Direct Sales,M003,Anesthesia Machine,Medical Equipment,Medical,25000,2,0.1,45000.0,30000,15000.0,63,Retail,Robotics,57
O003133,2025-12-19,C0052,Customer 052,China,Direct Sales,M001,Surgical Light System,Medical Equipment,Medical,12000,3,0.11,32040.0,21000,11040.0,20,Enterprise,Technology,49
O003134,2024-09-19,C0130,Customer 130,China,Online,M001,Surgical Light System,Medical Equipment,Medical,12000,3,0.09,32760.0,21000,11760.0,10,SME,Robotics,152
O003135,2023-12-20,C0020,Customer 020,China,Retail,M004,Patient Monitoring Module,Medical Equipment,Medical,8500,2,0.04,16320.0,10000,6320.0,19,SME,Technology,68
O003136,2024-03-23,C0206,Customer 206,Thailand,Direct Sales,A002,Control Unit Module,Electronics,Autonomous,780,7,0.09,4968.6,2940,2028.6,42,Retail,Hospital Systems,15
O003137,2023-11-13,C0039,Customer 039,Malaysia,Online,S002,Drone Navigation Module,IoT Devices,Smart Devices,320,6,0.08,1766.4,1020,746.4,76,Enterprise,Hospital Systems,142
O003138,2025-06-21,C0075,Customer 075,Singapore,Distributor,S004,Smart Lock Control Board,IoT Devices,Smart Devices,140,6,0.04,806.4,420,386.4,88,Retail,Robotics,64
O003139,2025-06-30,C0181,Customer 181,Indonesia,Direct Sales,M001,Surgical Light System,Medical Equipment,Medical,12000,1,0.1,10800.0,7000,3800.0,25,SME,Hospital Systems,133
O003140,2023-09-04,C0083,Customer 083,Indonesia,Online,A001,Advanced PCB Board,Electronics,Autonomous,450,7,0.03,3055.5,1750,1305.5,4,SME,Consumer Electronics,30
O003141,2024-01-05,C0172,Customer 172,China,Distributor,S002,Drone Navigation Module,IoT Devices,Smart Devices,320,9,0.11,2563.2,1530,1033.2,4,SME,Smart Home,24
O003142,2025-10-16,C0015,Customer 015,Singapore,Distributor,M004,Patient Monitoring Module,Medical Equipment,Medical,8500,3,0.1,22950.0,15000,7950.0,69,SME,Automotive OEM,63
O003143,2024-11-21,C0180,Customer 180,Thailand,Retail,A004,Robotics Motion Controller,Electronics,Autonomous,950,5,0.08,4370.0,2700,1670.0,66,Enterprise,Industrial Automation,1
O003144,2023-08-27,C0078,Customer 078,Malaysia,Direct Sales,S003,Wireless Sensor Node,IoT Devices,Smart Devices,95,8,0.06,714.4,360,354.4,53,SME,Consumer Electronics,172
O003145,2025-01-18,C0094,Customer 094,Thailand,Distributor,M003,Anesthesia Machine,Medical Equipment,Medical,25000,2,0.1,45000.0,30000,15000.0,87,SME,Technology,55
O003146,2025-10-02,C0040,Customer 040,Malaysia,Retail,M004,Patient Monitoring Module,Medical Equipment,Medical,8500,3,0.03,24735.0,15000,9735.0,10,SME,Hospital Systems,162
O003147,2023-05-01,C0101,Customer 101,Singapore,Direct Sales,A004,Robotics Motion Controller,Electronics,Autonomous,950,3,0.09,2593.5,1620,973.5,55,Retail,Medical Distributors,57
O003148,2023-07-06,C0089,Customer 089,Singapore,Online,S003,Wireless Sensor Node,IoT Devices,Smart Devices,95,4,0.11,338.2,180,158.2,65,SME,Smart Home,80
O003149,2025-12-25,C0184,Customer 184,China,Retail,S001,Smart Home Controller,IoT Devices,Smart Devices,180,11,0.1,1782.0,990,792.0,91,Enterprise,Robotics,41
O003150,2024-02-16,C0059,Customer 059,Indonesia,Online,A001,Advanced PCB Board,Electronics,Autonomous,450,9,0.03,3928.5,2250,1678.5,27,SME,Smart Home,172
O003151,2024-02-10,C0114,Customer 114,Thailand,Retail,A001,Advanced PCB Board,Electronics,Autonomous,450,5,0.05,2137.5,1250,887.5,54,Enterprise,Industrial Automation,138
O003152,2025-02-11,C0200,Customer 200,China,Retail,M002,Operating Table,Medical Equipment,Medical,18000,2,0.03,34920.0,22000,12920.0,10,Retail,Automotive OEM,121
O003153,2023-08-02,C0001,Customer 001,Singapore,Retail,A002,Control Unit Module,Electronics,Autonomous,780,6,0.07,4352.4,2520,1832.4,32,Enterprise,Smart Home,58
O003154,2024-09-18,C0160,Customer 160,China,Online,A004,Robotics Motion Controller,Electronics,Autonomous,950,5,0.08,4370.0,2700,1670.0,76,Retail,Smart Home,110
O003155,2023-04-23,C0053,Customer 053,Thailand,Direct Sales,S001,Smart Home Controller,IoT Devices,Smart Devices,180,8,0.05,1368.0,720,648.0,75,Enterprise,Hospital Systems,139
O003156,2023-07-02,C0065,Customer 065,Thailand,Distributor,A001,Advanced PCB Board,Electronics,Autonomous,450,7,0.11,2803.5,1750,1053.5,86,SME,Hospital Systems,142
O003157,2023-04-09,C0096,Customer 096,Thailand,Direct Sales,S001,Smart Home Controller,IoT Devices,Smart Devices,180,7,0.03,1222.2,630,592.2,12,SME,Consumer Electronics,61
O003158,2024-09-12,C0080,Customer 080,China,Distributor,A003,Sensor Processing Unit,Electronics,Autonomous,620,4,0.09,2256.8,1400,856.8,45,Enterprise,Technology,79
O003159,2023-04-18,C0134,Customer 134,Thailand,Retail,S003,Wireless Sensor Node,IoT Devices,Smart Devices,95,9,0.1,769.5,405,364.5,63,Enterprise,Industrial Automation,28
O003160,2025-12-09,C0055,Customer 055,China,Online,M003,Anesthesia Machine,Medical Equipment,Medical,25000,2,0.08,46000.0,30000,16000.0,8,SME,Automotive OEM,131
O003161,2023-04-02,C0086,Customer 086,Indonesia,Direct Sales,M004,Patient Monitoring Module,Medical Equipment,Medical,8500,3,0.13,22185.0,15000,7185.0,33,Enterprise,Robotics,12
O003162,2024-01-16,C0133,Customer 133,China,Online,M004,Patient Monitoring Module,Medical Equipment,Medical,8500,2,0.04,16320.0,10000,6320.0,65,SME,Medical Distributors,166
O003163,2024-02-21,C0110,Customer 110,Malaysia,Distributor,A004,Robotics Motion Controller,Electronics,Autonomous,950,2,0.11,1691.0,1080,611.0,91,SME,Automotive OEM,55
O003164,2023-02-01,C0162,Customer 162,Malaysia,Retail,M001,Surgical Light System,Medical Equipment,Medical,12000,4,0.04,46080.0,28000,18080.0,85,SME,Smart Home,21
O003165,2023-08-27,C0151,Customer 151,Thailand,Direct Sales,A001,Advanced PCB Board,Electronics,Autonomous,450,8,0.09,3276.0,2000,1276.0,39,Enterprise,Automotive OEM,4
O003166,2024-11-08,C0157,Customer 157,Indonesia,Retail,M003,Anesthesia Machine,Medical Equipment,Medical,25000,3,0.09,68250.0,45000,23250.0,20,SME,Hospital Systems,39
O003167,2025-01-31,C0167,Customer 167,Malaysia,Direct Sales,A003,Sensor Processing Unit,Electronics,Autonomous,620,6,0.03,3608.4,2100,1508.4,83,SME,Robotics,39
O003168,2024-05-19,C0138,Customer 138,Singapore,Online,S002,Drone Navigation Module,IoT Devices,Smart Devices,320,10,0.11,2848.0,1700,1148.0,32,Enterprise,Technology,119
O003169,2025-05-15,C0093,Customer 093,Thailand,Online,S003,Wireless Sensor Node,IoT Devices,Smart Devices,95,15,0.05,1353.75,675,678.75,75,Enterprise,Industrial Automation,156
O003170,2024-07-12,C0015,Customer 015,Singapore,Direct Sales,A003,Sensor Processing Unit,Electronics,Autonomous,620,3,0.05,1767.0,1050,717.0,69,SME,Automotive OEM,63
O003171,2025-04-27,C0137,Customer 137,China,Online,A003,Sensor Processing Unit,Electronics,Autonomous,620,7,0.09,3949.4,2450,1499.4,42,SME,Smart Home,63
O003172,2024-01-24,C0168,Customer 168,Thailand,Online,A004,Robotics Motion Controller,Electronics,Autonomous,950,4,0.07,3534.0,2160,1374.0,8,Retail,Medical Distributors,43
O003173,2025-03-20,C0024,Customer 024,Malaysia,Retail,M001,Surgical Light System,Medical Equipment,Medical,12000,2,0.04,23040.0,14000,9040.0,77,SME,Industrial Automation,17
O003174,2024-04-01,C0062,Customer 062,Indonesia,Direct Sales,M002,Operating Table,Medical Equipment,Medical,18000,2,0.04,34560.0,22000,12560.0,10,Retail,Medical Distributors,138
O003175,2025-09-27,C0066,Customer 066,Thailand,Distributor,M002,Operating Table,Medical Equipment,Medical,18000,3,0.07,50220.0,33000,17220.0,18,Retail,Medical Distributors,68
O003176,2023-12-09,C0209,Customer 209,Singapore,Online,S004,Smart Lock Control Board,IoT Devices,Smart Devices,140,4,0.12,492.8,280,212.8,80,SME,Industrial Automation,175
O003177,2025-03-26,C0180,Customer 180,Thailand,Online,A001,Advanced PCB Board,Electronics,Autonomous,450,7,0.04,3024.0,1750,1274.0,66,Enterprise,Industrial Automation,1
O003178,2024-06-19,C0020,Customer 020,China,Direct Sales,M002,Operating Table,Medical Equipment,Medical,18000,1,0.06,16920.0,11000,5920.0,19,SME,Technology,68
O003179,2024-02-18,C0091,Customer 091,Malaysia,Retail,M002,Operating Table,Medical Equipment,Medical,18000,3,0.04,51840.0,33000,18840.0,87,SME,Industrial Automation,45
O003180,2025-11-27,C0179,Customer 179,Indonesia,Retail,M001,Surgical Light System,Medical Equipment,Medical,12000,2,0.13,20880.0,14000,6880.0,41,Enterprise,Medical Distributors,65
O003181,2023-08-17,C0052,Customer 052,China,Direct Sales,M004,Patient Monitoring Module,Medical Equipment,Medical,8500,2,0.16,14280.0,10000,4280.0,20,Enterprise,Technology,49
O003182,2024-01-13,C0123,Customer 123,Singapore,Direct Sales,M002,Operating Table,Medical Equipment,Medical,18000,1,0.05,17100.0,11000,6100.0,29,Retail,Consumer Electronics,167
O003183,2025-01-29,C0201,Customer 201,Thailand,Distributor,A004,Robotics Motion Controller,Electronics,Autonomous,950,6,0.09,5187.0,3240,1947.0,84,Enterprise,Industrial Automation,21
O003184,2023-03-26,C0199,Customer 199,Indonesia,Distributor,S003,Wireless Sensor Node,IoT Devices,Smart Devices,95,9,0.06,803.7,405,398.7,93,Retail,Hospital Systems,37
O003185,2024-10-13,C0121,Customer 121,China,Direct Sales,M001,Surgical Light System,Medical Equipment,Medical,12000,1,0.17,9960.0,7000,2960.0,36,Enterprise,Industrial Automation,108
O003186,2024-11-30,C0085,Customer 085,Indonesia,Distributor,A001,Advanced PCB Board,Electronics,Autonomous,450,4,0.09,1638.0,1000,638.0,56,SME,Consumer Electronics,156
O003187,2024-02-15,C0003,Customer 003,Singapore,Direct Sales,S003,Wireless Sensor Node,IoT Devices,Smart Devices,95,8,0.07,706.8,360,346.8,30,Enterprise,Robotics,130
O003188,2023-11-10,C0033,Customer 033,Singapore,Direct Sales,A001,Advanced PCB Board,Electronics,Autonomous,450,5,0.04,2160.0,1250,910.0,11,Enterprise,Medical Distributors,125
O003189,2024-02-03,C0139,Customer 139,Indonesia,Retail,A002,Control Unit Module,Electronics,Autonomous,780,6,0.02,4586.4,2520,2066.4,44,SME,Industrial Automation,8
O003190,2025-06-21,C0001,Customer 001,Singapore,Distributor,M002,Operating Table,Medical Equipment,Medical,18000,1,0.14,15480.0,11000,4480.0,32,Enterprise,Smart Home,58
O003191,2024-08-12,C0138,Customer 138,Singapore,Distributor,S001,Smart Home Controller,IoT Devices,Smart Devices,180,8,0.04,1382.4,720,662.4,32,Enterprise,Technology,119
O003192,2024-10-12,C0080,Customer 080,China,Direct Sales,M001,Surgical Light System,Medical Equipment,Medical,12000,4,0.15,40800.0,28000,12800.0,45,Enterprise,Technology,79
O003193,2025-04-19,C0021,Customer 021,Malaysia,Direct Sales,S001,Smart Home Controller,IoT Devices,Smart Devices,180,4,0.09,655.2,360,295.2,96,Enterprise,Smart Home,150
O003194,2023-12-14,C0124,Customer 124,Singapore,Online,S004,Smart Lock Control Board,IoT Devices,Smart Devices,140,11,0.03,1493.8,770,723.8,4,Retail,Hospital Systems,64
O003195,2023-10-21,C0114,Customer 114,Thailand,Distributor,M002,Operating Table,Medical Equipment,Medical,18000,2,0.08,33120.0,22000,11120.0,54,Enterprise,Industrial Automation,138
O003196,2023-01-08,C0204,Customer 204,Malaysia,Direct Sales,S002,Drone Navigation Module,IoT Devices,Smart Devices,320,9,0.1,2592.0,1530,1062.0,30,SME,Smart Home,24
O003197,2023-09-03,C0188,Customer 188,China,Direct Sales,M004,Patient Monitoring Module,Medical Equipment,Medical,8500,1,0.07,7905.0,5000,2905.0,32,Retail,Technology,117
O003198,2023-06-01,C0061,Customer 061,Thailand,Retail,M001,Surgical Light System,Medical Equipment,Medical,12000,4,0.1,43200.0,28000,15200.0,2,SME,Medical Distributors,118
O003199,2025-03-01,C0199,Customer 199,Indonesia,Retail,A001,Advanced PCB Board,Electronics,Autonomous,450,3,0.06,1269.0,750,519.0,93,Retail,Hospital Systems,37
O003200,2024-05-01,C0149,Customer 149,Indonesia,Retail,S003,Wireless Sensor Node,IoT Devices,Smart Devices,95,5,0.05,451.25,225,226.25,25,Retail,Automotive OEM,56
O003201,2024-12-07,C0108,Customer 108,Singapore,Retail,S003,Wireless Sensor Node,IoT Devices,Smart Devices,95,13,0.07,1148.55,585,563.55,35,SME,Robotics,86
O003202,2023-11-10,C0217,Customer 217,Indonesia,Online,A004,Robotics Motion Controller,Electronics,Autonomous,950,6,0.04,5472.0,3240,2232.0,78,Retail,Hospital Systems,128
O003203,2024-08-10,C0068,Customer 068,Indonesia,Distributor,S003,Wireless Sensor Node,IoT Devices,Smart Devices,95,4,0.12,334.4,180,154.4,27,Enterprise,Consumer Electronics,176
O003204,2025-03-06,C0034,Customer 034,Singapore,Distributor,A001,Advanced PCB Board,Electronics,Autonomous,450,8,0.09,3276.0,2000,1276.0,17,Retail,Automotive OEM,169
O003205,2023-02-12,C0056,Customer 056,Singapore,Online,A003,Sensor Processing Unit,Electronics,Autonomous,620,8,0.03,4811.2,2800,2011.2,77,Retail,Medical Distributors,18
O003206,2025-07-30,C0193,Customer 193,Indonesia,Distributor,A003,Sensor Processing Unit,Electronics,Autonomous,620,5,0.15,2635.0,1750,885.0,71,SME,Consumer Electronics,140
O003207,2023-09-14,C0035,Customer 035,China,Online,S003,Wireless Sensor Node,IoT Devices,Smart Devices,95,6,0.02,558.6,270,288.6,34,Retail,Automotive OEM,136
O003208,2025-04-11,C0187,Customer 187,China,Retail,A003,Sensor Processing Unit,Electronics,Autonomous,620,3,0.06,1748.4,1050,698.4,66,Retail,Smart Home,70
O003209,2025-07-15,C0146,Customer 146,Indonesia,Retail,A004,Robotics Motion Controller,Electronics,Autonomous,950,3,0.06,2679.0,1620,1059.0,55,SME,Consumer Electronics,141
O003210,2024-11-22,C0219,Customer 219,Malaysia,Retail,A002,Control Unit Module,Electronics,Autonomous,780,7,0.03,5296.2,2940,2356.2,87,SME,Smart Home,169
O003211,2025-12-21,C0186,Customer 186,Singapore,Distributor,M004,Patient Monitoring Module,Medical Equipment,Medical,8500,2,0.05,16150.0,10000,6150.0,83,SME,Medical Distributors,40
O003212,2024-01-27,C0028,Customer 028,China,Distributor,S002,Drone Navigation Module,IoT Devices,Smart Devices,320,8,0.12,2252.8,1360,892.8,93,Enterprise,Hospital Systems,68
O003213,2025-01-14,C0112,Customer 112,China,Retail,A004,Robotics Motion Controller,Electronics,Autonomous,950,4,0.05,3610.0,2160,1450.0,50,Enterprise,Industrial Automation,150
O003214,2024-09-20,C0164,Customer 164,China,Retail,M004,Patient Monitoring Module,Medical Equipment,Medical,8500,2,0.04,16320.0,10000,6320.0,38,SME,Technology,9
O003215,2023-08-11,C0101,Customer 101,Singapore,Retail,S001,Smart Home Controller,IoT Devices,Smart Devices,180,8,0.02,1411.2,720,691.2,55,Retail,Medical Distributors,57
O003216,2025-04-24,C0088,Customer 088,Singapore,Distributor,M001,Surgical Light System,Medical Equipment,Medical,12000,1,0.05,11400.0,7000,4400.0,80,Retail,Consumer Electronics,81
O003217,2023-11-17,C0037,Customer 037,Malaysia,Retail,S003,Wireless Sensor Node,IoT Devices,Smart Devices,95,11,0.11,930.05,495,435.05,86,SME,Industrial Automation,167
O003218,2025-06-03,C0201,Customer 201,Thailand,Retail,M003,Anesthesia Machine,Medical Equipment,Medical,25000,1,0.08,23000.0,15000,8000.0,84,Enterprise,Industrial Automation,21
O003219,2024-02-27,C0155,Customer 155,China,Distributor,A003,Sensor Processing Unit,Electronics,Autonomous,620,6,0.08,3422.4,2100,1322.4,33,Enterprise,Hospital Systems,123
O003220,2023-11-16,C0105,Customer 105,Indonesia,Retail,S003,Wireless Sensor Node,IoT Devices,Smart Devices,95,5,0.08,437.0,225,212.0,21,SME,Technology,122
O003221,2024-02-10,C0203,Customer 203,China,Retail,M003,Anesthesia Machine,Medical Equipment,Medical,25000,5,0.05,118750.0,75000,43750.0,80,Retail,Hospital Systems,18
O003222,2024-05-18,C0059,Customer 059,Indonesia,Distributor,S004,Smart Lock Control Board,IoT Devices,Smart Devices,140,8,0.1,1008.0,560,448.0,27,SME,Smart Home,172
O003223,2025-09-23,C0204,Customer 204,Malaysia,Direct Sales,A002,Control Unit Module,Electronics,Autonomous,780,3,0.07,2176.2,1260,916.2,30,SME,Smart Home,24
O003224,2023-05-14,C0033,Customer 033,Singapore,Direct Sales,M002,Operating Table,Medical Equipment,Medical,18000,1,0.08,16560.0,11000,5560.0,11,Enterprise,Medical Distributors,125
O003225,2023-04-19,C0219,Customer 219,Malaysia,Direct Sales,A002,Control Unit Module,Electronics,Autonomous,780,6,0.05,4446.0,2520,1926.0,87,SME,Smart Home,169
O003226,2024-12-31,C0105,Customer 105,Indonesia,Distributor,M004,Patient Monitoring Module,Medical Equipment,Medical,8500,4,0.1,30600.0,20000,10600.0,21,SME,Technology,122
O003227,2024-09-21,C0054,Customer 054,Singapore,Online,M002,Operating Table,Medical Equipment,Medical,18000,1,0.07,16740.0,11000,5740.0,7,SME,Hospital Systems,150
O003228,2024-10-08,C0074,Customer 074,Malaysia,Retail,S002,Drone Navigation Module,IoT Devices,Smart Devices,320,4,0.07,1190.4,680,510.4,40,SME,Hospital Systems,94
O003229,2023-12-25,C0125,Customer 125,Malaysia,Online,A001,Advanced PCB Board,Electronics,Autonomous,450,6,0.03,2619.0,1500,1119.0,31,Retail,Automotive OEM,33
O003230,2023-11-24,C0113,Customer 113,Singapore,Distributor,M003,Anesthesia Machine,Medical Equipment,Medical,25000,3,0.06,70500.0,45000,25500.0,62,Retail,Industrial Automation,2
O003231,2025-12-26,C0211,Customer 211,Thailand,Retail,S002,Drone Navigation Module,IoT Devices,Smart Devices,320,7,0.04,2150.4,1190,960.4,60,SME,Hospital Systems,74
O003232,2025-08-19,C0148,Customer 148,Thailand,Online,S004,Smart Lock Control Board,IoT Devices,Smart Devices,140,6,0.09,764.4,420,344.4,41,Enterprise,Robotics,31
O003233,2024-05-25,C0112,Customer 112,China,Distributor,M002,Operating Table,Medical Equipment,Medical,18000,3,0.17,44820.0,33000,11820.0,50,Enterprise,Industrial Automation,150
O003234,2023-07-18,C0159,Customer 159,Indonesia,Distributor,M001,Surgical Light System,Medical Equipment,Medical,12000,2,0.09,21840.0,14000,7840.0,67,Retail,Robotics,98
O003235,2025-08-26,C0098,Customer 098,Singapore,Retail,A003,Sensor Processing Unit,Electronics,Autonomous,620,5,0.03,3007.0,1750,1257.0,79,Enterprise,Technology,19
O003236,2023-02-10,C0145,Customer 145,Malaysia,Online,S002,Drone Navigation Module,IoT Devices,Smart Devices,320,7,0.11,1993.6,1190,803.6,40,SME,Robotics,170
O003237,2024-01-08,C0063,Customer 063,Malaysia,Direct Sales,A004,Robotics Motion Controller,Electronics,Autonomous,950,5,0.1,4275.0,2700,1575.0,45,SME,Automotive OEM,18
O003238,2024-12-05,C0125,Customer 125,Malaysia,Direct Sales,A002,Control Unit Module,Electronics,Autonomous,780,4,0.09,2839.2,1680,1159.2,31,Retail,Automotive OEM,33
O003239,2023-05-22,C0080,Customer 080,China,Distributor,M003,Anesthesia Machine,Medical Equipment,Medical,25000,2,0.14,43000.0,30000,13000.0,45,Enterprise,Technology,79
O003240,2025-03-17,C0145,Customer 145,Malaysia,Direct Sales,M003,Anesthesia Machine,Medical Equipment,Medical,25000,3,0.1,67500.0,45000,22500.0,40,SME,Robotics,170
O003241,2024-02-08,C0186,Customer 186,Singapore,Online,S003,Wireless Sensor Node,IoT Devices,Smart Devices,95,7,0.06,625.1,315,310.1,83,SME,Medical Distributors,40
O003242,2023-06-20,C0002,Customer 002,Malaysia,Retail,A002,Control Unit Module,Electronics,Autonomous,780,3,0.02,2293.2,1260,1033.2,76,SME,Medical Distributors,109
O003243,2025-05-05,C0122,Customer 122,Thailand,Online,M003,Anesthesia Machine,Medical Equipment,Medical,25000,3,0.09,68250.0,45000,23250.0,3,Retail,Technology,139
O003244,2024-01-29,C0069,Customer 069,Thailand,Online,S001,Smart Home Controller,IoT Devices,Smart Devices,180,4,0.12,633.6,360,273.6,7,SME,Smart Home,24
O003245,2023-02-18,C0112,Customer 112,China,Online,A004,Robotics Motion Controller,Electronics,Autonomous,950,4,0.09,3458.0,2160,1298.0,50,Enterprise,Industrial Automation,150
O003246,2023-04-17,C0126,Customer 126,China,Distributor,S003,Wireless Sensor Node,IoT Devices,Smart Devices,95,9,0.09,778.05,405,373.05,60,SME,Robotics,180
O003247,2024-06-22,C0183,Customer 183,Singapore,Retail,A004,Robotics Motion Controller,Electronics,Autonomous,950,5,0.05,4512.5,2700,1812.5,37,Enterprise,Automotive OEM,113
O003248,2024-07-12,C0162,Customer 162,Malaysia,Retail,S004,Smart Lock Control Board,IoT Devices,Smart Devices,140,7,0.09,891.8,490,401.8,85,SME,Smart Home,21
O003249,2024-11-12,C0093,Customer 093,Thailand,Direct Sales,S001,Smart Home Controller,IoT Devices,Smart Devices,180,8,0.04,1382.4,720,662.4,75,Enterprise,Industrial Automation,156
O003250,2023-01-22,C0138,Customer 138,Singapore,Direct Sales,S004,Smart Lock Control Board,IoT Devices,Smart Devices,140,5,0.06,658.0,350,308.0,32,Enterprise,Technology,119
O003251,2024-02-13,C0151,Customer 151,Thailand,Retail,A004,Robotics Motion Controller,Electronics,Autonomous,950,2,0.05,1805.0,1080,725.0,39,Enterprise,Automotive OEM,4
O003252,2024-07-07,C0082,Customer 082,Thailand,Retail,S004,Smart Lock Control Board,IoT Devices,Smart Devices,140,6,0.03,814.8,420,394.8,45,Retail,Smart Home,165
O003253,2025-11-15,C0173,Customer 173,Malaysia,Retail,A003,Sensor Processing Unit,Electronics,Autonomous,620,4,0.08,2281.6,1400,881.6,87,Retail,Hospital Systems,69
O003254,2023-09-29,C0182,Customer 182,Thailand,Online,A002,Control Unit Module,Electronics,Autonomous,780,6,0.06,4399.2,2520,1879.2,81,SME,Technology,114
O003255,2025-09-28,C0104,Customer 104,China,Online,A001,Advanced PCB Board,Electronics,Autonomous,450,4,0.03,1746.0,1000,746.0,57,SME,Consumer Electronics,157
O003256,2025-07-10,C0039,Customer 039,Malaysia,Direct Sales,S003,Wireless Sensor Node,IoT Devices,Smart Devices,95,7,0.1,598.5,315,283.5,76,Enterprise,Hospital Systems,142
O003257,2024-10-14,C0165,Customer 165,Malaysia,Direct Sales,S001,Smart Home Controller,IoT Devices,Smart Devices,180,13,0.03,2269.8,1170,1099.8,90,Enterprise,Smart Home,117
O003258,2023-09-21,C0129,Customer 129,Indonesia,Distributor,M002,Operating Table,Medical Equipment,Medical,18000,1,0.09,16380.0,11000,5380.0,74,Enterprise,Smart Home,174
O003259,2025-02-03,C0035,Customer 035,China,Distributor,M002,Operating Table,Medical Equipment,Medical,18000,1,0.07,16740.0,11000,5740.0,34,Retail,Automotive OEM,136
O003260,2024-04-30,C0217,Customer 217,Indonesia,Direct Sales,M002,Operating Table,Medical Equipment,Medical,18000,2,0.03,34920.0,22000,12920.0,78,Retail,Hospital Systems,128
O003261,2023-01-28,C0208,Customer 208,Indonesia,Online,S004,Smart Lock Control Board,IoT Devices,Smart Devices,140,5,0.11,623.0,350,273.0,22,SME,Automotive OEM,45
O003262,2023-05-25,C0155,Customer 155,China,Retail,M003,Anesthesia Machine,Medical Equipment,Medical,25000,2,0.14,43000.0,30000,13000.0,33,Enterprise,Hospital Systems,123
O003263,2024-11-08,C0031,Customer 031,Indonesia,Direct Sales,S003,Wireless Sensor Node,IoT Devices,Smart Devices,95,12,0.05,1083.0,540,543.0,77,Retail,Hospital Systems,83
O003264,2023-04-26,C0060,Customer 060,Thailand,Distributor,S004,Smart Lock Control Board,IoT Devices,Smart Devices,140,12,0.05,1596.0,840,756.0,17,Enterprise,Industrial Automation,172
O003265,2023-06-16,C0057,Customer 057,Malaysia,Direct Sales,M003,Anesthesia Machine,Medical Equipment,Medical,25000,3,0.08,69000.0,45000,24000.0,75,SME,Robotics,153
O003266,2023-07-07,C0107,Customer 107,Indonesia,Retail,M001,Surgical Light System,Medical Equipment,Medical,12000,1,0.09,10920.0,7000,3920.0,36,SME,Robotics,113
O003267,2024-04-22,C0172,Customer 172,China,Direct Sales,M004,Patient Monitoring Module,Medical Equipment,Medical,8500,2,0.08,15640.0,10000,5640.0,4,SME,Smart Home,24
O003268,2025-03-03,C0094,Customer 094,Thailand,Distributor,A002,Control Unit Module,Electronics,Autonomous,780,4,0.1,2808.0,1680,1128.0,87,SME,Technology,55
O003269,2024-02-09,C0202,Customer 202,Thailand,Retail,S004,Smart Lock Control Board,IoT Devices,Smart Devices,140,5,0.05,665.0,350,315.0,41,Retail,Industrial Automation,161
O003270,2024-01-17,C0077,Customer 077,Malaysia,Online,A004,Robotics Motion Controller,Electronics,Autonomous,950,3,0.08,2622.0,1620,1002.0,53,Retail,Automotive OEM,7
O003271,2023-05-06,C0066,Customer 066,Thailand,Distributor,A004,Robotics Motion Controller,Electronics,Autonomous,950,7,0.1,5985.0,3780,2205.0,18,Retail,Medical Distributors,68
O003272,2023-06-12,C0065,Customer 065,Thailand,Distributor,M003,Anesthesia Machine,Medical Equipment,Medical,25000,4,0.05,95000.0,60000,35000.0,86,SME,Hospital Systems,142
O003273,2024-01-23,C0075,Customer 075,Singapore,Direct Sales,S004,Smart Lock Control Board,IoT Devices,Smart Devices,140,11,0.06,1447.6,770,677.6,88,Retail,Robotics,64
O003274,2023-06-05,C0022,Customer 022,China,Distributor,M004,Patient Monitoring Module,Medical Equipment,Medical,8500,2,0.09,15470.0,10000,5470.0,47,Retail,Industrial Automation,57
O003275,2024-04-11,C0078,Customer 078,Malaysia,Retail,M003,Anesthesia Machine,Medical Equipment,Medical,25000,3,0.07,69750.0,45000,24750.0,53,SME,Consumer Electronics,172
O003276,2024-08-30,C0051,Customer 051,Singapore,Retail,S002,Drone Navigation Module,IoT Devices,Smart Devices,320,8,0.08,2355.2,1360,995.2,50,Enterprise,Hospital Systems,68
O003277,2024-08-07,C0168,Customer 168,Thailand,Retail,M004,Patient Monitoring Module,Medical Equipment,Medical,8500,1,0.05,8075.0,5000,3075.0,8,Retail,Medical Distributors,43
O003278,2024-12-07,C0051,Customer 051,Singapore,Distributor,S004,Smart Lock Control Board,IoT Devices,Smart Devices,140,7,0.08,901.6,490,411.6,50,Enterprise,Hospital Systems,68
O003279,2024-05-30,C0027,Customer 027,Indonesia,Distributor,A001,Advanced PCB Board,Electronics,Autonomous,450,2,0.06,846.0,500,346.0,15,Retail,Consumer Electronics,76
O003280,2023-05-09,C0120,Customer 120,Malaysia,Online,A004,Robotics Motion Controller,Electronics,Autonomous,950,5,0.09,4322.5,2700,1622.5,42,Enterprise,Industrial Automation,55
O003281,2023-05-04,C0032,Customer 032,China,Retail,S002,Drone Navigation Module,IoT Devices,Smart Devices,320,8,0.04,2457.6,1360,1097.6,40,Enterprise,Consumer Electronics,62
O003282,2025-07-02,C0113,Customer 113,Singapore,Direct Sales,M001,Surgical Light System,Medical Equipment,Medical,12000,2,0.05,22800.0,14000,8800.0,62,Retail,Industrial Automation,2
O003283,2025-01-10,C0108,Customer 108,Singapore,Direct Sales,S004,Smart Lock Control Board,IoT Devices,Smart Devices,140,7,0.08,901.6,490,411.6,35,SME,Robotics,86
O003284,2024-10-15,C0047,Customer 047,Malaysia,Online,A004,Robotics Motion Controller,Electronics,Autonomous,950,6,0.08,5244.0,3240,2004.0,18,Enterprise,Technology,109
O003285,2025-09-10,C0181,Customer 181,Indonesia,Retail,A002,Control Unit Module,Electronics,Autonomous,780,6,0.04,4492.8,2520,1972.8,25,SME,Hospital Systems,133
O003286,2025-09-28,C0119,Customer 119,Singapore,Distributor,A002,Control Unit Module,Electronics,Autonomous,780,4,0.07,2901.6,1680,1221.6,18,Enterprise,Industrial Automation,119
O003287,2023-12-16,C0136,Customer 136,China,Online,M001,Surgical Light System,Medical Equipment,Medical,12000,6,0.12,63360.0,42000,21360.0,79,Enterprise,Smart Home,138
O003288,2025-08-03,C0108,Customer 108,Singapore,Retail,A002,Control Unit Module,Electronics,Autonomous,780,3,0.06,2199.6,1260,939.6,35,SME,Robotics,86
O003289,2025-08-09,C0005,Customer 005,Indonesia,Distributor,A004,Robotics Motion Controller,Electronics,Autonomous,950,4,0.06,3572.0,2160,1412.0,76,SME,Technology,72
O003290,2025-02-28,C0085,Customer 085,Indonesia,Direct Sales,A003,Sensor Processing Unit,Electronics,Autonomous,620,2,0.09,1128.4,700,428.4,56,SME,Consumer Electronics,156
O003291,2024-10-10,C0052,Customer 052,China,Distributor,A003,Sensor Processing Unit,Electronics,Autonomous,620,7,0.09,3949.4,2450,1499.4,20,Enterprise,Technology,49
O003292,2023-01-29,C0083,Customer 083,Indonesia,Distributor,A003,Sensor Processing Unit,Electronics,Autonomous,620,5,0.07,2883.0,1750,1133.0,4,SME,Consumer Electronics,30
O003293,2024-01-12,C0065,Customer 065,Thailand,Direct Sales,M004,Patient Monitoring Module,Medical Equipment,Medical,8500,3,0.03,24735.0,15000,9735.0,86,SME,Hospital Systems,142
O003294,2025-08-25,C0210,Customer 210,Malaysia,Online,M003,Anesthesia Machine,Medical Equipment,Medical,25000,1,0.05,23750.0,15000,8750.0,30,SME,Automotive OEM,119
O003295,2023-02-14,C0185,Customer 185,Thailand,Retail,A004,Robotics Motion Controller,Electronics,Autonomous,950,4,0.03,3686.0,2160,1526.0,12,SME,Industrial Automation,58
O003296,2024-07-22,C0107,Customer 107,Indonesia,Distributor,M004,Patient Monitoring Module,Medical Equipment,Medical,8500,3,0.06,23970.0,15000,8970.0,36,SME,Robotics,113
O003297,2025-10-19,C0160,Customer 160,China,Retail,A003,Sensor Processing Unit,Electronics,Autonomous,620,3,0.1,1674.0,1050,624.0,76,Retail,Smart Home,110
O003298,2023-11-24,C0207,Customer 207,Thailand,Direct Sales,A004,Robotics Motion Controller,Electronics,Autonomous,950,2,0.05,1805.0,1080,725.0,19,SME,Industrial Automation,63
O003299,2023-08-06,C0034,Customer 034,Singapore,Online,M002,Operating Table,Medical Equipment,Medical,18000,5,0.08,82800.0,55000,27800.0,17,Retail,Automotive OEM,169
O003300,2024-08-15,C0171,Customer 171,Indonesia,Distributor,M003,Anesthesia Machine,Medical Equipment,Medical,25000,1,0.07,23250.0,15000,8250.0,77,SME,Medical Distributors,11
O003301,2025-10-09,C0134,Customer 134,Thailand,Retail,M004,Patient Monitoring Module,Medical Equipment,Medical,8500,1,0.13,7395.0,5000,2395.0,63,Enterprise,Industrial Automation,28
O003302,2024-09-22,C0010,Customer 010,China,Distributor,S003,Wireless Sensor Node,IoT Devices,Smart Devices,95,12,0.06,1071.6,540,531.6,81,Enterprise,Smart Home,159
O003303,2024-09-28,C0088,Customer 088,Singapore,Retail,S003,Wireless Sensor Node,IoT Devices,Smart Devices,95,5,0.05,451.25,225,226.25,80,Retail,Consumer Electronics,81
O003304,2023-09-23,C0217,Customer 217,Indonesia,Online,S001,Smart Home Controller,IoT Devices,Smart Devices,180,8,0.03,1396.8,720,676.8,78,Retail,Hospital Systems,128
O003305,2025-02-03,C0216,Customer 216,Thailand,Distributor,S004,Smart Lock Control Board,IoT Devices,Smart Devices,140,4,0.06,526.4,280,246.4,36,Enterprise,Industrial Automation,3
O003306,2025-08-27,C0185,Customer 185,Thailand,Direct Sales,M002,Operating Table,Medical Equipment,Medical,18000,3,0.06,50760.0,33000,17760.0,12,SME,Industrial Automation,58
O003307,2025-05-04,C0144,Customer 144,China,Distributor,M004,Patient Monitoring Module,Medical Equipment,Medical,8500,1,0.1,7650.0,5000,2650.0,12,SME,Hospital Systems,76
O003308,2024-04-23,C0112,Customer 112,China,Retail,A002,Control Unit Module,Electronics,Autonomous,780,7,0.08,5023.2,2940,2083.2,50,Enterprise,Industrial Automation,150
O003309,2024-11-28,C0075,Customer 075,Singapore,Online,S002,Drone Navigation Module,IoT Devices,Smart Devices,320,7,0.06,2105.6,1190,915.6,88,Retail,Robotics,64
O003310,2023-09-18,C0012,Customer 012,Malaysia,Distributor,A002,Control Unit Module,Electronics,Autonomous,780,1,0.12,686.4,420,266.4,30,Retail,Medical Distributors,26
O003311,2024-04-30,C0161,Customer 161,Thailand,Retail,M004,Patient Monitoring Module,Medical Equipment,Medical,8500,3,0.07,23715.0,15000,8715.0,79,SME,Hospital Systems,26
O003312,2023-02-09,C0163,Customer 163,Malaysia,Direct Sales,A002,Control Unit Module,Electronics,Autonomous,780,6,0.05,4446.0,2520,1926.0,21,Enterprise,Medical Distributors,1
O003313,2023-10-31,C0031,Customer 031,Indonesia,Online,S002,Drone Navigation Module,IoT Devices,Smart Devices,320,11,0.01,3484.8,1870,1614.8,77,Retail,Hospital Systems,83
O003314,2025-10-02,C0181,Customer 181,Indonesia,Online,A004,Robotics Motion Controller,Electronics,Autonomous,950,3,0.03,2764.5,1620,1144.5,25,SME,Hospital Systems,133
O003315,2025-03-08,C0137,Customer 137,China,Online,M004,Patient Monitoring Module,Medical Equipment,Medical,8500,3,0.08,23460.0,15000,8460.0,42,SME,Smart Home,63
O003316,2025-01-15,C0134,Customer 134,Thailand,Retail,M001,Surgical Light System,Medical Equipment,Medical,12000,4,0.1,43200.0,28000,15200.0,63,Enterprise,Industrial Automation,28
O003317,2023-01-07,C0167,Customer 167,Malaysia,Online,A002,Control Unit Module,Electronics,Autonomous,780,4,0.09,2839.2,1680,1159.2,83,SME,Robotics,39
O003318,2025-09-15,C0007,Customer 007,Thailand,Distributor,S001,Smart Home Controller,IoT Devices,Smart Devices,180,13,0.1,2106.0,1170,936.0,44,Enterprise,Robotics,27
O003319,2024-10-17,C0100,Customer 100,China,Online,A004,Robotics Motion Controller,Electronics,Autonomous,950,6,0.07,5301.0,3240,2061.0,19,SME,Robotics,168
O003320,2024-02-14,C0001,Customer 001,Singapore,Distributor,S003,Wireless Sensor Node,IoT Devices,Smart Devices,95,7,0.12,585.2,315,270.2,32,Enterprise,Smart Home,58
O003321,2023-09-04,C0180,Customer 180,Thailand,Direct Sales,A001,Advanced PCB Board,Electronics,Autonomous,450,11,0.08,4554.0,2750,1804.0,66,Enterprise,Industrial Automation,1
O003322,2024-02-04,C0029,Customer 029,Indonesia,Online,S001,Smart Home Controller,IoT Devices,Smart Devices,180,6,0.02,1058.4,540,518.4,81,Retail,Medical Distributors,77
O003323,2025-02-09,C0194,Customer 194,China,Direct Sales,A003,Sensor Processing Unit,Electronics,Autonomous,620,2,0.04,1190.4,700,490.4,25,SME,Consumer Electronics,179
O003324,2024-02-23,C0101,Customer 101,Singapore,Online,M003,Anesthesia Machine,Medical Equipment,Medical,25000,3,0.03,72750.0,45000,27750.0,55,Retail,Medical Distributors,57
O003325,2025-05-13,C0014,Customer 014,Thailand,Online,M002,Operating Table,Medical Equipment,Medical,18000,1,0.13,15660.0,11000,4660.0,90,Enterprise,Smart Home,175
O003326,2023-10-30,C0038,Customer 038,Thailand,Retail,A004,Robotics Motion Controller,Electronics,Autonomous,950,9,0.06,8037.0,4860,3177.0,16,SME,Technology,64
O003327,2025-06-28,C0164,Customer 164,China,Direct Sales,A002,Control Unit Module,Electronics,Autonomous,780,5,0.09,3549.0,2100,1449.0,38,SME,Technology,9
O003328,2025-07-22,C0038,Customer 038,Thailand,Distributor,A001,Advanced PCB Board,Electronics,Autonomous,450,6,0.12,2376.0,1500,876.0,16,SME,Technology,64
O003329,2025-07-17,C0021,Customer 021,Malaysia,Distributor,A001,Advanced PCB Board,Electronics,Autonomous,450,4,0.11,1602.0,1000,602.0,96,Enterprise,Smart Home,150
O003330,2024-10-23,C0024,Customer 024,Malaysia,Direct Sales,M001,Surgical Light System,Medical Equipment,Medical,12000,2,0.03,23280.0,14000,9280.0,77,SME,Industrial Automation,17
O003331,2024-10-30,C0206,Customer 206,Thailand,Retail,S001,Smart Home Controller,IoT Devices,Smart Devices,180,7,0.03,1222.2,630,592.2,42,Retail,Hospital Systems,15
O003332,2024-10-07,C0070,Customer 070,China,Retail,S004,Smart Lock Control Board,IoT Devices,Smart Devices,140,9,0.04,1209.6,630,579.6,1,Retail,Hospital Systems,86
O003333,2025-06-08,C0135,Customer 135,China,Online,S003,Wireless Sensor Node,IoT Devices,Smart Devices,95,10,0.03,921.5,450,471.5,91,Retail,Technology,40
O003334,2024-10-30,C0170,Customer 170,China,Direct Sales,S002,Drone Navigation Module,IoT Devices,Smart Devices,320,9,0.09,2620.8,1530,1090.8,35,SME,Industrial Automation,129
O003335,2024-10-25,C0211,Customer 211,Thailand,Direct Sales,S002,Drone Navigation Module,IoT Devices,Smart Devices,320,5,0.11,1424.0,850,574.0,60,SME,Hospital Systems,74
O003336,2023-04-25,C0208,Customer 208,Indonesia,Distributor,S004,Smart Lock Control Board,IoT Devices,Smart Devices,140,5,0.07,651.0,350,301.0,22,SME,Automotive OEM,45
O003337,2023-05-20,C0200,Customer 200,China,Distributor,M003,Anesthesia Machine,Medical Equipment,Medical,25000,3,0.04,72000.0,45000,27000.0,10,Retail,Automotive OEM,121
O003338,2023-12-01,C0090,Customer 090,China,Distributor,S004,Smart Lock Control Board,IoT Devices,Smart Devices,140,15,0.04,2016.0,1050,966.0,71,Enterprise,Smart Home,33
O003339,2025-01-07,C0102,Customer 102,Malaysia,Online,A002,Control Unit Module,Electronics,Autonomous,780,3,0.03,2269.8,1260,1009.8,7,Retail,Technology,143
O003340,2024-12-04,C0118,Customer 118,Indonesia,Retail,M002,Operating Table,Medical Equipment,Medical,18000,1,0.12,15840.0,11000,4840.0,76,Enterprise,Industrial Automation,145
O003341,2023-05-08,C0217,Customer 217,Indonesia,Retail,S001,Smart Home Controller,IoT Devices,Smart Devices,180,6,0.05,1026.0,540,486.0,78,Retail,Hospital Systems,128
O003342,2025-03-21,C0181,Customer 181,Indonesia,Distributor,S004,Smart Lock Control Board,IoT Devices,Smart Devices,140,8,0.08,1030.4,560,470.4,25,SME,Hospital Systems,133
O003343,2023-07-03,C0212,Customer 212,Indonesia,Retail,M004,Patient Monitoring Module,Medical Equipment,Medical,8500,2,0.1,15300.0,10000,5300.0,45,Enterprise,Technology,151
O003344,2024-06-18,C0117,Customer 117,China,Distributor,M004,Patient Monitoring Module,Medical Equipment,Medical,8500,1,0.03,8245.0,5000,3245.0,17,SME,Technology,160
O003345,2023-02-19,C0204,Customer 204,Malaysia,Distributor,M001,Surgical Light System,Medical Equipment,Medical,12000,2,0.06,22560.0,14000,8560.0,30,SME,Smart Home,24
O003346,2023-03-28,C0085,Customer 085,Indonesia,Distributor,M004,Patient Monitoring Module,Medical Equipment,Medical,8500,2,0.1,15300.0,10000,5300.0,56,SME,Consumer Electronics,156
O003347,2023-10-09,C0055,Customer 055,China,Online,S001,Smart Home Controller,IoT Devices,Smart Devices,180,12,0.06,2030.4,1080,950.4,8,SME,Automotive OEM,131
O003348,2025-03-21,C0044,Customer 044,China,Online,M001,Surgical Light System,Medical Equipment,Medical,12000,3,0.13,31320.0,21000,10320.0,85,Enterprise,Medical Distributors,111
O003349,2025-04-29,C0010,Customer 010,China,Direct Sales,S001,Smart Home Controller,IoT Devices,Smart Devices,180,9,0.03,1571.4,810,761.4,81,Enterprise,Smart Home,159
O003350,2023-03-15,C0068,Customer 068,Indonesia,Distributor,M004,Patient Monitoring Module,Medical Equipment,Medical,8500,3,0.14,21930.0,15000,6930.0,27,Enterprise,Consumer Electronics,176
O003351,2023-01-15,C0158,Customer 158,Indonesia,Direct Sales,A002,Control Unit Module,Electronics,Autonomous,780,8,0.07,5803.2,3360,2443.2,32,Retail,Medical Distributors,31
O003352,2025-01-23,C0023,Customer 023,Malaysia,Distributor,S001,Smart Home Controller,IoT Devices,Smart Devices,180,9,0.07,1506.6,810,696.6,7,SME,Medical Distributors,29
O003353,2023-11-08,C0171,Customer 171,Indonesia,Direct Sales,S001,Smart Home Controller,IoT Devices,Smart Devices,180,8,0.11,1281.6,720,561.6,77,SME,Medical Distributors,11
O003354,2024-07-30,C0017,Customer 017,Indonesia,Online,A001,Advanced PCB Board,Electronics,Autonomous,450,5,0.06,2115.0,1250,865.0,8,Enterprise,Consumer Electronics,59
O003355,2023-11-24,C0088,Customer 088,Singapore,Online,M004,Patient Monitoring Module,Medical Equipment,Medical,8500,2,0.05,16150.0,10000,6150.0,80,Retail,Consumer Electronics,81
O003356,2024-10-31,C0109,Customer 109,Thailand,Retail,A001,Advanced PCB Board,Electronics,Autonomous,450,5,0.03,2182.5,1250,932.5,18,Retail,Medical Distributors,39
O003357,2024-08-07,C0177,Customer 177,Thailand,Direct Sales,A004,Robotics Motion Controller,Electronics,Autonomous,950,2,0.06,1786.0,1080,706.0,21,Enterprise,Medical Distributors,85
O003358,2025-11-14,C0141,Customer 141,Thailand,Distributor,A003,Sensor Processing Unit,Electronics,Autonomous,620,4,0.07,2306.4,1400,906.4,36,Retail,Consumer Electronics,153
O003359,2023-03-27,C0092,Customer 092,Indonesia,Direct Sales,A003,Sensor Processing Unit,Electronics,Autonomous,620,4,0.08,2281.6,1400,881.6,71,SME,Industrial Automation,1
O003360,2024-02-26,C0012,Customer 012,Malaysia,Online,M004,Patient Monitoring Module,Medical Equipment,Medical,8500,1,0.09,7735.0,5000,2735.0,30,Retail,Medical Distributors,26
O003361,2024-03-14,C0068,Customer 068,Indonesia,Online,S002,Drone Navigation Module,IoT Devices,Smart Devices,320,8,0.06,2406.4,1360,1046.4,27,Enterprise,Consumer Electronics,176
O003362,2023-04-22,C0051,Customer 051,Singapore,Distributor,S003,Wireless Sensor Node,IoT Devices,Smart Devices,95,8,0.08,699.2,360,339.2,50,Enterprise,Hospital Systems,68
O003363,2024-05-31,C0163,Customer 163,Malaysia,Direct Sales,M004,Patient Monitoring Module,Medical Equipment,Medical,8500,2,0.11,15130.0,10000,5130.0,21,Enterprise,Medical Distributors,1
O003364,2024-03-19,C0116,Customer 116,Thailand,Online,M003,Anesthesia Machine,Medical Equipment,Medical,25000,3,0.04,72000.0,45000,27000.0,50,SME,Hospital Systems,87
O003365,2025-03-06,C0201,Customer 201,Thailand,Online,S004,Smart Lock Control Board,IoT Devices,Smart Devices,140,15,0.07,1953.0,1050,903.0,84,Enterprise,Industrial Automation,21
O003366,2025-03-11,C0022,Customer 022,China,Distributor,S002,Drone Navigation Module,IoT Devices,Smart Devices,320,3,0.07,892.8,510,382.8,47,Retail,Industrial Automation,57
O003367,2025-09-10,C0061,Customer 061,Thailand,Online,S001,Smart Home Controller,IoT Devices,Smart Devices,180,9,0.1,1458.0,810,648.0,2,SME,Medical Distributors,118
O003368,2024-05-23,C0174,Customer 174,Indonesia,Direct Sales,M002,Operating Table,Medical Equipment,Medical,18000,3,0.17,44820.0,33000,11820.0,61,Enterprise,Automotive OEM,133
O003369,2023-03-05,C0187,Customer 187,China,Direct Sales,S002,Drone Navigation Module,IoT Devices,Smart Devices,320,8,0.07,2380.8,1360,1020.8,66,Retail,Smart Home,70
O003370,2024-07-15,C0107,Customer 107,Indonesia,Online,M001,Surgical Light System,Medical Equipment,Medical,12000,3,0.06,33840.0,21000,12840.0,36,SME,Robotics,113
O003371,2023-11-23,C0123,Customer 123,Singapore,Direct Sales,M002,Operating Table,Medical Equipment,Medical,18000,3,0.06,50760.0,33000,17760.0,29,Retail,Consumer Electronics,167
O003372,2024-01-26,C0191,Customer 191,Indonesia,Online,A003,Sensor Processing Unit,Electronics,Autonomous,620,5,0.03,3007.0,1750,1257.0,37,Enterprise,Hospital Systems,77
O003373,2025-05-05,C0160,Customer 160,China,Direct Sales,S003,Wireless Sensor Node,IoT Devices,Smart Devices,95,10,0.02,931.0,450,481.0,76,Retail,Smart Home,110
O003374,2023-03-13,C0051,Customer 051,Singapore,Online,M002,Operating Table,Medical Equipment,Medical,18000,4,0.09,65520.0,44000,21520.0,50,Enterprise,Hospital Systems,68
O003375,2025-07-24,C0028,Customer 028,China,Direct Sales,M004,Patient Monitoring Module,Medical Equipment,Medical,8500,3,0.17,21165.0,15000,6165.0,93,Enterprise,Hospital Systems,68
O003376,2023-03-04,C0054,Customer 054,Singapore,Distributor,A004,Robotics Motion Controller,Electronics,Autonomous,950,3,0.05,2707.5,1620,1087.5,7,SME,Hospital Systems,150
O003377,2023-06-26,C0076,Customer 076,Singapore,Distributor,S004,Smart Lock Control Board,IoT Devices,Smart Devices,140,6,0.07,781.2,420,361.2,80,SME,Industrial Automation,40
O003378,2024-07-13,C0092,Customer 092,Indonesia,Direct Sales,A001,Advanced PCB Board,Electronics,Autonomous,450,4,0.08,1656.0,1000,656.0,71,SME,Industrial Automation,1
O003379,2025-09-09,C0039,Customer 039,Malaysia,Distributor,M002,Operating Table,Medical Equipment,Medical,18000,2,0.1,32400.0,22000,10400.0,76,Enterprise,Hospital Systems,142
O003380,2025-03-25,C0062,Customer 062,Indonesia,Retail,S003,Wireless Sensor Node,IoT Devices,Smart Devices,95,10,0.0,950.0,450,500.0,10,Retail,Medical Distributors,138
O003381,2025-10-15,C0076,Customer 076,Singapore,Retail,A003,Sensor Processing Unit,Electronics,Autonomous,620,10,0.05,5890.0,3500,2390.0,80,SME,Industrial Automation,40
O003382,2023-01-28,C0093,Customer 093,Thailand,Direct Sales,S002,Drone Navigation Module,IoT Devices,Smart Devices,320,9,0.09,2620.8,1530,1090.8,75,Enterprise,Industrial Automation,156
O003383,2024-07-29,C0123,Customer 123,Singapore,Online,S004,Smart Lock Control Board,IoT Devices,Smart Devices,140,9,0.06,1184.4,630,554.4,29,Retail,Consumer Electronics,167
O003384,2024-02-20,C0185,Customer 185,Thailand,Direct Sales,A001,Advanced PCB Board,Electronics,Autonomous,450,9,0.07,3766.5,2250,1516.5,12,SME,Industrial Automation,58
O003385,2024-01-21,C0104,Customer 104,China,Retail,M004,Patient Monitoring Module,Medical Equipment,Medical,8500,3,0.09,23205.0,15000,8205.0,57,SME,Consumer Electronics,157
O003386,2023-04-01,C0216,Customer 216,Thailand,Retail,S002,Drone Navigation Module,IoT Devices,Smart Devices,320,7,0.08,2060.8,1190,870.8,36,Enterprise,Industrial Automation,3
O003387,2025-09-27,C0004,Customer 004,Indonesia,Direct Sales,M004,Patient Monitoring Module,Medical Equipment,Medical,8500,3,0.11,22695.0,15000,7695.0,92,Enterprise,Robotics,167
O003388,2023-07-01,C0128,Customer 128,Singapore,Online,S002,Drone Navigation Module,IoT Devices,Smart Devices,320,7,0.04,2150.4,1190,960.4,40,Retail,Automotive OEM,28
O003389,2025-08-25,C0007,Customer 007,Thailand,Distributor,S001,Smart Home Controller,IoT Devices,Smart Devices,180,9,0.06,1522.8,810,712.8,44,Enterprise,Robotics,27
O003390,2025-01-30,C0044,Customer 044,China,Distributor,S004,Smart Lock Control Board,IoT Devices,Smart Devices,140,7,0.06,921.2,490,431.2,85,Enterprise,Medical Distributors,111
O003391,2024-12-11,C0090,Customer 090,China,Distributor,A003,Sensor Processing Unit,Electronics,Autonomous,620,10,0.11,5518.0,3500,2018.0,71,Enterprise,Smart Home,33
O003392,2025-02-01,C0027,Customer 027,Indonesia,Online,A004,Robotics Motion Controller,Electronics,Autonomous,950,3,0.08,2622.0,1620,1002.0,15,Retail,Consumer Electronics,76
O003393,2023-10-30,C0199,Customer 199,Indonesia,Retail,S003,Wireless Sensor Node,IoT Devices,Smart Devices,95,4,0.05,361.0,180,181.0,93,Retail,Hospital Systems,37
O003394,2025-04-15,C0040,Customer 040,Malaysia,Retail,A002,Control Unit Module,Electronics,Autonomous,780,12,0.03,9079.2,5040,4039.2,10,SME,Hospital Systems,162
O003395,2024-06-02,C0164,Customer 164,China,Online,M003,Anesthesia Machine,Medical Equipment,Medical,25000,1,0.09,22750.0,15000,7750.0,38,SME,Technology,9
O003396,2025-08-13,C0180,Customer 180,Thailand,Distributor,A004,Robotics Motion Controller,Electronics,Autonomous,950,6,0.14,4902.0,3240,1662.0,66,Enterprise,Industrial Automation,1
O003397,2024-12-04,C0163,Customer 163,Malaysia,Distributor,S001,Smart Home Controller,IoT Devices,Smart Devices,180,9,0.08,1490.4,810,680.4,21,Enterprise,Medical Distributors,1
O003398,2023-11-23,C0213,Customer 213,Thailand,Distributor,S002,Drone Navigation Module,IoT Devices,Smart Devices,320,9,0.12,2534.4,1530,1004.4,89,SME,Industrial Automation,65
O003399,2024-02-26,C0101,Customer 101,Singapore,Retail,S004,Smart Lock Control Board,IoT Devices,Smart Devices,140,7,0.01,970.2,490,480.2,55,Retail,Medical Distributors,57
O003400,2025-05-08,C0125,Customer 125,Malaysia,Direct Sales,M002,Operating Table,Medical Equipment,Medical,18000,2,0.07,33480.0,22000,11480.0,31,Retail,Automotive OEM,33
O003401,2023-01-09,C0064,Customer 064,Malaysia,Distributor,A001,Advanced PCB Board,Electronics,Autonomous,450,4,0.12,1584.0,1000,584.0,57,SME,Automotive OEM,140
O003402,2024-11-16,C0150,Customer 150,China,Direct Sales,A004,Robotics Motion Controller,Electronics,Autonomous,950,4,0.05,3610.0,2160,1450.0,13,Enterprise,Smart Home,50
O003403,2025-02-03,C0066,Customer 066,Thailand,Retail,S001,Smart Home Controller,IoT Devices,Smart Devices,180,7,0.04,1209.6,630,579.6,18,Retail,Medical Distributors,68
O003404,2025-03-15,C0218,Customer 218,Thailand,Online,M004,Patient Monitoring Module,Medical Equipment,Medical,8500,1,0.08,7820.0,5000,2820.0,78,Retail,Robotics,91
O003405,2023-08-06,C0181,Customer 181,Indonesia,Retail,M004,Patient Monitoring Module,Medical Equipment,Medical,8500,3,0.04,24480.0,15000,9480.0,25,SME,Hospital Systems,133
O003406,2024-01-21,C0101,Customer 101,Singapore,Direct Sales,S004,Smart Lock Control Board,IoT Devices,Smart Devices,140,11,0.07,1432.2,770,662.2,55,Retail,Medical Distributors,57
O003407,2025-10-30,C0055,Customer 055,China,Retail,M002,Operating Table,Medical Equipment,Medical,18000,3,0.04,51840.0,33000,18840.0,8,SME,Automotive OEM,131
O003408,2023-05-28,C0099,Customer 099,China,Online,S004,Smart Lock Control Board,IoT Devices,Smart Devices,140,2,0.05,266.0,140,126.0,92,SME,Robotics,179
O003409,2025-04-11,C0149,Customer 149,Indonesia,Distributor,A001,Advanced PCB Board,Electronics,Autonomous,450,5,0.1,2025.0,1250,775.0,25,Retail,Automotive OEM,56
O003410,2023-07-17,C0065,Customer 065,Thailand,Direct Sales,M004,Patient Monitoring Module,Medical Equipment,Medical,8500,2,0.03,16490.0,10000,6490.0,86,SME,Hospital Systems,142
O003411,2024-08-28,C0154,Customer 154,Singapore,Distributor,M002,Operating Table,Medical Equipment,Medical,18000,2,0.04,34560.0,22000,12560.0,61,Retail,Smart Home,123
O003412,2023-05-27,C0067,Customer 067,Singapore,Online,M002,Operating Table,Medical Equipment,Medical,18000,1,0.06,16920.0,11000,5920.0,35,Retail,Automotive OEM,73
O003413,2023-09-01,C0214,Customer 214,China,Online,A003,Sensor Processing Unit,Electronics,Autonomous,620,6,0.07,3459.6,2100,1359.6,50,Retail,Robotics,124
O003414,2023-01-22,C0114,Customer 114,Thailand,Online,S004,Smart Lock Control Board,IoT Devices,Smart Devices,140,7,0.06,921.2,490,431.2,54,Enterprise,Industrial Automation,138
O003415,2025-02-06,C0090,Customer 090,China,Online,M004,Patient Monitoring Module,Medical Equipment,Medical,8500,2,0.12,14960.0,10000,4960.0,71,Enterprise,Smart Home,33
O003416,2025-09-06,C0126,Customer 126,China,Direct Sales,S003,Wireless Sensor Node,IoT Devices,Smart Devices,95,9,0.09,778.05,405,373.05,60,SME,Robotics,180
O003417,2023-03-06,C0194,Customer 194,China,Online,A004,Robotics Motion Controller,Electronics,Autonomous,950,6,0.05,5415.0,3240,2175.0,25,SME,Consumer Electronics,179
O003418,2024-06-07,C0156,Customer 156,Singapore,Retail,S004,Smart Lock Control Board,IoT Devices,Smart Devices,140,7,0.07,911.4,490,421.4,63,Retail,Industrial Automation,19
O003419,2025-02-24,C0073,Customer 073,Malaysia,Direct Sales,S001,Smart Home Controller,IoT Devices,Smart Devices,180,8,0.07,1339.2,720,619.2,75,SME,Consumer Electronics,142
O003420,2024-12-19,C0170,Customer 170,China,Retail,S003,Wireless Sensor Node,IoT Devices,Smart Devices,95,9,0.12,752.4,405,347.4,35,SME,Industrial Automation,129
O003421,2025-02-17,C0079,Customer 079,Malaysia,Retail,M001,Surgical Light System,Medical Equipment,Medical,12000,3,0.16,30240.0,21000,9240.0,49,Enterprise,Medical Distributors,10
O003422,2023-06-27,C0067,Customer 067,Singapore,Online,A004,Robotics Motion Controller,Electronics,Autonomous,950,6,0.06,5358.0,3240,2118.0,35,Retail,Automotive OEM,73
O003423,2023-06-19,C0106,Customer 106,China,Direct Sales,M004,Patient Monitoring Module,Medical Equipment,Medical,8500,2,0.13,14790.0,10000,4790.0,82,Enterprise,Robotics,71
O003424,2024-11-21,C0202,Customer 202,Thailand,Retail,M004,Patient Monitoring Module,Medical Equipment,Medical,8500,2,0.03,16490.0,10000,6490.0,41,Retail,Industrial Automation,161
O003425,2024-09-26,C0139,Customer 139,Indonesia,Retail,S001,Smart Home Controller,IoT Devices,Smart Devices,180,8,0.05,1368.0,720,648.0,44,SME,Industrial Automation,8
O003426,2025-04-20,C0132,Customer 132,Singapore,Direct Sales,M002,Operating Table,Medical Equipment,Medical,18000,2,0.08,33120.0,22000,11120.0,45,Retail,Hospital Systems,137
O003427,2023-02-27,C0154,Customer 154,Singapore,Retail,S001,Smart Home Controller,IoT Devices,Smart Devices,180,3,0.01,534.6,270,264.6,61,Retail,Smart Home,123
O003428,2024-01-07,C0144,Customer 144,China,Online,A004,Robotics Motion Controller,Electronics,Autonomous,950,5,0.08,4370.0,2700,1670.0,12,SME,Hospital Systems,76
O003429,2025-03-05,C0069,Customer 069,Thailand,Direct Sales,S001,Smart Home Controller,IoT Devices,Smart Devices,180,6,0.05,1026.0,540,486.0,7,SME,Smart Home,24
O003430,2023-08-29,C0032,Customer 032,China,Retail,S004,Smart Lock Control Board,IoT Devices,Smart Devices,140,10,0.05,1330.0,700,630.0,40,Enterprise,Consumer Electronics,62
O003431,2025-07-14,C0058,Customer 058,Singapore,Distributor,A001,Advanced PCB Board,Electronics,Autonomous,450,7,0.05,2992.5,1750,1242.5,85,SME,Industrial Automation,150
O003432,2024-11-09,C0036,Customer 036,Indonesia,Direct Sales,A003,Sensor Processing Unit,Electronics,Autonomous,620,3,0.07,1729.8,1050,679.8,70,SME,Robotics,177
O003433,2023-06-07,C0167,Customer 167,Malaysia,Retail,M004,Patient Monitoring Module,Medical Equipment,Medical,8500,1,0.06,7990.0,5000,2990.0,83,SME,Robotics,39
O003434,2023-01-12,C0134,Customer 134,Thailand,Distributor,A003,Sensor Processing Unit,Electronics,Autonomous,620,5,0.13,2697.0,1750,947.0,63,Enterprise,Industrial Automation,28
O003435,2023-03-31,C0084,Customer 084,Thailand,Distributor,A001,Advanced PCB Board,Electronics,Autonomous,450,4,0.07,1674.0,1000,674.0,5,Enterprise,Smart Home,28
O003436,2025-10-07,C0190,Customer 190,Malaysia,Retail,M004,Patient Monitoring Module,Medical Equipment,Medical,8500,2,0.09,15470.0,10000,5470.0,54,Retail,Smart Home,88
O003437,2023-08-26,C0163,Customer 163,Malaysia,Distributor,M002,Operating Table,Medical Equipment,Medical,18000,3,0.09,49140.0,33000,16140.0,21,Enterprise,Medical Distributors,1
O003438,2023-02-18,C0120,Customer 120,Malaysia,Retail,A004,Robotics Motion Controller,Electronics,Autonomous,950,6,0.05,5415.0,3240,2175.0,42,Enterprise,Industrial Automation,55
O003439,2025-05-30,C0044,Customer 044,China,Online,M001,Surgical Light System,Medical Equipment,Medical,12000,1,0.14,10320.0,7000,3320.0,85,Enterprise,Medical Distributors,111
O003440,2023-08-06,C0191,Customer 191,Indonesia,Retail,A003,Sensor Processing Unit,Electronics,Autonomous,620,8,0.02,4860.8,2800,2060.8,37,Enterprise,Hospital Systems,77
O003441,2025-06-12,C0110,Customer 110,Malaysia,Retail,S001,Smart Home Controller,IoT Devices,Smart Devices,180,7,0.04,1209.6,630,579.6,91,SME,Automotive OEM,55
O003442,2023-06-28,C0056,Customer 056,Singapore,Online,A001,Advanced PCB Board,Electronics,Autonomous,450,9,0.06,3807.0,2250,1557.0,77,Retail,Medical Distributors,18
O003443,2025-11-04,C0141,Customer 141,Thailand,Distributor,M004,Patient Monitoring Module,Medical Equipment,Medical,8500,2,0.04,16320.0,10000,6320.0,36,Retail,Consumer Electronics,153
O003444,2023-11-28,C0062,Customer 062,Indonesia,Distributor,M002,Operating Table,Medical Equipment,Medical,18000,1,0.08,16560.0,11000,5560.0,10,Retail,Medical Distributors,138
O003445,2025-07-02,C0220,Customer 220,Malaysia,Online,S003,Wireless Sensor Node,IoT Devices,Smart Devices,95,8,0.08,699.2,360,339.2,40,SME,Hospital Systems,113
O003446,2025-09-05,C0061,Customer 061,Thailand,Distributor,M002,Operating Table,Medical Equipment,Medical,18000,1,0.07,16740.0,11000,5740.0,2,SME,Medical Distributors,118
O003447,2023-08-26,C0101,Customer 101,Singapore,Direct Sales,S001,Smart Home Controller,IoT Devices,Smart Devices,180,11,0.02,1940.4,990,950.4,55,Retail,Medical Distributors,57
O003448,2023-10-29,C0208,Customer 208,Indonesia,Distributor,A001,Advanced PCB Board,Electronics,Autonomous,450,5,0.12,1980.0,1250,730.0,22,SME,Automotive OEM,45
O003449,2025-03-11,C0115,Customer 115,Indonesia,Online,M001,Surgical Light System,Medical Equipment,Medical,12000,4,0.03,46560.0,28000,18560.0,63,Retail,Robotics,57
O003450,2023-01-25,C0114,Customer 114,Thailand,Online,M002,Operating Table,Medical Equipment,Medical,18000,2,0.14,30960.0,22000,8960.0,54,Enterprise,Industrial Automation,138
O003451,2023-01-19,C0085,Customer 085,Indonesia,Distributor,A001,Advanced PCB Board,Electronics,Autonomous,450,5,0.08,2070.0,1250,820.0,56,SME,Consumer Electronics,156
O003452,2024-05-14,C0133,Customer 133,China,Distributor,A004,Robotics Motion Controller,Electronics,Autonomous,950,8,0.07,7068.0,4320,2748.0,65,SME,Medical Distributors,166
O003453,2025-08-30,C0142,Customer 142,Thailand,Retail,A004,Robotics Motion Controller,Electronics,Autonomous,950,8,0.04,7296.0,4320,2976.0,11,SME,Robotics,62
O003454,2023-12-20,C0169,Customer 169,Thailand,Direct Sales,A003,Sensor Processing Unit,Electronics,Autonomous,620,2,0.03,1202.8,700,502.8,57,SME,Smart Home,32
O003455,2023-09-18,C0128,Customer 128,Singapore,Distributor,S001,Smart Home Controller,IoT Devices,Smart Devices,180,9,0.07,1506.6,810,696.6,40,Retail,Automotive OEM,28
O003456,2023-05-20,C0140,Customer 140,China,Direct Sales,A004,Robotics Motion Controller,Electronics,Autonomous,950,5,0.07,4417.5,2700,1717.5,63,Retail,Automotive OEM,55
O003457,2024-05-20,C0053,Customer 053,Thailand,Retail,S003,Wireless Sensor Node,IoT Devices,Smart Devices,95,8,0.11,676.4,360,316.4,75,Enterprise,Hospital Systems,139
O003458,2025-01-10,C0085,Customer 085,Indonesia,Online,M004,Patient Monitoring Module,Medical Equipment,Medical,8500,1,0.06,7990.0,5000,2990.0,56,SME,Consumer Electronics,156
O003459,2025-06-03,C0143,Customer 143,China,Online,M001,Surgical Light System,Medical Equipment,Medical,12000,2,0.08,22080.0,14000,8080.0,89,SME,Robotics,122
O003460,2023-02-26,C0051,Customer 051,Singapore,Online,M004,Patient Monitoring Module,Medical Equipment,Medical,8500,3,0.12,22440.0,15000,7440.0,50,Enterprise,Hospital Systems,68
O003461,2024-04-05,C0032,Customer 032,China,Distributor,S004,Smart Lock Control Board,IoT Devices,Smart Devices,140,4,0.07,520.8,280,240.8,40,Enterprise,Consumer Electronics,62
O003462,2025-11-09,C0107,Customer 107,Indonesia,Distributor,A003,Sensor Processing Unit,Electronics,Autonomous,620,4,0.07,2306.4,1400,906.4,36,SME,Robotics,113
O003463,2025-12-03,C0126,Customer 126,China,Retail,A001,Advanced PCB Board,Electronics,Autonomous,450,5,0.08,2070.0,1250,820.0,60,SME,Robotics,180
O003464,2025-06-05,C0031,Customer 031,Indonesia,Direct Sales,S002,Drone Navigation Module,IoT Devices,Smart Devices,320,8,0.03,2483.2,1360,1123.2,77,Retail,Hospital Systems,83
O003465,2023-06-23,C0146,Customer 146,Indonesia,Distributor,S004,Smart Lock Control Board,IoT Devices,Smart Devices,140,11,0.1,1386.0,770,616.0,55,SME,Consumer Electronics,141
O003466,2023-03-23,C0067,Customer 067,Singapore,Online,A002,Control Unit Module,Electronics,Autonomous,780,4,0.05,2964.0,1680,1284.0,35,Retail,Automotive OEM,73
O003467,2025-08-09,C0108,Customer 108,Singapore,Online,S003,Wireless Sensor Node,IoT Devices,Smart Devices,95,6,0.06,535.8,270,265.8,35,SME,Robotics,86
O003468,2024-10-31,C0076,Customer 076,Singapore,Retail,A001,Advanced PCB Board,Electronics,Autonomous,450,3,0.06,1269.0,750,519.0,80,SME,Industrial Automation,40
O003469,2025-03-01,C0130,Customer 130,China,Distributor,S004,Smart Lock Control Board,IoT Devices,Smart Devices,140,7,0.07,911.4,490,421.4,10,SME,Robotics,152
O003470,2023-07-06,C0178,Customer 178,China,Retail,S004,Smart Lock Control Board,IoT Devices,Smart Devices,140,8,0.12,985.6,560,425.6,85,SME,Smart Home,103
O003471,2025-12-27,C0079,Customer 079,Malaysia,Direct Sales,S001,Smart Home Controller,IoT Devices,Smart Devices,180,12,0.05,2052.0,1080,972.0,49,Enterprise,Medical Distributors,10
O003472,2024-07-03,C0022,Customer 022,China,Online,A001,Advanced PCB Board,Electronics,Autonomous,450,7,0.07,2929.5,1750,1179.5,47,Retail,Industrial Automation,57
O003473,2024-04-11,C0130,Customer 130,China,Online,A002,Control Unit Module,Electronics,Autonomous,780,6,0.09,4258.8,2520,1738.8,10,SME,Robotics,152
O003474,2024-01-27,C0144,Customer 144,China,Online,A002,Control Unit Module,Electronics,Autonomous,780,7,0.04,5241.6,2940,2301.6,12,SME,Hospital Systems,76
O003475,2024-11-17,C0077,Customer 077,Malaysia,Retail,S001,Smart Home Controller,IoT Devices,Smart Devices,180,7,0.02,1234.8,630,604.8,53,Retail,Automotive OEM,7
O003476,2025-05-18,C0128,Customer 128,Singapore,Distributor,S003,Wireless Sensor Node,IoT Devices,Smart Devices,95,8,0.06,714.4,360,354.4,40,Retail,Automotive OEM,28
O003477,2023-10-13,C0052,Customer 052,China,Online,S004,Smart Lock Control Board,IoT Devices,Smart Devices,140,10,0.05,1330.0,700,630.0,20,Enterprise,Technology,49
O003478,2025-01-10,C0043,Customer 043,Malaysia,Online,S004,Smart Lock Control Board,IoT Devices,Smart Devices,140,11,0.05,1463.0,770,693.0,32,SME,Technology,122
O003479,2025-08-05,C0134,Customer 134,Thailand,Distributor,S002,Drone Navigation Module,IoT Devices,Smart Devices,320,13,0.04,3993.6,2210,1783.6,63,Enterprise,Industrial Automation,28
O003480,2024-08-19,C0147,Customer 147,Thailand,Distributor,S003,Wireless Sensor Node,IoT Devices,Smart Devices,95,5,0.05,451.25,225,226.25,35,SME,Technology,79
O003481,2024-11-21,C0051,Customer 051,Singapore,Retail,M003,Anesthesia Machine,Medical Equipment,Medical,25000,2,0.12,44000.0,30000,14000.0,50,Enterprise,Hospital Systems,68
O003482,2025-03-13,C0071,Customer 071,Malaysia,Online,A004,Robotics Motion Controller,Electronics,Autonomous,950,4,0.09,3458.0,2160,1298.0,21,SME,Smart Home,114
O003483,2025-07-29,C0065,Customer 065,Thailand,Online,S001,Smart Home Controller,IoT Devices,Smart Devices,180,4,0.04,691.2,360,331.2,86,SME,Hospital Systems,142
O003484,2023-05-28,C0159,Customer 159,Indonesia,Direct Sales,A001,Advanced PCB Board,Electronics,Autonomous,450,6,0.1,2430.0,1500,930.0,67,Retail,Robotics,98
O003485,2025-03-16,C0120,Customer 120,Malaysia,Direct Sales,M001,Surgical Light System,Medical Equipment,Medical,12000,3,0.1,32400.0,21000,11400.0,42,Enterprise,Industrial Automation,55
O003486,2024-06-05,C0061,Customer 061,Thailand,Retail,A004,Robotics Motion Controller,Electronics,Autonomous,950,2,0.09,1729.0,1080,649.0,2,SME,Medical Distributors,118
O003487,2024-07-21,C0117,Customer 117,China,Retail,S001,Smart Home Controller,IoT Devices,Smart Devices,180,13,0.05,2223.0,1170,1053.0,17,SME,Technology,160
O003488,2023-04-15,C0214,Customer 214,China,Retail,A003,Sensor Processing Unit,Electronics,Autonomous,620,6,0.07,3459.6,2100,1359.6,50,Retail,Robotics,124
O003489,2025-09-02,C0003,Customer 003,Singapore,Retail,A003,Sensor Processing Unit,Electronics,Autonomous,620,12,0.05,7068.0,4200,2868.0,30,Enterprise,Robotics,130
O003490,2023-10-14,C0003,Customer 003,Singapore,Direct Sales,M003,Anesthesia Machine,Medical Equipment,Medical,25000,1,0.12,22000.0,15000,7000.0,30,Enterprise,Robotics,130
O003491,2023-04-22,C0037,Customer 037,Malaysia,Direct Sales,M001,Surgical Light System,Medical Equipment,Medical,12000,1,0.05,11400.0,7000,4400.0,86,SME,Industrial Automation,167
O003492,2024-07-03,C0113,Customer 113,Singapore,Direct Sales,M003,Anesthesia Machine,Medical Equipment,Medical,25000,2,0.09,45500.0,30000,15500.0,62,Retail,Industrial Automation,2
O003493,2025-05-16,C0032,Customer 032,China,Direct Sales,M004,Patient Monitoring Module,Medical Equipment,Medical,8500,2,0.17,14110.0,10000,4110.0,40,Enterprise,Consumer Electronics,62
O003494,2023-05-03,C0041,Customer 041,Singapore,Direct Sales,M001,Surgical Light System,Medical Equipment,Medical,12000,2,0.11,21360.0,14000,7360.0,43,Enterprise,Hospital Systems,19
O003495,2024-07-21,C0051,Customer 051,Singapore,Retail,A001,Advanced PCB Board,Electronics,Autonomous,450,7,0.04,3024.0,1750,1274.0,50,Enterprise,Hospital Systems,68
O003496,2024-03-27,C0171,Customer 171,Indonesia,Online,S002,Drone Navigation Module,IoT Devices,Smart Devices,320,13,0.11,3702.4,2210,1492.4,77,SME,Medical Distributors,11
O003497,2024-12-25,C0100,Customer 100,China,Distributor,M004,Patient Monitoring Module,Medical Equipment,Medical,8500,7,0.03,57715.0,35000,22715.0,19,SME,Robotics,168
O003498,2024-10-10,C0101,Customer 101,Singapore,Distributor,M004,Patient Monitoring Module,Medical Equipment,Medical,8500,4,0.09,30940.0,20000,10940.0,55,Retail,Medical Distributors,57
O003499,2025-02-23,C0083,Customer 083,Indonesia,Direct Sales,M004,Patient Monitoring Module,Medical Equipment,Medical,8500,1,0.1,7650.0,5000,2650.0,4,SME,Consumer Electronics,30
O003500,2023-07-06,C0110,Customer 110,Malaysia,Online,S002,Drone Navigation Module,IoT Devices,Smart Devices,320,5,0.1,1440.0,850,590.0,91,SME,Automotive OEM,55
O003501,2023-09-13,C0149,Customer 149,Indonesia,Distributor,M002,Operating Table,Medical Equipment,Medical,18000,2,0.09,32760.0,22000,10760.0,25,Retail,Automotive OEM,56
O003502,2024-03-28,C0103,Customer 103,Malaysia,Retail,M004,Patient Monitoring Module,Medical Equipment,Medical,8500,2,0.07,15810.0,10000,5810.0,59,Retail,Medical Distributors,35
O003503,2023-12-22,C0085,Customer 085,Indonesia,Online,M004,Patient Monitoring Module,Medical Equipment,Medical,8500,2,0.04,16320.0,10000,6320.0,56,SME,Consumer Electronics,156
O003504,2024-05-04,C0067,Customer 067,Singapore,Online,S003,Wireless Sensor Node,IoT Devices,Smart Devices,95,6,0.03,552.9,270,282.9,35,Retail,Automotive OEM,73
O003505,2025-03-02,C0152,Customer 152,Indonesia,Distributor,A004,Robotics Motion Controller,Electronics,Autonomous,950,2,0.07,1767.0,1080,687.0,7,Enterprise,Hospital Systems,142
O003506,2023-06-17,C0084,Customer 084,Thailand,Retail,A003,Sensor Processing Unit,Electronics,Autonomous,620,5,0.06,2914.0,1750,1164.0,5,Enterprise,Smart Home,28
O003507,2025-02-26,C0024,Customer 024,Malaysia,Retail,S002,Drone Navigation Module,IoT Devices,Smart Devices,320,10,0.03,3104.0,1700,1404.0,77,SME,Industrial Automation,17
O003508,2024-07-10,C0029,Customer 029,Indonesia,Retail,M004,Patient Monitoring Module,Medical Equipment,Medical,8500,2,0.06,15980.0,10000,5980.0,81,Retail,Medical Distributors,77
O003509,2025-12-09,C0146,Customer 146,Indonesia,Online,A002,Control Unit Module,Electronics,Autonomous,780,2,0.02,1528.8,840,688.8,55,SME,Consumer Electronics,141
O003510,2025-11-05,C0066,Customer 066,Thailand,Retail,S002,Drone Navigation Module,IoT Devices,Smart Devices,320,10,0.07,2976.0,1700,1276.0,18,Retail,Medical Distributors,68
O003511,2024-02-25,C0167,Customer 167,Malaysia,Distributor,A002,Control Unit Module,Electronics,Autonomous,780,6,0.12,4118.4,2520,1598.4,83,SME,Robotics,39
O003512,2025-02-12,C0090,Customer 090,China,Retail,M003,Anesthesia Machine,Medical Equipment,Medical,25000,3,0.1,67500.0,45000,22500.0,71,Enterprise,Smart Home,33
O003513,2024-10-05,C0074,Customer 074,Malaysia,Retail,A002,Control Unit Module,Electronics,Autonomous,780,4,0.04,2995.2,1680,1315.2,40,SME,Hospital Systems,94
O003514,2024-08-18,C0067,Customer 067,Singapore,Retail,M004,Patient Monitoring Module,Medical Equipment,Medical,8500,1,0.07,7905.0,5000,2905.0,35,Retail,Automotive OEM,73
O003515,2025-08-19,C0118,Customer 118,Indonesia,Distributor,M001,Surgical Light System,Medical Equipment,Medical,12000,4,0.14,41280.0,28000,13280.0,76,Enterprise,Industrial Automation,145
O003516,2023-05-13,C0211,Customer 211,Thailand,Direct Sales,A004,Robotics Motion Controller,Electronics,Autonomous,950,11,0.05,9927.5,5940,3987.5,60,SME,Hospital Systems,74
O003517,2024-12-07,C0129,Customer 129,Indonesia,Retail,A002,Control Unit Module,Electronics,Autonomous,780,5,0.02,3822.0,2100,1722.0,74,Enterprise,Smart Home,174
O003518,2025-06-12,C0121,Customer 121,China,Retail,S004,Smart Lock Control Board,IoT Devices,Smart Devices,140,6,0.11,747.6,420,327.6,36,Enterprise,Industrial Automation,108
O003519,2023-07-03,C0219,Customer 219,Malaysia,Online,A003,Sensor Processing Unit,Electronics,Autonomous,620,6,0.05,3534.0,2100,1434.0,87,SME,Smart Home,169
O003520,2024-07-05,C0058,Customer 058,Singapore,Online,A002,Control Unit Module,Electronics,Autonomous,780,5,0.06,3666.0,2100,1566.0,85,SME,Industrial Automation,150
O003521,2023-12-12,C0107,Customer 107,Indonesia,Distributor,M004,Patient Monitoring Module,Medical Equipment,Medical,8500,2,0.09,15470.0,10000,5470.0,36,SME,Robotics,113
O003522,2025-02-20,C0016,Customer 016,Malaysia,Direct Sales,A002,Control Unit Module,Electronics,Autonomous,780,8,0.08,5740.8,3360,2380.8,82,SME,Smart Home,177
O003523,2023-07-04,C0172,Customer 172,China,Distributor,S004,Smart Lock Control Board,IoT Devices,Smart Devices,140,5,0.04,672.0,350,322.0,4,SME,Smart Home,24
O003524,2023-04-13,C0112,Customer 112,China,Direct Sales,A001,Advanced PCB Board,Electronics,Autonomous,450,6,0.06,2538.0,1500,1038.0,50,Enterprise,Industrial Automation,150
O003525,2024-06-06,C0078,Customer 078,Malaysia,Distributor,A004,Robotics Motion Controller,Electronics,Autonomous,950,8,0.08,6992.0,4320,2672.0,53,SME,Consumer Electronics,172
O003526,2025-06-11,C0049,Customer 049,Indonesia,Distributor,A001,Advanced PCB Board,Electronics,Autonomous,450,5,0.07,2092.5,1250,842.5,12,Enterprise,Hospital Systems,61
O003527,2024-09-30,C0211,Customer 211,Thailand,Direct Sales,M003,Anesthesia Machine,Medical Equipment,Medical,25000,2,0.05,47500.0,30000,17500.0,60,SME,Hospital Systems,74
O003528,2023-07-08,C0021,Customer 021,Malaysia,Direct Sales,S002,Drone Navigation Module,IoT Devices,Smart Devices,320,6,0.08,1766.4,1020,746.4,96,Enterprise,Smart Home,150
O003529,2023-12-27,C0203,Customer 203,China,Retail,A001,Advanced PCB Board,Electronics,Autonomous,450,5,0.1,2025.0,1250,775.0,80,Retail,Hospital Systems,18
O003530,2023-12-10,C0079,Customer 079,Malaysia,Direct Sales,M004,Patient Monitoring Module,Medical Equipment,Medical,8500,1,0.16,7140.0,5000,2140.0,49,Enterprise,Medical Distributors,10
O003531,2024-02-05,C0057,Customer 057,Malaysia,Direct Sales,S002,Drone Navigation Module,IoT Devices,Smart Devices,320,8,0.04,2457.6,1360,1097.6,75,SME,Robotics,153
O003532,2023-07-27,C0007,Customer 007,Thailand,Distributor,A001,Advanced PCB Board,Electronics,Autonomous,450,4,0.1,1620.0,1000,620.0,44,Enterprise,Robotics,27
O003533,2025-08-05,C0192,Customer 192,Indonesia,Online,S001,Smart Home Controller,IoT Devices,Smart Devices,180,10,0.1,1620.0,900,720.0,20,SME,Technology,115
O003534,2023-11-09,C0192,Customer 192,Indonesia,Distributor,S001,Smart Home Controller,IoT Devices,Smart Devices,180,7,0.05,1197.0,630,567.0,20,SME,Technology,115
O003535,2023-01-18,C0184,Customer 184,China,Distributor,A002,Control Unit Module,Electronics,Autonomous,780,3,0.13,2035.8,1260,775.8,91,Enterprise,Robotics,41
O003536,2025-11-17,C0109,Customer 109,Thailand,Direct Sales,M001,Surgical Light System,Medical Equipment,Medical,12000,1,0.06,11280.0,7000,4280.0,18,Retail,Medical Distributors,39
O003537,2023-12-09,C0105,Customer 105,Indonesia,Retail,M001,Surgical Light System,Medical Equipment,Medical,12000,2,0.04,23040.0,14000,9040.0,21,SME,Technology,122
O003538,2023-09-28,C0162,Customer 162,Malaysia,Online,M004,Patient Monitoring Module,Medical Equipment,Medical,8500,1,0.07,7905.0,5000,2905.0,85,SME,Smart Home,21
O003539,2024-07-25,C0154,Customer 154,Singapore,Distributor,A004,Robotics Motion Controller,Electronics,Autonomous,950,3,0.1,2565.0,1620,945.0,61,Retail,Smart Home,123
O003540,2023-08-14,C0088,Customer 088,Singapore,Distributor,S004,Smart Lock Control Board,IoT Devices,Smart Devices,140,8,0.01,1108.8,560,548.8,80,Retail,Consumer Electronics,81
O003541,2023-03-28,C0211,Customer 211,Thailand,Retail,M002,Operating Table,Medical Equipment,Medical,18000,1,0.04,17280.0,11000,6280.0,60,SME,Hospital Systems,74
O003542,2024-08-11,C0210,Customer 210,Malaysia,Retail,A004,Robotics Motion Controller,Electronics,Autonomous,950,4,0.07,3534.0,2160,1374.0,30,SME,Automotive OEM,119
O003543,2025-03-19,C0109,Customer 109,Thailand,Retail,S001,Smart Home Controller,IoT Devices,Smart Devices,180,8,0.07,1339.2,720,619.2,18,Retail,Medical Distributors,39
O003544,2025-08-13,C0048,Customer 048,Malaysia,Online,S003,Wireless Sensor Node,IoT Devices,Smart Devices,95,4,0.1,342.0,180,162.0,10,Enterprise,Robotics,114
O003545,2025-04-09,C0055,Customer 055,China,Retail,A001,Advanced PCB Board,Electronics,Autonomous,450,8,0.03,3492.0,2000,1492.0,8,SME,Automotive OEM,131
O003546,2025-10-20,C0037,Customer 037,Malaysia,Direct Sales,M003,Anesthesia Machine,Medical Equipment,Medical,25000,1,0.04,24000.0,15000,9000.0,86,SME,Industrial Automation,167
O003547,2025-01-22,C0019,Customer 019,Malaysia,Direct Sales,A001,Advanced PCB Board,Electronics,Autonomous,450,8,0.07,3348.0,2000,1348.0,28,Retail,Consumer Electronics,168
O003548,2025-04-24,C0123,Customer 123,Singapore,Retail,A003,Sensor Processing Unit,Electronics,Autonomous,620,2,0.04,1190.4,700,490.4,29,Retail,Consumer Electronics,167
O003549,2023-02-18,C0106,Customer 106,China,Retail,A002,Control Unit Module,Electronics,Autonomous,780,6,0.04,4492.8,2520,1972.8,82,Enterprise,Robotics,71
O003550,2023-02-02,C0184,Customer 184,China,Retail,M004,Patient Monitoring Module,Medical Equipment,Medical,8500,2,0.16,14280.0,10000,4280.0,91,Enterprise,Robotics,41
O003551,2023-10-29,C0136,Customer 136,China,Distributor,A004,Robotics Motion Controller,Electronics,Autonomous,950,8,0.11,6764.0,4320,2444.0,79,Enterprise,Smart Home,138
O003552,2024-09-10,C0109,Customer 109,Thailand,Distributor,A003,Sensor Processing Unit,Electronics,Autonomous,620,3,0.06,1748.4,1050,698.4,18,Retail,Medical Distributors,39
O003553,2024-04-10,C0035,Customer 035,China,Online,A004,Robotics Motion Controller,Electronics,Autonomous,950,4,0.06,3572.0,2160,1412.0,34,Retail,Automotive OEM,136
O003554,2025-08-13,C0027,Customer 027,Indonesia,Retail,S004,Smart Lock Control Board,IoT Devices,Smart Devices,140,13,0.03,1765.4,910,855.4,15,Retail,Consumer Electronics,76
O003555,2024-02-24,C0154,Customer 154,Singapore,Distributor,A004,Robotics Motion Controller,Electronics,Autonomous,950,5,0.09,4322.5,2700,1622.5,61,Retail,Smart Home,123
O003556,2023-04-16,C0035,Customer 035,China,Distributor,M004,Patient Monitoring Module,Medical Equipment,Medical,8500,2,0.09,15470.0,10000,5470.0,34,Retail,Automotive OEM,136
O003557,2023-07-27,C0091,Customer 091,Malaysia,Online,A001,Advanced PCB Board,Electronics,Autonomous,450,5,0.02,2205.0,1250,955.0,87,SME,Industrial Automation,45
O003558,2025-08-10,C0077,Customer 077,Malaysia,Retail,A003,Sensor Processing Unit,Electronics,Autonomous,620,1,0.03,601.4,350,251.4,53,Retail,Automotive OEM,7
O003559,2024-08-25,C0022,Customer 022,China,Retail,A002,Control Unit Module,Electronics,Autonomous,780,5,0.02,3822.0,2100,1722.0,47,Retail,Industrial Automation,57
O003560,2025-09-08,C0030,Customer 030,Indonesia,Online,M002,Operating Table,Medical Equipment,Medical,18000,2,0.05,34200.0,22000,12200.0,48,SME,Automotive OEM,42
O003561,2024-09-27,C0083,Customer 083,Indonesia,Distributor,S001,Smart Home Controller,IoT Devices,Smart Devices,180,9,0.03,1571.4,810,761.4,4,SME,Consumer Electronics,30
O003562,2023-07-27,C0068,Customer 068,Indonesia,Online,M003,Anesthesia Machine,Medical Equipment,Medical,25000,2,0.09,45500.0,30000,15500.0,27,Enterprise,Consumer Electronics,176
O003563,2025-11-09,C0051,Customer 051,Singapore,Online,M004,Patient Monitoring Module,Medical Equipment,Medical,8500,2,0.08,15640.0,10000,5640.0,50,Enterprise,Hospital Systems,68
O003564,2025-04-06,C0179,Customer 179,Indonesia,Retail,A002,Control Unit Module,Electronics,Autonomous,780,6,0.05,4446.0,2520,1926.0,41,Enterprise,Medical Distributors,65
O003565,2024-10-30,C0021,Customer 021,Malaysia,Online,A001,Advanced PCB Board,Electronics,Autonomous,450,7,0.02,3087.0,1750,1337.0,96,Enterprise,Smart Home,150
O003566,2025-11-24,C0140,Customer 140,China,Direct Sales,S002,Drone Navigation Module,IoT Devices,Smart Devices,320,5,0.07,1488.0,850,638.0,63,Retail,Automotive OEM,55
O003567,2025-09-25,C0190,Customer 190,Malaysia,Direct Sales,A003,Sensor Processing Unit,Electronics,Autonomous,620,6,0.07,3459.6,2100,1359.6,54,Retail,Smart Home,88
O003568,2025-11-02,C0184,Customer 184,China,Distributor,M002,Operating Table,Medical Equipment,Medical,18000,2,0.17,29880.0,22000,7880.0,91,Enterprise,Robotics,41
O003569,2025-02-12,C0189,Customer 189,Indonesia,Retail,A002,Control Unit Module,Electronics,Autonomous,780,5,0.08,3588.0,2100,1488.0,77,Enterprise,Robotics,131
O003570,2024-07-01,C0191,Customer 191,Indonesia,Distributor,M003,Anesthesia Machine,Medical Equipment,Medical,25000,1,0.16,21000.0,15000,6000.0,37,Enterprise,Hospital Systems,77
O003571,2024-02-07,C0213,Customer 213,Thailand,Retail,M002,Operating Table,Medical Equipment,Medical,18000,2,0.05,34200.0,22000,12200.0,89,SME,Industrial Automation,65
O003572,2024-03-27,C0016,Customer 016,Malaysia,Direct Sales,M001,Surgical Light System,Medical Equipment,Medical,12000,3,0.05,34200.0,21000,13200.0,82,SME,Smart Home,177
O003573,2023-09-30,C0063,Customer 063,Malaysia,Retail,M004,Patient Monitoring Module,Medical Equipment,Medical,8500,2,0.07,15810.0,10000,5810.0,45,SME,Automotive OEM,18
O003574,2025-05-05,C0038,Customer 038,Thailand,Retail,M003,Anesthesia Machine,Medical Equipment,Medical,25000,2,0.07,46500.0,30000,16500.0,16,SME,Technology,64
O003575,2024-06-06,C0124,Customer 124,Singapore,Direct Sales,M004,Patient Monitoring Module,Medical Equipment,Medical,8500,2,0.1,15300.0,10000,5300.0,4,Retail,Hospital Systems,64
O003576,2023-12-01,C0173,Customer 173,Malaysia,Online,M001,Surgical Light System,Medical Equipment,Medical,12000,1,0.08,11040.0,7000,4040.0,87,Retail,Hospital Systems,69
O003577,2023-05-16,C0219,Customer 219,Malaysia,Retail,M004,Patient Monitoring Module,Medical Equipment,Medical,8500,4,0.09,30940.0,20000,10940.0,87,SME,Smart Home,169
O003578,2023-12-06,C0213,Customer 213,Thailand,Retail,S003,Wireless Sensor Node,IoT Devices,Smart Devices,95,5,0.04,456.0,225,231.0,89,SME,Industrial Automation,65
O003579,2025-07-30,C0054,Customer 054,Singapore,Online,A002,Control Unit Module,Electronics,Autonomous,780,6,0.09,4258.8,2520,1738.8,7,SME,Hospital Systems,150
O003580,2024-06-12,C0160,Customer 160,China,Online,S002,Drone Navigation Module,IoT Devices,Smart Devices,320,7,0.05,2128.0,1190,938.0,76,Retail,Smart Home,110
O003581,2024-10-30,C0208,Customer 208,Indonesia,Distributor,S001,Smart Home Controller,IoT Devices,Smart Devices,180,10,0.09,1638.0,900,738.0,22,SME,Automotive OEM,45
O003582,2025-12-01,C0066,Customer 066,Thailand,Online,S003,Wireless Sensor Node,IoT Devices,Smart Devices,95,10,0.06,893.0,450,443.0,18,Retail,Medical Distributors,68
O003583,2024-05-17,C0198,Customer 198,Indonesia,Direct Sales,M004,Patient Monitoring Module,Medical Equipment,Medical,8500,1,0.12,7480.0,5000,2480.0,57,Enterprise,Medical Distributors,26
O003584,2024-07-11,C0089,Customer 089,Singapore,Online,A002,Control Unit Module,Electronics,Autonomous,780,5,0.06,3666.0,2100,1566.0,65,SME,Smart Home,80
O003585,2025-04-08,C0210,Customer 210,Malaysia,Online,M001,Surgical Light System,Medical Equipment,Medical,12000,1,0.09,10920.0,7000,3920.0,30,SME,Automotive OEM,119
O003586,2024-06-11,C0216,Customer 216,Thailand,Distributor,M002,Operating Table,Medical Equipment,Medical,18000,1,0.14,15480.0,11000,4480.0,36,Enterprise,Industrial Automation,3
O003587,2024-03-24,C0103,Customer 103,Malaysia,Retail,M004,Patient Monitoring Module,Medical Equipment,Medical,8500,1,0.09,7735.0,5000,2735.0,59,Retail,Medical Distributors,35
O003588,2023-07-21,C0008,Customer 008,Singapore,Online,S004,Smart Lock Control Board,IoT Devices,Smart Devices,140,7,0.07,911.4,490,421.4,45,SME,Consumer Electronics,155
O003589,2025-03-29,C0016,Customer 016,Malaysia,Online,A003,Sensor Processing Unit,Electronics,Autonomous,620,2,0.04,1190.4,700,490.4,82,SME,Smart Home,177
O003590,2024-05-11,C0031,Customer 031,Indonesia,Retail,M003,Anesthesia Machine,Medical Equipment,Medical,25000,2,0.1,45000.0,30000,15000.0,77,Retail,Hospital Systems,83
O003591,2023-05-16,C0124,Customer 124,Singapore,Direct Sales,A002,Control Unit Module,Electronics,Autonomous,780,3,0.05,2223.0,1260,963.0,4,Retail,Hospital Systems,64
O003592,2025-06-04,C0002,Customer 002,Malaysia,Retail,M003,Anesthesia Machine,Medical Equipment,Medical,25000,1,0.06,23500.0,15000,8500.0,76,SME,Medical Distributors,109
O003593,2023-03-04,C0078,Customer 078,Malaysia,Online,A002,Control Unit Module,Electronics,Autonomous,780,8,0.03,6052.8,3360,2692.8,53,SME,Consumer Electronics,172
O003594,2024-04-27,C0082,Customer 082,Thailand,Retail,A004,Robotics Motion Controller,Electronics,Autonomous,950,5,0.09,4322.5,2700,1622.5,45,Retail,Smart Home,165
O003595,2025-03-22,C0192,Customer 192,Indonesia,Distributor,S002,Drone Navigation Module,IoT Devices,Smart Devices,320,5,0.07,1488.0,850,638.0,20,SME,Technology,115
O003596,2024-04-26,C0087,Customer 087,China,Distributor,A001,Advanced PCB Board,Electronics,Autonomous,450,5,0.11,2002.5,1250,752.5,47,Enterprise,Robotics,111
O003597,2023-12-04,C0091,Customer 091,Malaysia,Distributor,A002,Control Unit Module,Electronics,Autonomous,780,6,0.11,4165.2,2520,1645.2,87,SME,Industrial Automation,45
O003598,2025-02-10,C0175,Customer 175,China,Direct Sales,M002,Operating Table,Medical Equipment,Medical,18000,3,0.04,51840.0,33000,18840.0,75,Retail,Automotive OEM,112
O003599,2023-01-18,C0058,Customer 058,Singapore,Retail,M003,Anesthesia Machine,Medical Equipment,Medical,25000,2,0.06,47000.0,30000,17000.0,85,SME,Industrial Automation,150
O003600,2023-07-09,C0035,Customer 035,China,Distributor,S004,Smart Lock Control Board,IoT Devices,Smart Devices,140,10,0.08,1288.0,700,588.0,34,Retail,Automotive OEM,136
O003601,2023-01-05,C0144,Customer 144,China,Distributor,A004,Robotics Motion Controller,Electronics,Autonomous,950,5,0.05,4512.5,2700,1812.5,12,SME,Hospital Systems,76
O003602,2024-08-19,C0011,Customer 011,Thailand,Online,A002,Control Unit Module,Electronics,Autonomous,780,4,0.07,2901.6,1680,1221.6,6,SME,Medical Distributors,170
O003603,2023-06-29,C0159,Customer 159,Indonesia,Distributor,M001,Surgical Light System,Medical Equipment,Medical,12000,1,0.09,10920.0,7000,3920.0,67,Retail,Robotics,98
O003604,2024-11-07,C0039,Customer 039,Malaysia,Direct Sales,M002,Operating Table,Medical Equipment,Medical,18000,2,0.18,29520.0,22000,7520.0,76,Enterprise,Hospital Systems,142
O003605,2023-06-18,C0083,Customer 083,Indonesia,Direct Sales,M001,Surgical Light System,Medical Equipment,Medical,12000,2,0.09,21840.0,14000,7840.0,4,SME,Consumer Electronics,30
O003606,2024-01-29,C0111,Customer 111,Singapore,Retail,M003,Anesthesia Machine,Medical Equipment,Medical,25000,2,0.09,45500.0,30000,15500.0,70,SME,Consumer Electronics,120
O003607,2025-10-01,C0022,Customer 022,China,Online,M002,Operating Table,Medical Equipment,Medical,18000,2,0.07,33480.0,22000,11480.0,47,Retail,Industrial Automation,57
O003608,2025-12-13,C0181,Customer 181,Indonesia,Online,M002,Operating Table,Medical Equipment,Medical,18000,2,0.04,34560.0,22000,12560.0,25,SME,Hospital Systems,133
O003609,2025-08-04,C0129,Customer 129,Indonesia,Online,S002,Drone Navigation Module,IoT Devices,Smart Devices,320,9,0.04,2764.8,1530,1234.8,74,Enterprise,Smart Home,174
O003610,2025-11-20,C0218,Customer 218,Thailand,Retail,M002,Operating Table,Medical Equipment,Medical,18000,1,0.07,16740.0,11000,5740.0,78,Retail,Robotics,91
O003611,2024-08-04,C0033,Customer 033,Singapore,Retail,M001,Surgical Light System,Medical Equipment,Medical,12000,3,0.17,29880.0,21000,8880.0,11,Enterprise,Medical Distributors,125
O003612,2023-11-30,C0034,Customer 034,Singapore,Retail,S004,Smart Lock Control Board,IoT Devices,Smart Devices,140,12,0.06,1579.2,840,739.2,17,Retail,Automotive OEM,169
O003613,2025-01-04,C0023,Customer 023,Malaysia,Online,S001,Smart Home Controller,IoT Devices,Smart Devices,180,5,0.06,846.0,450,396.0,7,SME,Medical Distributors,29
O003614,2025-04-01,C0032,Customer 032,China,Distributor,A003,Sensor Processing Unit,Electronics,Autonomous,620,7,0.13,3775.8,2450,1325.8,40,Enterprise,Consumer Electronics,62
O003615,2024-09-25,C0113,Customer 113,Singapore,Online,S003,Wireless Sensor Node,IoT Devices,Smart Devices,95,10,0.02,931.0,450,481.0,62,Retail,Industrial Automation,2
O003616,2025-08-02,C0125,Customer 125,Malaysia,Distributor,M003,Anesthesia Machine,Medical Equipment,Medical,25000,2,0.03,48500.0,30000,18500.0,31,Retail,Automotive OEM,33
O003617,2023-05-01,C0132,Customer 132,Singapore,Direct Sales,S002,Drone Navigation Module,IoT Devices,Smart Devices,320,7,0.01,2217.6,1190,1027.6,45,Retail,Hospital Systems,137
O003618,2025-07-08,C0135,Customer 135,China,Distributor,M003,Anesthesia Machine,Medical Equipment,Medical,25000,2,0.08,46000.0,30000,16000.0,91,Retail,Technology,40
O003619,2024-08-01,C0122,Customer 122,Thailand,Online,A002,Control Unit Module,Electronics,Autonomous,780,5,0.07,3627.0,2100,1527.0,3,Retail,Technology,139
O003620,2025-09-13,C0034,Customer 034,Singapore,Retail,A003,Sensor Processing Unit,Electronics,Autonomous,620,9,0.03,5412.6,3150,2262.6,17,Retail,Automotive OEM,169
O003621,2024-09-11,C0198,Customer 198,Indonesia,Distributor,S004,Smart Lock Control Board,IoT Devices,Smart Devices,140,11,0.11,1370.6,770,600.6,57,Enterprise,Medical Distributors,26
O003622,2023-03-11,C0064,Customer 064,Malaysia,Distributor,A002,Control Unit Module,Electronics,Autonomous,780,6,0.09,4258.8,2520,1738.8,57,SME,Automotive OEM,140
O003623,2024-12-07,C0126,Customer 126,China,Direct Sales,M002,Operating Table,Medical Equipment,Medical,18000,1,0.03,17460.0,11000,6460.0,60,SME,Robotics,180
O003624,2024-05-31,C0059,Customer 059,Indonesia,Distributor,A003,Sensor Processing Unit,Electronics,Autonomous,620,5,0.13,2697.0,1750,947.0,27,SME,Smart Home,172
O003625,2025-08-07,C0147,Customer 147,Thailand,Retail,S003,Wireless Sensor Node,IoT Devices,Smart Devices,95,9,0.1,769.5,405,364.5,35,SME,Technology,79
O003626,2024-10-24,C0022,Customer 022,China,Distributor,A004,Robotics Motion Controller,Electronics,Autonomous,950,6,0.13,4959.0,3240,1719.0,47,Retail,Industrial Automation,57
O003627,2025-05-14,C0091,Customer 091,Malaysia,Online,S003,Wireless Sensor Node,IoT Devices,Smart Devices,95,13,0.12,1086.8,585,501.8,87,SME,Industrial Automation,45
O003628,2024-01-12,C0175,Customer 175,China,Distributor,M001,Surgical Light System,Medical Equipment,Medical,12000,3,0.1,32400.0,21000,11400.0,75,Retail,Automotive OEM,112
O003629,2025-05-01,C0149,Customer 149,Indonesia,Retail,M002,Operating Table,Medical Equipment,Medical,18000,1,0.09,16380.0,11000,5380.0,25,Retail,Automotive OEM,56
O003630,2024-11-16,C0041,Customer 041,Singapore,Direct Sales,M003,Anesthesia Machine,Medical Equipment,Medical,25000,1,0.17,20750.0,15000,5750.0,43,Enterprise,Hospital Systems,19
O003631,2024-05-06,C0069,Customer 069,Thailand,Retail,S001,Smart Home Controller,IoT Devices,Smart Devices,180,7,0.12,1108.8,630,478.8,7,SME,Smart Home,24
O003632,2024-02-19,C0143,Customer 143,China,Distributor,S004,Smart Lock Control Board,IoT Devices,Smart Devices,140,11,0.07,1432.2,770,662.2,89,SME,Robotics,122
O003633,2023-01-19,C0072,Customer 072,Indonesia,Online,S003,Wireless Sensor Node,IoT Devices,Smart Devices,95,8,0.09,691.6,360,331.6,15,SME,Hospital Systems,20
O003634,2025-02-02,C0040,Customer 040,Malaysia,Direct Sales,A002,Control Unit Module,Electronics,Autonomous,780,4,0.03,3026.4,1680,1346.4,10,SME,Hospital Systems,162
O003635,2025-10-23,C0187,Customer 187,China,Distributor,M004,Patient Monitoring Module,Medical Equipment,Medical,8500,2,0.04,16320.0,10000,6320.0,66,Retail,Smart Home,70
O003636,2025-10-31,C0079,Customer 079,Malaysia,Retail,A001,Advanced PCB Board,Electronics,Autonomous,450,7,0.09,2866.5,1750,1116.5,49,Enterprise,Medical Distributors,10
O003637,2024-02-07,C0038,Customer 038,Thailand,Direct Sales,A003,Sensor Processing Unit,Electronics,Autonomous,620,4,0.06,2331.2,1400,931.2,16,SME,Technology,64
O003638,2024-08-17,C0170,Customer 170,China,Retail,S001,Smart Home Controller,IoT Devices,Smart Devices,180,14,0.03,2444.4,1260,1184.4,35,SME,Industrial Automation,129
O003639,2024-11-12,C0151,Customer 151,Thailand,Retail,M001,Surgical Light System,Medical Equipment,Medical,12000,4,0.14,41280.0,28000,13280.0,39,Enterprise,Automotive OEM,4
O003640,2023-05-09,C0144,Customer 144,China,Retail,A004,Robotics Motion Controller,Electronics,Autonomous,950,7,0.09,6051.5,3780,2271.5,12,SME,Hospital Systems,76
O003641,2024-04-17,C0098,Customer 098,Singapore,Distributor,A002,Control Unit Module,Electronics,Autonomous,780,11,0.09,7807.8,4620,3187.8,79,Enterprise,Technology,19
O003642,2024-09-06,C0134,Customer 134,Thailand,Direct Sales,S003,Wireless Sensor Node,IoT Devices,Smart Devices,95,4,0.1,342.0,180,162.0,63,Enterprise,Industrial Automation,28
O003643,2024-06-04,C0068,Customer 068,Indonesia,Online,A003,Sensor Processing Unit,Electronics,Autonomous,620,3,0.02,1822.8,1050,772.8,27,Enterprise,Consumer Electronics,176
O003644,2024-04-14,C0094,Customer 094,Thailand,Distributor,M001,Surgical Light System,Medical Equipment,Medical,12000,4,0.1,43200.0,28000,15200.0,87,SME,Technology,55
O003645,2025-07-09,C0010,Customer 010,China,Retail,M004,Patient Monitoring Module,Medical Equipment,Medical,8500,1,0.08,7820.0,5000,2820.0,81,Enterprise,Smart Home,159
O003646,2023-04-08,C0026,Customer 026,Indonesia,Online,M002,Operating Table,Medical Equipment,Medical,18000,3,0.07,50220.0,33000,17220.0,88,Retail,Hospital Systems,30
O003647,2025-05-03,C0108,Customer 108,Singapore,Online,M001,Surgical Light System,Medical Equipment,Medical,12000,1,0.08,11040.0,7000,4040.0,35,SME,Robotics,86
O003648,2023-04-15,C0010,Customer 010,China,Distributor,A004,Robotics Motion Controller,Electronics,Autonomous,950,7,0.1,5985.0,3780,2205.0,81,Enterprise,Smart Home,159
O003649,2024-08-11,C0218,Customer 218,Thailand,Distributor,M002,Operating Table,Medical Equipment,Medical,18000,4,0.09,65520.0,44000,21520.0,78,Retail,Robotics,91
O003650,2025-03-07,C0125,Customer 125,Malaysia,Online,S001,Smart Home Controller,IoT Devices,Smart Devices,180,9,0.01,1603.8,810,793.8,31,Retail,Automotive OEM,33
O003651,2024-02-15,C0108,Customer 108,Singapore,Retail,M001,Surgical Light System,Medical Equipment,Medical,12000,2,0.04,23040.0,14000,9040.0,35,SME,Robotics,86
O003652,2024-05-17,C0106,Customer 106,China,Direct Sales,A004,Robotics Motion Controller,Electronics,Autonomous,950,5,0.03,4607.5,2700,1907.5,82,Enterprise,Robotics,71
O003653,2024-06-12,C0019,Customer 019,Malaysia,Online,M003,Anesthesia Machine,Medical Equipment,Medical,25000,1,0.08,23000.0,15000,8000.0,28,Retail,Consumer Electronics,168
O003654,2025-05-01,C0036,Customer 036,Indonesia,Retail,M003,Anesthesia Machine,Medical Equipment,Medical,25000,3,0.04,72000.0,45000,27000.0,70,SME,Robotics,177
O003655,2023-12-02,C0181,Customer 181,Indonesia,Direct Sales,A002,Control Unit Module,Electronics,Autonomous,780,5,0.08,3588.0,2100,1488.0,25,SME,Hospital Systems,133
O003656,2024-08-14,C0212,Customer 212,Indonesia,Direct Sales,A001,Advanced PCB Board,Electronics,Autonomous,450,2,0.03,873.0,500,373.0,45,Enterprise,Technology,151
O003657,2023-11-15,C0156,Customer 156,Singapore,Direct Sales,M002,Operating Table,Medical Equipment,Medical,18000,3,0.1,48600.0,33000,15600.0,63,Retail,Industrial Automation,19
O003658,2023-05-16,C0114,Customer 114,Thailand,Distributor,A001,Advanced PCB Board,Electronics,Autonomous,450,3,0.06,1269.0,750,519.0,54,Enterprise,Industrial Automation,138
O003659,2025-07-13,C0002,Customer 002,Malaysia,Direct Sales,A002,Control Unit Module,Electronics,Autonomous,780,7,0.06,5132.4,2940,2192.4,76,SME,Medical Distributors,109
O003660,2025-12-30,C0115,Customer 115,Indonesia,Direct Sales,A004,Robotics Motion Controller,Electronics,Autonomous,950,7,0.06,6251.0,3780,2471.0,63,Retail,Robotics,57
O003661,2024-07-23,C0103,Customer 103,Malaysia,Online,M002,Operating Table,Medical Equipment,Medical,18000,3,0.09,49140.0,33000,16140.0,59,Retail,Medical Distributors,35
O003662,2024-12-24,C0211,Customer 211,Thailand,Retail,M003,Anesthesia Machine,Medical Equipment,Medical,25000,3,0.09,68250.0,45000,23250.0,60,SME,Hospital Systems,74
O003663,2024-05-27,C0005,Customer 005,Indonesia,Direct Sales,S004,Smart Lock Control Board,IoT Devices,Smart Devices,140,5,0.11,623.0,350,273.0,76,SME,Technology,72
O003664,2023-06-26,C0116,Customer 116,Thailand,Distributor,M002,Operating Table,Medical Equipment,Medical,18000,2,0.04,34560.0,22000,12560.0,50,SME,Hospital Systems,87
O003665,2023-11-25,C0173,Customer 173,Malaysia,Distributor,S001,Smart Home Controller,IoT Devices,Smart Devices,180,8,0.04,1382.4,720,662.4,87,Retail,Hospital Systems,69
O003666,2024-12-20,C0180,Customer 180,Thailand,Online,M001,Surgical Light System,Medical Equipment,Medical,12000,1,0.17,9960.0,7000,2960.0,66,Enterprise,Industrial Automation,1
O003667,2025-06-04,C0134,Customer 134,Thailand,Retail,M002,Operating Table,Medical Equipment,Medical,18000,2,0.1,32400.0,22000,10400.0,63,Enterprise,Industrial Automation,28
O003668,2024-01-25,C0073,Customer 073,Malaysia,Retail,S002,Drone Navigation Module,IoT Devices,Smart Devices,320,8,0.1,2304.0,1360,944.0,75,SME,Consumer Electronics,142
O003669,2023-05-18,C0005,Customer 005,Indonesia,Distributor,S004,Smart Lock Control Board,IoT Devices,Smart Devices,140,9,0.11,1121.4,630,491.4,76,SME,Technology,72
O003670,2025-10-09,C0173,Customer 173,Malaysia,Retail,S001,Smart Home Controller,IoT Devices,Smart Devices,180,11,0.03,1920.6,990,930.6,87,Retail,Hospital Systems,69
O003671,2025-01-25,C0042,Customer 042,Indonesia,Direct Sales,M004,Patient Monitoring Module,Medical Equipment,Medical,8500,1,0.08,7820.0,5000,2820.0,28,Enterprise,Technology,139
O003672,2024-01-21,C0053,Customer 053,Thailand,Online,M001,Surgical Light System,Medical Equipment,Medical,12000,3,0.08,33120.0,21000,12120.0,75,Enterprise,Hospital Systems,139
O003673,2025-02-01,C0090,Customer 090,China,Online,S003,Wireless Sensor Node,IoT Devices,Smart Devices,95,6,0.07,530.1,270,260.1,71,Enterprise,Smart Home,33
O003674,2023-01-16,C0200,Customer 200,China,Retail,A002,Control Unit Module,Electronics,Autonomous,780,1,0.03,756.6,420,336.6,10,Retail,Automotive OEM,121
O003675,2023-07-16,C0163,Customer 163,Malaysia,Direct Sales,S002,Drone Navigation Module,IoT Devices,Smart Devices,320,10,0.08,2944.0,1700,1244.0,21,Enterprise,Medical Distributors,1
O003676,2025-08-27,C0067,Customer 067,Singapore,Online,A004,Robotics Motion Controller,Electronics,Autonomous,950,1,0.03,921.5,540,381.5,35,Retail,Automotive OEM,73
O003677,2023-03-08,C0125,Customer 125,Malaysia,Online,S003,Wireless Sensor Node,IoT Devices,Smart Devices,95,12,0.02,1117.2,540,577.2,31,Retail,Automotive OEM,33
O003678,2025-05-21,C0137,Customer 137,China,Direct Sales,A001,Advanced PCB Board,Electronics,Autonomous,450,5,0.09,2047.5,1250,797.5,42,SME,Smart Home,63
O003679,2023-04-23,C0211,Customer 211,Thailand,Distributor,A001,Advanced PCB Board,Electronics,Autonomous,450,2,0.12,792.0,500,292.0,60,SME,Hospital Systems,74
O003680,2025-02-16,C0102,Customer 102,Malaysia,Online,M003,Anesthesia Machine,Medical Equipment,Medical,25000,2,0.05,47500.0,30000,17500.0,7,Retail,Technology,143
O003681,2025-04-23,C0103,Customer 103,Malaysia,Online,M002,Operating Table,Medical Equipment,Medical,18000,1,0.04,17280.0,11000,6280.0,59,Retail,Medical Distributors,35
O003682,2024-09-23,C0089,Customer 089,Singapore,Online,S004,Smart Lock Control Board,IoT Devices,Smart Devices,140,7,0.07,911.4,490,421.4,65,SME,Smart Home,80
O003683,2023-02-23,C0023,Customer 023,Malaysia,Online,A001,Advanced PCB Board,Electronics,Autonomous,450,5,0.03,2182.5,1250,932.5,7,SME,Medical Distributors,29
O003684,2023-07-10,C0162,Customer 162,Malaysia,Direct Sales,M003,Anesthesia Machine,Medical Equipment,Medical,25000,2,0.06,47000.0,30000,17000.0,85,SME,Smart Home,21
O003685,2023-07-14,C0196,Customer 196,Thailand,Online,A001,Advanced PCB Board,Electronics,Autonomous,450,3,0.05,1282.5,750,532.5,50,SME,Industrial Automation,170
O003686,2023-09-11,C0140,Customer 140,China,Distributor,M003,Anesthesia Machine,Medical Equipment,Medical,25000,2,0.07,46500.0,30000,16500.0,63,Retail,Automotive OEM,55
O003687,2023-06-11,C0020,Customer 020,China,Direct Sales,M004,Patient Monitoring Module,Medical Equipment,Medical,8500,2,0.05,16150.0,10000,6150.0,19,SME,Technology,68
O003688,2023-06-13,C0217,Customer 217,Indonesia,Online,S004,Smart Lock Control Board,IoT Devices,Smart Devices,140,10,0.07,1302.0,700,602.0,78,Retail,Hospital Systems,128
O003689,2024-09-01,C0129,Customer 129,Indonesia,Retail,M002,Operating Table,Medical Equipment,Medical,18000,2,0.16,30240.0,22000,8240.0,74,Enterprise,Smart Home,174
O003690,2023-03-25,C0045,Customer 045,Thailand,Retail,A001,Advanced PCB Board,Electronics,Autonomous,450,3,0.03,1309.5,750,559.5,94,SME,Technology,14
O003691,2024-11-13,C0204,Customer 204,Malaysia,Direct Sales,A001,Advanced PCB Board,Electronics,Autonomous,450,3,0.03,1309.5,750,559.5,30,SME,Smart Home,24
O003692,2023-07-13,C0212,Customer 212,Indonesia,Direct Sales,S002,Drone Navigation Module,IoT Devices,Smart Devices,320,9,0.04,2764.8,1530,1234.8,45,Enterprise,Technology,151
O003693,2025-09-03,C0215,Customer 215,Singapore,Retail,M001,Surgical Light System,Medical Equipment,Medical,12000,3,0.16,30240.0,21000,9240.0,74,Enterprise,Consumer Electronics,76
O003694,2025-04-11,C0116,Customer 116,Thailand,Direct Sales,S001,Smart Home Controller,IoT Devices,Smart Devices,180,4,0.05,684.0,360,324.0,50,SME,Hospital Systems,87
O003695,2024-05-22,C0189,Customer 189,Indonesia,Online,M002,Operating Table,Medical Equipment,Medical,18000,2,0.1,32400.0,22000,10400.0,77,Enterprise,Robotics,131
O003696,2023-08-01,C0108,Customer 108,Singapore,Direct Sales,S003,Wireless Sensor Node,IoT Devices,Smart Devices,95,9,0.07,795.15,405,390.15,35,SME,Robotics,86
O003697,2023-09-17,C0134,Customer 134,Thailand,Distributor,M003,Anesthesia Machine,Medical Equipment,Medical,25000,1,0.18,20500.0,15000,5500.0,63,Enterprise,Industrial Automation,28
O003698,2023-01-11,C0149,Customer 149,Indonesia,Online,S003,Wireless Sensor Node,IoT Devices,Smart Devices,95,10,0.05,902.5,450,452.5,25,Retail,Automotive OEM,56
O003699,2024-01-20,C0055,Customer 055,China,Distributor,A004,Robotics Motion Controller,Electronics,Autonomous,950,3,0.06,2679.0,1620,1059.0,8,SME,Automotive OEM,131
O003700,2024-03-08,C0201,Customer 201,Thailand,Retail,S002,Drone Navigation Module,IoT Devices,Smart Devices,320,5,0.05,1520.0,850,670.0,84,Enterprise,Industrial Automation,21
O003701,2025-12-16,C0086,Customer 086,Indonesia,Online,A001,Advanced PCB Board,Electronics,Autonomous,450,3,0.03,1309.5,750,559.5,33,Enterprise,Robotics,12
O003702,2025-04-22,C0093,Customer 093,Thailand,Online,S002,Drone Navigation Module,IoT Devices,Smart Devices,320,7,0.05,2128.0,1190,938.0,75,Enterprise,Industrial Automation,156
O003703,2023-09-13,C0141,Customer 141,Thailand,Retail,S004,Smart Lock Control Board,IoT Devices,Smart Devices,140,12,0.02,1646.4,840,806.4,36,Retail,Consumer Electronics,153
O003704,2025-10-16,C0109,Customer 109,Thailand,Direct Sales,M001,Surgical Light System,Medical Equipment,Medical,12000,2,0.06,22560.0,14000,8560.0,18,Retail,Medical Distributors,39
O003705,2024-01-27,C0132,Customer 132,Singapore,Online,S004,Smart Lock Control Board,IoT Devices,Smart Devices,140,6,0.06,789.6,420,369.6,45,Retail,Hospital Systems,137
O003706,2024-01-13,C0075,Customer 075,Singapore,Direct Sales,S003,Wireless Sensor Node,IoT Devices,Smart Devices,95,8,0.08,699.2,360,339.2,88,Retail,Robotics,64
O003707,2024-05-24,C0074,Customer 074,Malaysia,Direct Sales,M003,Anesthesia Machine,Medical Equipment,Medical,25000,5,0.05,118750.0,75000,43750.0,40,SME,Hospital Systems,94
O003708,2024-05-26,C0066,Customer 066,Thailand,Direct Sales,S004,Smart Lock Control Board,IoT Devices,Smart Devices,140,9,0.06,1184.4,630,554.4,18,Retail,Medical Distributors,68
O003709,2025-03-19,C0074,Customer 074,Malaysia,Distributor,M003,Anesthesia Machine,Medical Equipment,Medical,25000,3,0.05,71250.0,45000,26250.0,40,SME,Hospital Systems,94
O003710,2023-08-19,C0005,Customer 005,Indonesia,Direct Sales,S002,Drone Navigation Module,IoT Devices,Smart Devices,320,12,0.09,3494.4,2040,1454.4,76,SME,Technology,72
O003711,2023-08-15,C0090,Customer 090,China,Direct Sales,S004,Smart Lock Control Board,IoT Devices,Smart Devices,140,8,0.07,1041.6,560,481.6,71,Enterprise,Smart Home,33
O003712,2024-11-30,C0034,Customer 034,Singapore,Retail,M004,Patient Monitoring Module,Medical Equipment,Medical,8500,2,0.04,16320.0,10000,6320.0,17,Retail,Automotive OEM,169
O003713,2023-09-10,C0013,Customer 013,China,Online,A002,Control Unit Module,Electronics,Autonomous,780,3,0.1,2106.0,1260,846.0,21,Enterprise,Consumer Electronics,95
O003714,2025-02-14,C0195,Customer 195,Malaysia,Online,S003,Wireless Sensor Node,IoT Devices,Smart Devices,95,10,0.07,883.5,450,433.5,53,SME,Robotics,12
O003715,2024-02-17,C0141,Customer 141,Thailand,Distributor,S003,Wireless Sensor Node,IoT Devices,Smart Devices,95,7,0.02,651.7,315,336.7,36,Retail,Consumer Electronics,153
O003716,2024-12-24,C0113,Customer 113,Singapore,Distributor,M004,Patient Monitoring Module,Medical Equipment,Medical,8500,3,0.06,23970.0,15000,8970.0,62,Retail,Industrial Automation,2
O003717,2024-07-14,C0192,Customer 192,Indonesia,Direct Sales,A003,Sensor Processing Unit,Electronics,Autonomous,620,5,0.04,2976.0,1750,1226.0,20,SME,Technology,115
O003718,2025-06-06,C0019,Customer 019,Malaysia,Distributor,A004,Robotics Motion Controller,Electronics,Autonomous,950,9,0.06,8037.0,4860,3177.0,28,Retail,Consumer Electronics,168
O003719,2023-05-03,C0117,Customer 117,China,Retail,S004,Smart Lock Control Board,IoT Devices,Smart Devices,140,7,0.08,901.6,490,411.6,17,SME,Technology,160
O003720,2024-02-22,C0060,Customer 060,Thailand,Direct Sales,A003,Sensor Processing Unit,Electronics,Autonomous,620,4,0.09,2256.8,1400,856.8,17,Enterprise,Industrial Automation,172
O003721,2023-10-16,C0053,Customer 053,Thailand,Online,A001,Advanced PCB Board,Electronics,Autonomous,450,6,0.03,2619.0,1500,1119.0,75,Enterprise,Hospital Systems,139
O003722,2023-01-29,C0139,Customer 139,Indonesia,Direct Sales,A004,Robotics Motion Controller,Electronics,Autonomous,950,6,0.07,5301.0,3240,2061.0,44,SME,Industrial Automation,8
O003723,2024-12-13,C0089,Customer 089,Singapore,Distributor,A001,Advanced PCB Board,Electronics,Autonomous,450,6,0.09,2457.0,1500,957.0,65,SME,Smart Home,80
O003724,2024-07-18,C0218,Customer 218,Thailand,Retail,A004,Robotics Motion Controller,Electronics,Autonomous,950,4,0.04,3648.0,2160,1488.0,78,Retail,Robotics,91
O003725,2025-09-10,C0185,Customer 185,Thailand,Retail,M004,Patient Monitoring Module,Medical Equipment,Medical,8500,3,0.09,23205.0,15000,8205.0,12,SME,Industrial Automation,58
O003726,2023-02-05,C0126,Customer 126,China,Retail,M004,Patient Monitoring Module,Medical Equipment,Medical,8500,1,0.06,7990.0,5000,2990.0,60,SME,Robotics,180
O003727,2025-11-09,C0015,Customer 015,Singapore,Distributor,S003,Wireless Sensor Node,IoT Devices,Smart Devices,95,6,0.04,547.2,270,277.2,69,SME,Automotive OEM,63
O003728,2025-01-29,C0166,Customer 166,Singapore,Online,S001,Smart Home Controller,IoT Devices,Smart Devices,180,9,0.09,1474.2,810,664.2,81,SME,Smart Home,151
O003729,2024-07-10,C0067,Customer 067,Singapore,Online,S003,Wireless Sensor Node,IoT Devices,Smart Devices,95,10,0.06,893.0,450,443.0,35,Retail,Automotive OEM,73
O003730,2023-02-11,C0090,Customer 090,China,Direct Sales,M002,Operating Table,Medical Equipment,Medical,18000,2,0.1,32400.0,22000,10400.0,71,Enterprise,Smart Home,33
O003731,2024-08-02,C0025,Customer 025,China,Distributor,A001,Advanced PCB Board,Electronics,Autonomous,450,6,0.13,2349.0,1500,849.0,68,SME,Technology,65
O003732,2025-12-21,C0020,Customer 020,China,Retail,M003,Anesthesia Machine,Medical Equipment,Medical,25000,2,0.1,45000.0,30000,15000.0,19,SME,Technology,68
O003733,2023-01-07,C0026,Customer 026,Indonesia,Direct Sales,M003,Anesthesia Machine,Medical Equipment,Medical,25000,3,0.05,71250.0,45000,26250.0,88,Retail,Hospital Systems,30
O003734,2025-05-09,C0186,Customer 186,Singapore,Online,S002,Drone Navigation Module,IoT Devices,Smart Devices,320,9,0.03,2793.6,1530,1263.6,83,SME,Medical Distributors,40
O003735,2024-02-01,C0068,Customer 068,Indonesia,Direct Sales,M003,Anesthesia Machine,Medical Equipment,Medical,25000,2,0.15,42500.0,30000,12500.0,27,Enterprise,Consumer Electronics,176
O003736,2025-05-20,C0036,Customer 036,Indonesia,Online,A001,Advanced PCB Board,Electronics,Autonomous,450,10,0.07,4185.0,2500,1685.0,70,SME,Robotics,177
O003737,2025-04-03,C0015,Customer 015,Singapore,Online,S003,Wireless Sensor Node,IoT Devices,Smart Devices,95,9,0.04,820.8,405,415.8,69,SME,Automotive OEM,63
O003738,2025-08-24,C0093,Customer 093,Thailand,Distributor,S002,Drone Navigation Module,IoT Devices,Smart Devices,320,7,0.11,1993.6,1190,803.6,75,Enterprise,Industrial Automation,156
O003739,2024-10-27,C0120,Customer 120,Malaysia,Online,M001,Surgical Light System,Medical Equipment,Medical,12000,1,0.12,10560.0,7000,3560.0,42,Enterprise,Industrial Automation,55
O003740,2024-05-08,C0020,Customer 020,China,Online,S001,Smart Home Controller,IoT Devices,Smart Devices,180,11,0.07,1841.4,990,851.4,19,SME,Technology,68
O003741,2025-06-01,C0108,Customer 108,Singapore,Direct Sales,S001,Smart Home Controller,IoT Devices,Smart Devices,180,8,0.09,1310.4,720,590.4,35,SME,Robotics,86
O003742,2023-07-31,C0159,Customer 159,Indonesia,Distributor,S002,Drone Navigation Module,IoT Devices,Smart Devices,320,8,0.02,2508.8,1360,1148.8,67,Retail,Robotics,98
O003743,2023-03-31,C0194,Customer 194,China,Retail,M004,Patient Monitoring Module,Medical Equipment,Medical,8500,2,0.06,15980.0,10000,5980.0,25,SME,Consumer Electronics,179
O003744,2023-05-29,C0107,Customer 107,Indonesia,Retail,M002,Operating Table,Medical Equipment,Medical,18000,3,0.08,49680.0,33000,16680.0,36,SME,Robotics,113
O003745,2024-03-28,C0170,Customer 170,China,Distributor,S004,Smart Lock Control Board,IoT Devices,Smart Devices,140,6,0.05,798.0,420,378.0,35,SME,Industrial Automation,129
O003746,2023-07-18,C0036,Customer 036,Indonesia,Online,M001,Surgical Light System,Medical Equipment,Medical,12000,1,0.03,11640.0,7000,4640.0,70,SME,Robotics,177
O003747,2025-04-17,C0072,Customer 072,Indonesia,Online,M002,Operating Table,Medical Equipment,Medical,18000,3,0.08,49680.0,33000,16680.0,15,SME,Hospital Systems,20
O003748,2025-07-10,C0075,Customer 075,Singapore,Direct Sales,M004,Patient Monitoring Module,Medical Equipment,Medical,8500,2,0.05,16150.0,10000,6150.0,88,Retail,Robotics,64
O003749,2024-04-29,C0179,Customer 179,Indonesia,Direct Sales,S002,Drone Navigation Module,IoT Devices,Smart Devices,320,8,0.04,2457.6,1360,1097.6,41,Enterprise,Medical Distributors,65
O003750,2024-05-27,C0026,Customer 026,Indonesia,Distributor,S002,Drone Navigation Module,IoT Devices,Smart Devices,320,11,0.0,3520.0,1870,1650.0,88,Retail,Hospital Systems,30
O003751,2024-07-21,C0112,Customer 112,China,Distributor,S001,Smart Home Controller,IoT Devices,Smart Devices,180,10,0.09,1638.0,900,738.0,50,Enterprise,Industrial Automation,150
O003752,2023-01-14,C0117,Customer 117,China,Distributor,A004,Robotics Motion Controller,Electronics,Autonomous,950,5,0.13,4132.5,2700,1432.5,17,SME,Technology,160
O003753,2024-11-08,C0129,Customer 129,Indonesia,Direct Sales,M002,Operating Table,Medical Equipment,Medical,18000,2,0.13,31320.0,22000,9320.0,74,Enterprise,Smart Home,174
O003754,2024-04-14,C0141,Customer 141,Thailand,Online,S002,Drone Navigation Module,IoT Devices,Smart Devices,320,6,0.0,1920.0,1020,900.0,36,Retail,Consumer Electronics,153
O003755,2024-12-15,C0129,Customer 129,Indonesia,Retail,A002,Control Unit Module,Electronics,Autonomous,780,5,0.06,3666.0,2100,1566.0,74,Enterprise,Smart Home,174
O003756,2023-12-03,C0094,Customer 094,Thailand,Direct Sales,M001,Surgical Light System,Medical Equipment,Medical,12000,2,0.1,21600.0,14000,7600.0,87,SME,Technology,55
O003757,2023-02-13,C0212,Customer 212,Indonesia,Online,S003,Wireless Sensor Node,IoT Devices,Smart Devices,95,12,0.05,1083.0,540,543.0,45,Enterprise,Technology,151
O003758,2023-11-18,C0020,Customer 020,China,Direct Sales,M004,Patient Monitoring Module,Medical Equipment,Medical,8500,3,0.08,23460.0,15000,8460.0,19,SME,Technology,68
O003759,2024-02-06,C0210,Customer 210,Malaysia,Distributor,M004,Patient Monitoring Module,Medical Equipment,Medical,8500,1,0.04,8160.0,5000,3160.0,30,SME,Automotive OEM,119
O003760,2025-08-01,C0054,Customer 054,Singapore,Retail,M001,Surgical Light System,Medical Equipment,Medical,12000,2,0.05,22800.0,14000,8800.0,7,SME,Hospital Systems,150
O003761,2023-10-03,C0198,Customer 198,Indonesia,Direct Sales,M001,Surgical Light System,Medical Equipment,Medical,12000,2,0.15,20400.0,14000,6400.0,57,Enterprise,Medical Distributors,26
O003762,2024-02-23,C0015,Customer 015,Singapore,Online,A002,Control Unit Module,Electronics,Autonomous,780,2,0.09,1419.6,840,579.6,69,SME,Automotive OEM,63
O003763,2025-06-03,C0131,Customer 131,Malaysia,Direct Sales,M003,Anesthesia Machine,Medical Equipment,Medical,25000,2,0.16,42000.0,30000,12000.0,88,Enterprise,Smart Home,154
O003764,2023-11-22,C0006,Customer 006,Singapore,Retail,A004,Robotics Motion Controller,Electronics,Autonomous,950,8,0.02,7448.0,4320,3128.0,90,Retail,Automotive OEM,109
O003765,2025-02-06,C0117,Customer 117,China,Distributor,M001,Surgical Light System,Medical Equipment,Medical,12000,2,0.08,22080.0,14000,8080.0,17,SME,Technology,160
O003766,2025-05-10,C0116,Customer 116,Thailand,Direct Sales,M002,Operating Table,Medical Equipment,Medical,18000,1,0.08,16560.0,11000,5560.0,50,SME,Hospital Systems,87
O003767,2024-03-09,C0061,Customer 061,Thailand,Distributor,M002,Operating Table,Medical Equipment,Medical,18000,3,0.06,50760.0,33000,17760.0,2,SME,Medical Distributors,118
O003768,2025-06-09,C0204,Customer 204,Malaysia,Distributor,M004,Patient Monitoring Module,Medical Equipment,Medical,8500,1,0.05,8075.0,5000,3075.0,30,SME,Smart Home,24
O003769,2025-12-01,C0155,Customer 155,China,Online,S004,Smart Lock Control Board,IoT Devices,Smart Devices,140,5,0.11,623.0,350,273.0,33,Enterprise,Hospital Systems,123
O003770,2023-11-19,C0183,Customer 183,Singapore,Distributor,S002,Drone Navigation Module,IoT Devices,Smart Devices,320,8,0.12,2252.8,1360,892.8,37,Enterprise,Automotive OEM,113
O003771,2025-05-20,C0091,Customer 091,Malaysia,Retail,M003,Anesthesia Machine,Medical Equipment,Medical,25000,2,0.05,47500.0,30000,17500.0,87,SME,Industrial Automation,45
O003772,2024-06-16,C0203,Customer 203,China,Distributor,S002,Drone Navigation Module,IoT Devices,Smart Devices,320,9,0.07,2678.4,1530,1148.4,80,Retail,Hospital Systems,18
O003773,2023-02-11,C0135,Customer 135,China,Retail,M004,Patient Monitoring Module,Medical Equipment,Medical,8500,2,0.05,16150.0,10000,6150.0,91,Retail,Technology,40
O003774,2025-08-10,C0133,Customer 133,China,Direct Sales,M002,Operating Table,Medical Equipment,Medical,18000,1,0.09,16380.0,11000,5380.0,65,SME,Medical Distributors,166
O003775,2023-09-17,C0009,Customer 009,Thailand,Distributor,M001,Surgical Light System,Medical Equipment,Medical,12000,3,0.08,33120.0,21000,12120.0,69,Retail,Technology,32
O003776,2025-12-28,C0195,Customer 195,Malaysia,Retail,M002,Operating Table,Medical Equipment,Medical,18000,1,0.06,16920.0,11000,5920.0,53,SME,Robotics,12
O003777,2023-10-04,C0029,Customer 029,Indonesia,Distributor,M001,Surgical Light System,Medical Equipment,Medical,12000,1,0.07,11160.0,7000,4160.0,81,Retail,Medical Distributors,77
O003778,2024-04-19,C0153,Customer 153,Thailand,Distributor,M003,Anesthesia Machine,Medical Equipment,Medical,25000,2,0.09,45500.0,30000,15500.0,82,SME,Automotive OEM,126
O003779,2025-11-07,C0206,Customer 206,Thailand,Direct Sales,S002,Drone Navigation Module,IoT Devices,Smart Devices,320,8,0.02,2508.8,1360,1148.8,42,Retail,Hospital Systems,15
O003780,2023-06-21,C0070,Customer 070,China,Direct Sales,A002,Control Unit Module,Electronics,Autonomous,780,3,0.04,2246.4,1260,986.4,1,Retail,Hospital Systems,86
O003781,2024-11-11,C0167,Customer 167,Malaysia,Distributor,S001,Smart Home Controller,IoT Devices,Smart Devices,180,9,0.1,1458.0,810,648.0,83,SME,Robotics,39
O003782,2023-04-01,C0199,Customer 199,Indonesia,Retail,A003,Sensor Processing Unit,Electronics,Autonomous,620,1,0.09,564.2,350,214.2,93,Retail,Hospital Systems,37
O003783,2024-02-25,C0056,Customer 056,Singapore,Distributor,M003,Anesthesia Machine,Medical Equipment,Medical,25000,2,0.08,46000.0,30000,16000.0,77,Retail,Medical Distributors,18
O003784,2023-07-03,C0184,Customer 184,China,Distributor,S001,Smart Home Controller,IoT Devices,Smart Devices,180,7,0.09,1146.6,630,516.6,91,Enterprise,Robotics,41
O003785,2023-05-27,C0017,Customer 017,Indonesia,Direct Sales,A003,Sensor Processing Unit,Electronics,Autonomous,620,8,0.08,4563.2,2800,1763.2,8,Enterprise,Consumer Electronics,59
O003786,2024-10-21,C0217,Customer 217,Indonesia,Distributor,A004,Robotics Motion Controller,Electronics,Autonomous,950,4,0.12,3344.0,2160,1184.0,78,Retail,Hospital Systems,128
O003787,2024-11-22,C0124,Customer 124,Singapore,Direct Sales,M001,Surgical Light System,Medical Equipment,Medical,12000,3,0.08,33120.0,21000,12120.0,4,Retail,Hospital Systems,64
O003788,2023-02-25,C0105,Customer 105,Indonesia,Direct Sales,S003,Wireless Sensor Node,IoT Devices,Smart Devices,95,8,0.11,676.4,360,316.4,21,SME,Technology,122
O003789,2023-03-04,C0080,Customer 080,China,Online,M002,Operating Table,Medical Equipment,Medical,18000,3,0.1,48600.0,33000,15600.0,45,Enterprise,Technology,79
O003790,2023-06-16,C0054,Customer 054,Singapore,Distributor,M002,Operating Table,Medical Equipment,Medical,18000,2,0.06,33840.0,22000,11840.0,7,SME,Hospital Systems,150
O003791,2023-07-21,C0049,Customer 049,Indonesia,Online,A004,Robotics Motion Controller,Electronics,Autonomous,950,7,0.02,6517.0,3780,2737.0,12,Enterprise,Hospital Systems,61
O003792,2023-02-22,C0137,Customer 137,China,Distributor,S004,Smart Lock Control Board,IoT Devices,Smart Devices,140,5,0.12,616.0,350,266.0,42,SME,Smart Home,63
O003793,2024-10-02,C0024,Customer 024,Malaysia,Direct Sales,A003,Sensor Processing Unit,Electronics,Autonomous,620,7,0.08,3992.8,2450,1542.8,77,SME,Industrial Automation,17
O003794,2025-10-29,C0197,Customer 197,Malaysia,Online,S003,Wireless Sensor Node,IoT Devices,Smart Devices,95,7,0.1,598.5,315,283.5,17,SME,Hospital Systems,129
O003795,2024-06-18,C0029,Customer 029,Indonesia,Direct Sales,M003,Anesthesia Machine,Medical Equipment,Medical,25000,2,0.07,46500.0,30000,16500.0,81,Retail,Medical Distributors,77
O003796,2023-10-30,C0145,Customer 145,Malaysia,Retail,S002,Drone Navigation Module,IoT Devices,Smart Devices,320,7,0.06,2105.6,1190,915.6,40,SME,Robotics,170
O003797,2025-12-05,C0086,Customer 086,Indonesia,Distributor,M002,Operating Table,Medical Equipment,Medical,18000,2,0.1,32400.0,22000,10400.0,33,Enterprise,Robotics,12
O003798,2024-08-14,C0154,Customer 154,Singapore,Direct Sales,S001,Smart Home Controller,IoT Devices,Smart Devices,180,6,0.03,1047.6,540,507.6,61,Retail,Smart Home,123
O003799,2025-08-18,C0006,Customer 006,Singapore,Retail,M001,Surgical Light System,Medical Equipment,Medical,12000,1,0.06,11280.0,7000,4280.0,90,Retail,Automotive OEM,109
O003800,2023-04-01,C0139,Customer 139,Indonesia,Direct Sales,S002,Drone Navigation Module,IoT Devices,Smart Devices,320,9,0.03,2793.6,1530,1263.6,44,SME,Industrial Automation,8
O003801,2024-06-19,C0129,Customer 129,Indonesia,Retail,M004,Patient Monitoring Module,Medical Equipment,Medical,8500,2,0.11,15130.0,10000,5130.0,74,Enterprise,Smart Home,174
O003802,2024-11-30,C0202,Customer 202,Thailand,Online,M002,Operating Table,Medical Equipment,Medical,18000,2,0.08,33120.0,22000,11120.0,41,Retail,Industrial Automation,161
O003803,2024-07-17,C0197,Customer 197,Malaysia,Distributor,S001,Smart Home Controller,IoT Devices,Smart Devices,180,5,0.07,837.0,450,387.0,17,SME,Hospital Systems,129
O003804,2023-09-09,C0115,Customer 115,Indonesia,Retail,M004,Patient Monitoring Module,Medical Equipment,Medical,8500,2,0.04,16320.0,10000,6320.0,63,Retail,Robotics,57
O003805,2024-07-05,C0189,Customer 189,Indonesia,Distributor,S001,Smart Home Controller,IoT Devices,Smart Devices,180,7,0.12,1108.8,630,478.8,77,Enterprise,Robotics,131
O003806,2025-01-26,C0105,Customer 105,Indonesia,Direct Sales,S003,Wireless Sensor Node,IoT Devices,Smart Devices,95,6,0.06,535.8,270,265.8,21,SME,Technology,122
O003807,2023-12-15,C0179,Customer 179,Indonesia,Retail,S002,Drone Navigation Module,IoT Devices,Smart Devices,320,12,0.1,3456.0,2040,1416.0,41,Enterprise,Medical Distributors,65
O003808,2023-03-22,C0212,Customer 212,Indonesia,Retail,S003,Wireless Sensor Node,IoT Devices,Smart Devices,95,5,0.03,460.75,225,235.75,45,Enterprise,Technology,151
O003809,2024-03-01,C0014,Customer 014,Thailand,Retail,M004,Patient Monitoring Module,Medical Equipment,Medical,8500,2,0.14,14620.0,10000,4620.0,90,Enterprise,Smart Home,175
O003810,2025-07-31,C0109,Customer 109,Thailand,Online,S002,Drone Navigation Module,IoT Devices,Smart Devices,320,7,0.06,2105.6,1190,915.6,18,Retail,Medical Distributors,39
O003811,2023-02-04,C0070,Customer 070,China,Distributor,S002,Drone Navigation Module,IoT Devices,Smart Devices,320,10,0.01,3168.0,1700,1468.0,1,Retail,Hospital Systems,86
O003812,2023-05-05,C0210,Customer 210,Malaysia,Direct Sales,A001,Advanced PCB Board,Electronics,Autonomous,450,4,0.09,1638.0,1000,638.0,30,SME,Automotive OEM,119
O003813,2025-03-13,C0089,Customer 089,Singapore,Direct Sales,A001,Advanced PCB Board,Electronics,Autonomous,450,9,0.09,3685.5,2250,1435.5,65,SME,Smart Home,80
O003814,2025-12-19,C0208,Customer 208,Indonesia,Direct Sales,S004,Smart Lock Control Board,IoT Devices,Smart Devices,140,4,0.05,532.0,280,252.0,22,SME,Automotive OEM,45
O003815,2024-06-13,C0057,Customer 057,Malaysia,Distributor,S003,Wireless Sensor Node,IoT Devices,Smart Devices,95,9,0.08,786.6,405,381.6,75,SME,Robotics,153
O003816,2025-08-28,C0055,Customer 055,China,Distributor,A004,Robotics Motion Controller,Electronics,Autonomous,950,3,0.1,2565.0,1620,945.0,8,SME,Automotive OEM,131
O003817,2025-02-13,C0175,Customer 175,China,Distributor,S004,Smart Lock Control Board,IoT Devices,Smart Devices,140,13,0.04,1747.2,910,837.2,75,Retail,Automotive OEM,112
O003818,2023-05-12,C0028,Customer 028,China,Online,A003,Sensor Processing Unit,Electronics,Autonomous,620,8,0.04,4761.6,2800,1961.6,93,Enterprise,Hospital Systems,68
O003819,2023-05-15,C0014,Customer 014,Thailand,Retail,M003,Anesthesia Machine,Medical Equipment,Medical,25000,2,0.14,43000.0,30000,13000.0,90,Enterprise,Smart Home,175
O003820,2024-08-27,C0057,Customer 057,Malaysia,Distributor,S004,Smart Lock Control Board,IoT Devices,Smart Devices,140,7,0.08,901.6,490,411.6,75,SME,Robotics,153
O003821,2024-09-21,C0050,Customer 050,Malaysia,Online,A003,Sensor Processing Unit,Electronics,Autonomous,620,4,0.03,2405.6,1400,1005.6,28,SME,Technology,103
O003822,2024-05-12,C0090,Customer 090,China,Distributor,A003,Sensor Processing Unit,Electronics,Autonomous,620,2,0.09,1128.4,700,428.4,71,Enterprise,Smart Home,33
O003823,2025-12-18,C0045,Customer 045,Thailand,Distributor,A003,Sensor Processing Unit,Electronics,Autonomous,620,5,0.06,2914.0,1750,1164.0,94,SME,Technology,14
O003824,2024-05-30,C0027,Customer 027,Indonesia,Retail,M002,Operating Table,Medical Equipment,Medical,18000,1,0.09,16380.0,11000,5380.0,15,Retail,Consumer Electronics,76
O003825,2025-03-10,C0098,Customer 098,Singapore,Retail,A001,Advanced PCB Board,Electronics,Autonomous,450,3,0.03,1309.5,750,559.5,79,Enterprise,Technology,19
O003826,2025-02-04,C0160,Customer 160,China,Direct Sales,A001,Advanced PCB Board,Electronics,Autonomous,450,2,0.03,873.0,500,373.0,76,Retail,Smart Home,110
O003827,2024-04-14,C0177,Customer 177,Thailand,Online,S004,Smart Lock Control Board,IoT Devices,Smart Devices,140,7,0.06,921.2,490,431.2,21,Enterprise,Medical Distributors,85
O003828,2024-01-18,C0091,Customer 091,Malaysia,Distributor,A001,Advanced PCB Board,Electronics,Autonomous,450,6,0.15,2295.0,1500,795.0,87,SME,Industrial Automation,45
O003829,2023-02-17,C0053,Customer 053,Thailand,Direct Sales,S003,Wireless Sensor Node,IoT Devices,Smart Devices,95,4,0.07,353.4,180,173.4,75,Enterprise,Hospital Systems,139
O003830,2024-09-22,C0143,Customer 143,China,Online,A003,Sensor Processing Unit,Electronics,Autonomous,620,4,0.09,2256.8,1400,856.8,89,SME,Robotics,122
O003831,2025-11-16,C0026,Customer 026,Indonesia,Direct Sales,S002,Drone Navigation Module,IoT Devices,Smart Devices,320,6,0.06,1804.8,1020,784.8,88,Retail,Hospital Systems,30
O003832,2023-08-12,C0216,Customer 216,Thailand,Distributor,A002,Control Unit Module,Electronics,Autonomous,780,7,0.11,4859.4,2940,1919.4,36,Enterprise,Industrial Automation,3
O003833,2025-10-22,C0133,Customer 133,China,Distributor,S001,Smart Home Controller,IoT Devices,Smart Devices,180,12,0.1,1944.0,1080,864.0,65,SME,Medical Distributors,166
O003834,2024-07-18,C0202,Customer 202,Thailand,Distributor,A002,Control Unit Module,Electronics,Autonomous,780,4,0.1,2808.0,1680,1128.0,41,Retail,Industrial Automation,161
O003835,2023-05-07,C0200,Customer 200,China,Online,S003,Wireless Sensor Node,IoT Devices,Smart Devices,95,11,0.0,1045.0,495,550.0,10,Retail,Automotive OEM,121
O003836,2023-04-28,C0031,Customer 031,Indonesia,Distributor,A001,Advanced PCB Board,Electronics,Autonomous,450,5,0.07,2092.5,1250,842.5,77,Retail,Hospital Systems,83
O003837,2024-03-18,C0142,Customer 142,Thailand,Online,M004,Patient Monitoring Module,Medical Equipment,Medical,8500,2,0.04,16320.0,10000,6320.0,11,SME,Robotics,62
O003838,2025-12-13,C0150,Customer 150,China,Online,A001,Advanced PCB Board,Electronics,Autonomous,450,5,0.09,2047.5,1250,797.5,13,Enterprise,Smart Home,50
O003839,2023-09-08,C0212,Customer 212,Indonesia,Distributor,A003,Sensor Processing Unit,Electronics,Autonomous,620,7,0.13,3775.8,2450,1325.8,45,Enterprise,Technology,151
O003840,2023-07-29,C0198,Customer 198,Indonesia,Direct Sales,M002,Operating Table,Medical Equipment,Medical,18000,1,0.15,15300.0,11000,4300.0,57,Enterprise,Medical Distributors,26
O003841,2025-07-20,C0165,Customer 165,Malaysia,Retail,S001,Smart Home Controller,IoT Devices,Smart Devices,180,6,0.09,982.8,540,442.8,90,Enterprise,Smart Home,117
O003842,2023-09-11,C0130,Customer 130,China,Direct Sales,S001,Smart Home Controller,IoT Devices,Smart Devices,180,6,0.08,993.6,540,453.6,10,SME,Robotics,152
O003843,2024-02-11,C0040,Customer 040,Malaysia,Direct Sales,M004,Patient Monitoring Module,Medical Equipment,Medical,8500,2,0.07,15810.0,10000,5810.0,10,SME,Hospital Systems,162
O003844,2024-02-10,C0139,Customer 139,Indonesia,Distributor,A004,Robotics Motion Controller,Electronics,Autonomous,950,6,0.06,5358.0,3240,2118.0,44,SME,Industrial Automation,8
O003845,2024-10-23,C0014,Customer 014,Thailand,Direct Sales,M004,Patient Monitoring Module,Medical Equipment,Medical,8500,2,0.17,14110.0,10000,4110.0,90,Enterprise,Smart Home,175
O003846,2023-03-13,C0103,Customer 103,Malaysia,Direct Sales,S004,Smart Lock Control Board,IoT Devices,Smart Devices,140,3,0.08,386.4,210,176.4,59,Retail,Medical Distributors,35
O003847,2025-10-31,C0070,Customer 070,China,Online,A004,Robotics Motion Controller,Electronics,Autonomous,950,3,0.1,2565.0,1620,945.0,1,Retail,Hospital Systems,86
O003848,2023-07-15,C0183,Customer 183,Singapore,Retail,A004,Robotics Motion Controller,Electronics,Autonomous,950,5,0.08,4370.0,2700,1670.0,37,Enterprise,Automotive OEM,113
O003849,2025-12-10,C0210,Customer 210,Malaysia,Direct Sales,M001,Surgical Light System,Medical Equipment,Medical,12000,1,0.09,10920.0,7000,3920.0,30,SME,Automotive OEM,119
O003850,2024-03-03,C0171,Customer 171,Indonesia,Direct Sales,M001,Surgical Light System,Medical Equipment,Medical,12000,3,0.07,33480.0,21000,12480.0,77,SME,Medical Distributors,11
O003851,2024-11-16,C0166,Customer 166,Singapore,Direct Sales,A003,Sensor Processing Unit,Electronics,Autonomous,620,7,0.06,4079.6,2450,1629.6,81,SME,Smart Home,151
O003852,2025-12-08,C0109,Customer 109,Thailand,Distributor,M001,Surgical Light System,Medical Equipment,Medical,12000,3,0.08,33120.0,21000,12120.0,18,Retail,Medical Distributors,39
O003853,2024-11-14,C0206,Customer 206,Thailand,Retail,A004,Robotics Motion Controller,Electronics,Autonomous,950,4,0.04,3648.0,2160,1488.0,42,Retail,Hospital Systems,15
O003854,2024-08-03,C0050,Customer 050,Malaysia,Direct Sales,S002,Drone Navigation Module,IoT Devices,Smart Devices,320,7,0.12,1971.2,1190,781.2,28,SME,Technology,103
O003855,2025-04-30,C0147,Customer 147,Thailand,Distributor,M001,Surgical Light System,Medical Equipment,Medical,12000,1,0.06,11280.0,7000,4280.0,35,SME,Technology,79
O003856,2024-12-09,C0193,Customer 193,Indonesia,Direct Sales,M003,Anesthesia Machine,Medical Equipment,Medical,25000,1,0.04,24000.0,15000,9000.0,71,SME,Consumer Electronics,140
O003857,2023-05-26,C0154,Customer 154,Singapore,Online,M002,Operating Table,Medical Equipment,Medical,18000,4,0.04,69120.0,44000,25120.0,61,Retail,Smart Home,123
O003858,2024-08-21,C0142,Customer 142,Thailand,Distributor,M004,Patient Monitoring Module,Medical Equipment,Medical,8500,4,0.06,31960.0,20000,11960.0,11,SME,Robotics,62
O003859,2025-09-04,C0060,Customer 060,Thailand,Direct Sales,A002,Control Unit Module,Electronics,Autonomous,780,5,0.07,3627.0,2100,1527.0,17,Enterprise,Industrial Automation,172
O003860,2025-04-14,C0184,Customer 184,China,Distributor,M004,Patient Monitoring Module,Medical Equipment,Medical,8500,2,0.16,14280.0,10000,4280.0,91,Enterprise,Robotics,41
O003861,2023-11-19,C0071,Customer 071,Malaysia,Distributor,M004,Patient Monitoring Module,Medical Equipment,Medical,8500,1,0.04,8160.0,5000,3160.0,21,SME,Smart Home,114
O003862,2025-07-13,C0132,Customer 132,Singapore,Online,A001,Advanced PCB Board,Electronics,Autonomous,450,2,0.05,855.0,500,355.0,45,Retail,Hospital Systems,137
O003863,2023-06-07,C0022,Customer 022,China,Online,M002,Operating Table,Medical Equipment,Medical,18000,2,0.1,32400.0,22000,10400.0,47,Retail,Industrial Automation,57
O003864,2024-08-25,C0023,Customer 023,Malaysia,Retail,M003,Anesthesia Machine,Medical Equipment,Medical,25000,4,0.1,90000.0,60000,30000.0,7,SME,Medical Distributors,29
O003865,2023-03-29,C0139,Customer 139,Indonesia,Direct Sales,A002,Control Unit Module,Electronics,Autonomous,780,1,0.08,717.6,420,297.6,44,SME,Industrial Automation,8
O003866,2024-11-22,C0145,Customer 145,Malaysia,Retail,M004,Patient Monitoring Module,Medical Equipment,Medical,8500,2,0.1,15300.0,10000,5300.0,40,SME,Robotics,170
O003867,2025-05-27,C0108,Customer 108,Singapore,Direct Sales,A003,Sensor Processing Unit,Electronics,Autonomous,620,3,0.06,1748.4,1050,698.4,35,SME,Robotics,86
O003868,2023-07-16,C0160,Customer 160,China,Distributor,M002,Operating Table,Medical Equipment,Medical,18000,2,0.06,33840.0,22000,11840.0,76,Retail,Smart Home,110
O003869,2023-02-06,C0038,Customer 038,Thailand,Distributor,M001,Surgical Light System,Medical Equipment,Medical,12000,1,0.09,10920.0,7000,3920.0,16,SME,Technology,64
O003870,2023-04-24,C0025,Customer 025,China,Distributor,S001,Smart Home Controller,IoT Devices,Smart Devices,180,7,0.06,1184.4,630,554.4,68,SME,Technology,65
O003871,2025-03-25,C0072,Customer 072,Indonesia,Direct Sales,S002,Drone Navigation Module,IoT Devices,Smart Devices,320,8,0.1,2304.0,1360,944.0,15,SME,Hospital Systems,20
O003872,2023-02-25,C0032,Customer 032,China,Distributor,A003,Sensor Processing Unit,Electronics,Autonomous,620,4,0.12,2182.4,1400,782.4,40,Enterprise,Consumer Electronics,62
O003873,2023-05-29,C0051,Customer 051,Singapore,Distributor,A002,Control Unit Module,Electronics,Autonomous,780,7,0.06,5132.4,2940,2192.4,50,Enterprise,Hospital Systems,68
O003874,2023-12-26,C0189,Customer 189,Indonesia,Online,M004,Patient Monitoring Module,Medical Equipment,Medical,8500,3,0.17,21165.0,15000,6165.0,77,Enterprise,Robotics,131
O003875,2024-12-29,C0030,Customer 030,Indonesia,Retail,M001,Surgical Light System,Medical Equipment,Medical,12000,3,0.07,33480.0,21000,12480.0,48,SME,Automotive OEM,42
O003876,2024-01-11,C0099,Customer 099,China,Direct Sales,A003,Sensor Processing Unit,Electronics,Autonomous,620,5,0.06,2914.0,1750,1164.0,92,SME,Robotics,179
O003877,2025-09-20,C0156,Customer 156,Singapore,Distributor,A003,Sensor Processing Unit,Electronics,Autonomous,620,6,0.11,3310.8,2100,1210.8,63,Retail,Industrial Automation,19
O003878,2025-12-10,C0199,Customer 199,Indonesia,Online,A001,Advanced PCB Board,Electronics,Autonomous,450,9,0.08,3726.0,2250,1476.0,93,Retail,Hospital Systems,37
O003879,2023-03-24,C0056,Customer 056,Singapore,Distributor,M002,Operating Table,Medical Equipment,Medical,18000,1,0.05,17100.0,11000,6100.0,77,Retail,Medical Distributors,18
O003880,2023-01-11,C0220,Customer 220,Malaysia,Retail,S001,Smart Home Controller,IoT Devices,Smart Devices,180,6,0.1,972.0,540,432.0,40,SME,Hospital Systems,113
O003881,2024-12-02,C0027,Customer 027,Indonesia,Distributor,A001,Advanced PCB Board,Electronics,Autonomous,450,10,0.1,4050.0,2500,1550.0,15,Retail,Consumer Electronics,76
O003882,2025-12-18,C0073,Customer 073,Malaysia,Retail,M003,Anesthesia Machine,Medical Equipment,Medical,25000,1,0.03,24250.0,15000,9250.0,75,SME,Consumer Electronics,142
O003883,2024-04-23,C0188,Customer 188,China,Online,S003,Wireless Sensor Node,IoT Devices,Smart Devices,95,4,0.05,361.0,180,181.0,32,Retail,Technology,117
O003884,2023-09-12,C0120,Customer 120,Malaysia,Direct Sales,M001,Surgical Light System,Medical Equipment,Medical,12000,2,0.15,20400.0,14000,6400.0,42,Enterprise,Industrial Automation,55
O003885,2025-07-13,C0031,Customer 031,Indonesia,Direct Sales,S004,Smart Lock Control Board,IoT Devices,Smart Devices,140,5,0.05,665.0,350,315.0,77,Retail,Hospital Systems,83
O003886,2023-04-08,C0037,Customer 037,Malaysia,Online,S001,Smart Home Controller,IoT Devices,Smart Devices,180,8,0.12,1267.2,720,547.2,86,SME,Industrial Automation,167
O003887,2023-05-13,C0091,Customer 091,Malaysia,Online,A001,Advanced PCB Board,Electronics,Autonomous,450,3,0.07,1255.5,750,505.5,87,SME,Industrial Automation,45
O003888,2023-02-02,C0010,Customer 010,China,Retail,S004,Smart Lock Control Board,IoT Devices,Smart Devices,140,6,0.12,739.2,420,319.2,81,Enterprise,Smart Home,159
O003889,2023-12-06,C0041,Customer 041,Singapore,Retail,A003,Sensor Processing Unit,Electronics,Autonomous,620,3,0.08,1711.2,1050,661.2,43,Enterprise,Hospital Systems,19
O003890,2025-02-08,C0167,Customer 167,Malaysia,Online,S003,Wireless Sensor Node,IoT Devices,Smart Devices,95,7,0.1,598.5,315,283.5,83,SME,Robotics,39
O003891,2025-07-23,C0144,Customer 144,China,Online,M002,Operating Table,Medical Equipment,Medical,18000,2,0.04,34560.0,22000,12560.0,12,SME,Hospital Systems,76
O003892,2025-01-19,C0165,Customer 165,Malaysia,Retail,S002,Drone Navigation Module,IoT Devices,Smart Devices,320,6,0.09,1747.2,1020,727.2,90,Enterprise,Smart Home,117
O003893,2024-05-23,C0092,Customer 092,Indonesia,Online,M003,Anesthesia Machine,Medical Equipment,Medical,25000,1,0.07,23250.0,15000,8250.0,71,SME,Industrial Automation,1
O003894,2024-08-25,C0180,Customer 180,Thailand,Online,M001,Surgical Light System,Medical Equipment,Medical,12000,2,0.14,20640.0,14000,6640.0,66,Enterprise,Industrial Automation,1
O003895,2024-02-03,C0057,Customer 057,Malaysia,Distributor,M003,Anesthesia Machine,Medical Equipment,Medical,25000,2,0.04,48000.0,30000,18000.0,75,SME,Robotics,153
O003896,2024-04-01,C0079,Customer 079,Malaysia,Distributor,A001,Advanced PCB Board,Electronics,Autonomous,450,9,0.13,3523.5,2250,1273.5,49,Enterprise,Medical Distributors,10
O003897,2025-05-30,C0042,Customer 042,Indonesia,Direct Sales,A003,Sensor Processing Unit,Electronics,Autonomous,620,8,0.05,4712.0,2800,1912.0,28,Enterprise,Technology,139
O003898,2023-02-17,C0026,Customer 026,Indonesia,Retail,S001,Smart Home Controller,IoT Devices,Smart Devices,180,6,0.01,1069.2,540,529.2,88,Retail,Hospital Systems,30
O003899,2023-08-30,C0119,Customer 119,Singapore,Retail,A004,Robotics Motion Controller,Electronics,Autonomous,950,4,0.1,3420.0,2160,1260.0,18,Enterprise,Industrial Automation,119
O003900,2023-03-04,C0087,Customer 087,China,Retail,S003,Wireless Sensor Node,IoT Devices,Smart Devices,95,10,0.05,902.5,450,452.5,47,Enterprise,Robotics,111
O003901,2024-03-18,C0073,Customer 073,Malaysia,Distributor,A001,Advanced PCB Board,Electronics,Autonomous,450,3,0.1,1215.0,750,465.0,75,SME,Consumer Electronics,142
O003902,2024-03-27,C0081,Customer 081,Malaysia,Online,A002,Control Unit Module,Electronics,Autonomous,780,4,0.07,2901.6,1680,1221.6,52,Enterprise,Robotics,85
O003903,2025-12-01,C0121,Customer 121,China,Direct Sales,M003,Anesthesia Machine,Medical Equipment,Medical,25000,3,0.16,63000.0,45000,18000.0,36,Enterprise,Industrial Automation,108
O003904,2024-08-06,C0049,Customer 049,Indonesia,Online,M001,Surgical Light System,Medical Equipment,Medical,12000,2,0.18,19680.0,14000,5680.0,12,Enterprise,Hospital Systems,61
O003905,2023-08-30,C0091,Customer 091,Malaysia,Retail,M003,Anesthesia Machine,Medical Equipment,Medical,25000,2,0.05,47500.0,30000,17500.0,87,SME,Industrial Automation,45
O003906,2023-10-29,C0096,Customer 096,Thailand,Online,A003,Sensor Processing Unit,Electronics,Autonomous,620,7,0.06,4079.6,2450,1629.6,12,SME,Consumer Electronics,61
O003907,2023-10-28,C0158,Customer 158,Indonesia,Online,A003,Sensor Processing Unit,Electronics,Autonomous,620,2,0.03,1202.8,700,502.8,32,Retail,Medical Distributors,31
O003908,2025-02-22,C0158,Customer 158,Indonesia,Retail,S002,Drone Navigation Module,IoT Devices,Smart Devices,320,8,0.03,2483.2,1360,1123.2,32,Retail,Medical Distributors,31
O003909,2023-05-30,C0049,Customer 049,Indonesia,Direct Sales,M004,Patient Monitoring Module,Medical Equipment,Medical,8500,2,0.14,14620.0,10000,4620.0,12,Enterprise,Hospital Systems,61
O003910,2025-05-22,C0202,Customer 202,Thailand,Distributor,M002,Operating Table,Medical Equipment,Medical,18000,3,0.08,49680.0,33000,16680.0,41,Retail,Industrial Automation,161
O003911,2025-12-18,C0120,Customer 120,Malaysia,Online,A002,Control Unit Module,Electronics,Autonomous,780,5,0.1,3510.0,2100,1410.0,42,Enterprise,Industrial Automation,55
O003912,2023-09-04,C0019,Customer 019,Malaysia,Distributor,A001,Advanced PCB Board,Electronics,Autonomous,450,2,0.13,783.0,500,283.0,28,Retail,Consumer Electronics,168
O003913,2025-03-27,C0061,Customer 061,Thailand,Distributor,S001,Smart Home Controller,IoT Devices,Smart Devices,180,11,0.05,1881.0,990,891.0,2,SME,Medical Distributors,118
O003914,2024-09-28,C0182,Customer 182,Thailand,Online,S001,Smart Home Controller,IoT Devices,Smart Devices,180,4,0.09,655.2,360,295.2,81,SME,Technology,114
O003915,2023-03-25,C0145,Customer 145,Malaysia,Distributor,M001,Surgical Light System,Medical Equipment,Medical,12000,1,0.06,11280.0,7000,4280.0,40,SME,Robotics,170
O003916,2024-04-03,C0019,Customer 019,Malaysia,Direct Sales,M001,Surgical Light System,Medical Equipment,Medical,12000,2,0.08,22080.0,14000,8080.0,28,Retail,Consumer Electronics,168
O003917,2025-11-18,C0213,Customer 213,Thailand,Retail,A003,Sensor Processing Unit,Electronics,Autonomous,620,4,0.09,2256.8,1400,856.8,89,SME,Industrial Automation,65
O003918,2025-03-08,C0211,Customer 211,Thailand,Direct Sales,M002,Operating Table,Medical Equipment,Medical,18000,2,0.04,34560.0,22000,12560.0,60,SME,Hospital Systems,74
O003919,2025-03-03,C0024,Customer 024,Malaysia,Distributor,S001,Smart Home Controller,IoT Devices,Smart Devices,180,5,0.04,864.0,450,414.0,77,SME,Industrial Automation,17
O003920,2024-01-31,C0151,Customer 151,Thailand,Online,S002,Drone Navigation Module,IoT Devices,Smart Devices,320,5,0.1,1440.0,850,590.0,39,Enterprise,Automotive OEM,4
O003921,2023-02-22,C0163,Customer 163,Malaysia,Direct Sales,M001,Surgical Light System,Medical Equipment,Medical,12000,1,0.12,10560.0,7000,3560.0,21,Enterprise,Medical Distributors,1
O003922,2023-04-25,C0119,Customer 119,Singapore,Online,S002,Drone Navigation Module,IoT Devices,Smart Devices,320,7,0.04,2150.4,1190,960.4,18,Enterprise,Industrial Automation,119
O003923,2023-05-30,C0015,Customer 015,Singapore,Online,S004,Smart Lock Control Board,IoT Devices,Smart Devices,140,9,0.03,1222.2,630,592.2,69,SME,Automotive OEM,63
O003924,2025-04-15,C0178,Customer 178,China,Distributor,M003,Anesthesia Machine,Medical Equipment,Medical,25000,3,0.09,68250.0,45000,23250.0,85,SME,Smart Home,103
O003925,2025-06-26,C0160,Customer 160,China,Retail,S003,Wireless Sensor Node,IoT Devices,Smart Devices,95,8,0.05,722.0,360,362.0,76,Retail,Smart Home,110
O003926,2023-04-14,C0110,Customer 110,Malaysia,Online,S004,Smart Lock Control Board,IoT Devices,Smart Devices,140,12,0.05,1596.0,840,756.0,91,SME,Automotive OEM,55
O003927,2024-07-27,C0164,Customer 164,China,Direct Sales,A001,Advanced PCB Board,Electronics,Autonomous,450,2,0.09,819.0,500,319.0,38,SME,Technology,9
O003928,2025-06-21,C0063,Customer 063,Malaysia,Online,A004,Robotics Motion Controller,Electronics,Autonomous,950,2,0.05,1805.0,1080,725.0,45,SME,Automotive OEM,18
O003929,2023-04-30,C0082,Customer 082,Thailand,Retail,S004,Smart Lock Control Board,IoT Devices,Smart Devices,140,8,0.07,1041.6,560,481.6,45,Retail,Smart Home,165
O003930,2025-04-05,C0139,Customer 139,Indonesia,Distributor,A003,Sensor Processing Unit,Electronics,Autonomous,620,3,0.11,1655.4,1050,605.4,44,SME,Industrial Automation,8
O003931,2024-12-06,C0037,Customer 037,Malaysia,Direct Sales,M001,Surgical Light System,Medical Equipment,Medical,12000,2,0.08,22080.0,14000,8080.0,86,SME,Industrial Automation,167
O003932,2025-10-04,C0025,Customer 025,China,Retail,S004,Smart Lock Control Board,IoT Devices,Smart Devices,140,5,0.11,623.0,350,273.0,68,SME,Technology,65
O003933,2023-04-08,C0199,Customer 199,Indonesia,Direct Sales,M003,Anesthesia Machine,Medical Equipment,Medical,25000,2,0.08,46000.0,30000,16000.0,93,Retail,Hospital Systems,37
O003934,2024-06-23,C0095,Customer 095,Indonesia,Retail,M001,Surgical Light System,Medical Equipment,Medical,12000,1,0.1,10800.0,7000,3800.0,85,SME,Automotive OEM,22
O003935,2025-12-28,C0002,Customer 002,Malaysia,Direct Sales,A001,Advanced PCB Board,Electronics,Autonomous,450,1,0.1,405.0,250,155.0,76,SME,Medical Distributors,109
O003936,2024-02-11,C0208,Customer 208,Indonesia,Retail,M004,Patient Monitoring Module,Medical Equipment,Medical,8500,4,0.05,32300.0,20000,12300.0,22,SME,Automotive OEM,45
O003937,2023-09-29,C0076,Customer 076,Singapore,Online,A002,Control Unit Module,Electronics,Autonomous,780,6,0.08,4305.6,2520,1785.6,80,SME,Industrial Automation,40
O003938,2023-12-17,C0086,Customer 086,Indonesia,Online,M004,Patient Monitoring Module,Medical Equipment,Medical,8500,2,0.17,14110.0,10000,4110.0,33,Enterprise,Robotics,12
O003939,2025-04-01,C0200,Customer 200,China,Retail,M002,Operating Table,Medical Equipment,Medical,18000,4,0.07,66960.0,44000,22960.0,10,Retail,Automotive OEM,121
O003940,2023-06-12,C0128,Customer 128,Singapore,Direct Sales,A004,Robotics Motion Controller,Electronics,Autonomous,950,4,0.04,3648.0,2160,1488.0,40,Retail,Automotive OEM,28
O003941,2023-12-03,C0109,Customer 109,Thailand,Direct Sales,S003,Wireless Sensor Node,IoT Devices,Smart Devices,95,7,0.01,658.35,315,343.35,18,Retail,Medical Distributors,39
O003942,2023-12-01,C0074,Customer 074,Malaysia,Retail,M001,Surgical Light System,Medical Equipment,Medical,12000,1,0.04,11520.0,7000,4520.0,40,SME,Hospital Systems,94
O003943,2025-05-14,C0068,Customer 068,Indonesia,Online,M004,Patient Monitoring Module,Medical Equipment,Medical,8500,1,0.09,7735.0,5000,2735.0,27,Enterprise,Consumer Electronics,176
O003944,2025-10-12,C0063,Customer 063,Malaysia,Online,S001,Smart Home Controller,IoT Devices,Smart Devices,180,9,0.06,1522.8,810,712.8,45,SME,Automotive OEM,18
O003945,2024-01-25,C0036,Customer 036,Indonesia,Retail,M004,Patient Monitoring Module,Medical Equipment,Medical,8500,2,0.04,16320.0,10000,6320.0,70,SME,Robotics,177
O003946,2024-08-30,C0214,Customer 214,China,Online,A001,Advanced PCB Board,Electronics,Autonomous,450,5,0.07,2092.5,1250,842.5,50,Retail,Robotics,124
O003947,2023-12-12,C0135,Customer 135,China,Online,S002,Drone Navigation Module,IoT Devices,Smart Devices,320,9,0.0,2880.0,1530,1350.0,91,Retail,Technology,40
O003948,2025-03-21,C0139,Customer 139,Indonesia,Direct Sales,A001,Advanced PCB Board,Electronics,Autonomous,450,5,0.1,2025.0,1250,775.0,44,SME,Industrial Automation,8
O003949,2023-07-13,C0103,Customer 103,Malaysia,Online,A003,Sensor Processing Unit,Electronics,Autonomous,620,3,0.04,1785.6,1050,735.6,59,Retail,Medical Distributors,35
O003950,2023-04-19,C0091,Customer 091,Malaysia,Retail,M004,Patient Monitoring Module,Medical Equipment,Medical,8500,1,0.04,8160.0,5000,3160.0,87,SME,Industrial Automation,45
O003951,2024-05-27,C0023,Customer 023,Malaysia,Retail,M002,Operating Table,Medical Equipment,Medical,18000,3,0.06,50760.0,33000,17760.0,7,SME,Medical Distributors,29
O003952,2023-08-10,C0026,Customer 026,Indonesia,Retail,M003,Anesthesia Machine,Medical Equipment,Medical,25000,1,0.08,23000.0,15000,8000.0,88,Retail,Hospital Systems,30
O003953,2025-10-20,C0069,Customer 069,Thailand,Distributor,S003,Wireless Sensor Node,IoT Devices,Smart Devices,95,11,0.11,930.05,495,435.05,7,SME,Smart Home,24
O003954,2023-06-03,C0144,Customer 144,China,Distributor,M001,Surgical Light System,Medical Equipment,Medical,12000,4,0.07,44640.0,28000,16640.0,12,SME,Hospital Systems,76
O003955,2025-10-03,C0111,Customer 111,Singapore,Distributor,S002,Drone Navigation Module,IoT Devices,Smart Devices,320,4,0.04,1228.8,680,548.8,70,SME,Consumer Electronics,120
O003956,2024-02-01,C0023,Customer 023,Malaysia,Retail,A001,Advanced PCB Board,Electronics,Autonomous,450,4,0.03,1746.0,1000,746.0,7,SME,Medical Distributors,29
O003957,2024-11-27,C0103,Customer 103,Malaysia,Retail,S004,Smart Lock Control Board,IoT Devices,Smart Devices,140,9,0.06,1184.4,630,554.4,59,Retail,Medical Distributors,35
O003958,2025-06-15,C0024,Customer 024,Malaysia,Retail,M004,Patient Monitoring Module,Medical Equipment,Medical,8500,2,0.09,15470.0,10000,5470.0,77,SME,Industrial Automation,17
O003959,2024-04-19,C0162,Customer 162,Malaysia,Distributor,S001,Smart Home Controller,IoT Devices,Smart Devices,180,7,0.11,1121.4,630,491.4,85,SME,Smart Home,21
O003960,2025-11-21,C0114,Customer 114,Thailand,Online,M003,Anesthesia Machine,Medical Equipment,Medical,25000,3,0.12,66000.0,45000,21000.0,54,Enterprise,Industrial Automation,138
O003961,2024-11-24,C0042,Customer 042,Indonesia,Retail,M004,Patient Monitoring Module,Medical Equipment,Medical,8500,4,0.18,27880.0,20000,7880.0,28,Enterprise,Technology,139
O003962,2023-02-16,C0180,Customer 180,Thailand,Retail,A004,Robotics Motion Controller,Electronics,Autonomous,950,7,0.05,6317.5,3780,2537.5,66,Enterprise,Industrial Automation,1
O003963,2023-09-01,C0203,Customer 203,China,Retail,A004,Robotics Motion Controller,Electronics,Autonomous,950,4,0.08,3496.0,2160,1336.0,80,Retail,Hospital Systems,18
O003964,2025-04-04,C0007,Customer 007,Thailand,Distributor,A004,Robotics Motion Controller,Electronics,Autonomous,950,2,0.14,1634.0,1080,554.0,44,Enterprise,Robotics,27
O003965,2025-11-27,C0042,Customer 042,Indonesia,Direct Sales,M003,Anesthesia Machine,Medical Equipment,Medical,25000,1,0.12,22000.0,15000,7000.0,28,Enterprise,Technology,139
O003966,2023-01-05,C0013,Customer 013,China,Distributor,A003,Sensor Processing Unit,Electronics,Autonomous,620,5,0.06,2914.0,1750,1164.0,21,Enterprise,Consumer Electronics,95
O003967,2023-12-17,C0026,Customer 026,Indonesia,Distributor,M003,Anesthesia Machine,Medical Equipment,Medical,25000,2,0.07,46500.0,30000,16500.0,88,Retail,Hospital Systems,30
O003968,2024-11-02,C0020,Customer 020,China,Distributor,S003,Wireless Sensor Node,IoT Devices,Smart Devices,95,5,0.04,456.0,225,231.0,19,SME,Technology,68
O003969,2025-03-16,C0092,Customer 092,Indonesia,Online,S003,Wireless Sensor Node,IoT Devices,Smart Devices,95,8,0.03,737.2,360,377.2,71,SME,Industrial Automation,1
O003970,2024-11-17,C0174,Customer 174,Indonesia,Retail,S001,Smart Home Controller,IoT Devices,Smart Devices,180,7,0.11,1121.4,630,491.4,61,Enterprise,Automotive OEM,133
O003971,2024-06-26,C0114,Customer 114,Thailand,Distributor,A003,Sensor Processing Unit,Electronics,Autonomous,620,3,0.12,1636.8,1050,586.8,54,Enterprise,Industrial Automation,138
O003972,2025-12-06,C0072,Customer 072,Indonesia,Distributor,S003,Wireless Sensor Node,IoT Devices,Smart Devices,95,13,0.04,1185.6,585,600.6,15,SME,Hospital Systems,20
O003973,2023-10-12,C0117,Customer 117,China,Retail,A002,Control Unit Module,Electronics,Autonomous,780,8,0.1,5616.0,3360,2256.0,17,SME,Technology,160
O003974,2023-03-22,C0094,Customer 094,Thailand,Online,S001,Smart Home Controller,IoT Devices,Smart Devices,180,8,0.05,1368.0,720,648.0,87,SME,Technology,55
O003975,2024-08-14,C0060,Customer 060,Thailand,Direct Sales,S001,Smart Home Controller,IoT Devices,Smart Devices,180,8,0.12,1267.2,720,547.2,17,Enterprise,Industrial Automation,172
O003976,2023-09-17,C0207,Customer 207,Thailand,Online,M001,Surgical Light System,Medical Equipment,Medical,12000,2,0.09,21840.0,14000,7840.0,19,SME,Industrial Automation,63
O003977,2024-04-15,C0063,Customer 063,Malaysia,Retail,S003,Wireless Sensor Node,IoT Devices,Smart Devices,95,8,0.12,668.8,360,308.8,45,SME,Automotive OEM,18
O003978,2024-05-28,C0127,Customer 127,Thailand,Online,S001,Smart Home Controller,IoT Devices,Smart Devices,180,5,0.05,855.0,450,405.0,78,Retail,Automotive OEM,156
O003979,2024-09-02,C0214,Customer 214,China,Online,S002,Drone Navigation Module,IoT Devices,Smart Devices,320,9,0.07,2678.4,1530,1148.4,50,Retail,Robotics,124
O003980,2025-11-14,C0135,Customer 135,China,Direct Sales,S001,Smart Home Controller,IoT Devices,Smart Devices,180,14,0.05,2394.0,1260,1134.0,91,Retail,Technology,40
O003981,2024-08-03,C0194,Customer 194,China,Retail,A002,Control Unit Module,Electronics,Autonomous,780,4,0.07,2901.6,1680,1221.6,25,SME,Consumer Electronics,179
O003982,2025-11-05,C0039,Customer 039,Malaysia,Direct Sales,A004,Robotics Motion Controller,Electronics,Autonomous,950,3,0.08,2622.0,1620,1002.0,76,Enterprise,Hospital Systems,142
O003983,2025-06-22,C0006,Customer 006,Singapore,Online,M002,Operating Table,Medical Equipment,Medical,18000,2,0.09,32760.0,22000,10760.0,90,Retail,Automotive OEM,109
O003984,2024-04-26,C0048,Customer 048,Malaysia,Retail,S001,Smart Home Controller,IoT Devices,Smart Devices,180,2,0.07,334.8,180,154.8,10,Enterprise,Robotics,114
O003985,2025-09-05,C0086,Customer 086,Indonesia,Distributor,M004,Patient Monitoring Module,Medical Equipment,Medical,8500,2,0.08,15640.0,10000,5640.0,33,Enterprise,Robotics,12
O003986,2025-07-14,C0104,Customer 104,China,Retail,A001,Advanced PCB Board,Electronics,Autonomous,450,9,0.08,3726.0,2250,1476.0,57,SME,Consumer Electronics,157
O003987,2023-05-11,C0140,Customer 140,China,Retail,S004,Smart Lock Control Board,IoT Devices,Smart Devices,140,6,0.04,806.4,420,386.4,63,Retail,Automotive OEM,55
O003988,2025-12-25,C0190,Customer 190,Malaysia,Retail,A004,Robotics Motion Controller,Electronics,Autonomous,950,3,0.06,2679.0,1620,1059.0,54,Retail,Smart Home,88
O003989,2025-06-12,C0159,Customer 159,Indonesia,Retail,S001,Smart Home Controller,IoT Devices,Smart Devices,180,9,0.06,1522.8,810,712.8,67,Retail,Robotics,98
O003990,2023-11-12,C0032,Customer 032,China,Online,M003,Anesthesia Machine,Medical Equipment,Medical,25000,1,0.13,21750.0,15000,6750.0,40,Enterprise,Consumer Electronics,62
O003991,2024-02-06,C0013,Customer 013,China,Direct Sales,A004,Robotics Motion Controller,Electronics,Autonomous,950,7,0.08,6118.0,3780,2338.0,21,Enterprise,Consumer Electronics,95
O003992,2025-12-25,C0048,Customer 048,Malaysia,Direct Sales,A002,Control Unit Module,Electronics,Autonomous,780,6,0.05,4446.0,2520,1926.0,10,Enterprise,Robotics,114
O003993,2024-01-17,C0183,Customer 183,Singapore,Distributor,S003,Wireless Sensor Node,IoT Devices,Smart Devices,95,6,0.06,535.8,270,265.8,37,Enterprise,Automotive OEM,113
O003994,2024-07-05,C0087,Customer 087,China,Online,M001,Surgical Light System,Medical Equipment,Medical,12000,2,0.16,20160.0,14000,6160.0,47,Enterprise,Robotics,111
O003995,2025-03-10,C0153,Customer 153,Thailand,Online,A003,Sensor Processing Unit,Electronics,Autonomous,620,7,0.07,4036.2,2450,1586.2,82,SME,Automotive OEM,126
O003996,2023-03-20,C0037,Customer 037,Malaysia,Direct Sales,M001,Surgical Light System,Medical Equipment,Medical,12000,1,0.04,11520.0,7000,4520.0,86,SME,Industrial Automation,167
O003997,2023-12-27,C0124,Customer 124,Singapore,Online,S004,Smart Lock Control Board,IoT Devices,Smart Devices,140,11,0.07,1432.2,770,662.2,4,Retail,Hospital Systems,64
O003998,2024-07-03,C0135,Customer 135,China,Distributor,A001,Advanced PCB Board,Electronics,Autonomous,450,5,0.14,1935.0,1250,685.0,91,Retail,Technology,40
O003999,2025-03-16,C0037,Customer 037,Malaysia,Retail,A004,Robotics Motion Controller,Electronics,Autonomous,950,5,0.04,4560.0,2700,1860.0,86,SME,Industrial Automation,167
O004000,2024-12-23,C0084,Customer 084,Thailand,Online,S002,Drone Navigation Module,IoT Devices,Smart Devices,320,4,0.05,1216.0,680,536.0,5,Enterprise,Smart Home,28
O004001,2024-05-20,C0197,Customer 197,Malaysia,Distributor,S003,Wireless Sensor Node,IoT Devices,Smart Devices,95,5,0.09,432.25,225,207.25,17,SME,Hospital Systems,129
O004002,2024-07-05,C0067,Customer 067,Singapore,Distributor,A003,Sensor Processing Unit,Electronics,Autonomous,620,5,0.14,2666.0,1750,916.0,35,Retail,Automotive OEM,73
O004003,2024-02-03,C0060,Customer 060,Thailand,Direct Sales,S001,Smart Home Controller,IoT Devices,Smart Devices,180,8,0.06,1353.6,720,633.6,17,Enterprise,Industrial Automation,172
O004004,2023-12-03,C0086,Customer 086,Indonesia,Direct Sales,A001,Advanced PCB Board,Electronics,Autonomous,450,5,0.07,2092.5,1250,842.5,33,Enterprise,Robotics,12
O004005,2024-11-02,C0123,Customer 123,Singapore,Online,M003,Anesthesia Machine,Medical Equipment,Medical,25000,2,0.08,46000.0,30000,16000.0,29,Retail,Consumer Electronics,167
O004006,2025-09-16,C0170,Customer 170,China,Online,M003,Anesthesia Machine,Medical Equipment,Medical,25000,1,0.06,23500.0,15000,8500.0,35,SME,Industrial Automation,129
O004007,2023-12-18,C0172,Customer 172,China,Distributor,A003,Sensor Processing Unit,Electronics,Autonomous,620,3,0.14,1599.6,1050,549.6,4,SME,Smart Home,24
O004008,2024-03-31,C0015,Customer 015,Singapore,Online,A002,Control Unit Module,Electronics,Autonomous,780,5,0.03,3783.0,2100,1683.0,69,SME,Automotive OEM,63
O004009,2025-10-30,C0054,Customer 054,Singapore,Retail,M002,Operating Table,Medical Equipment,Medical,18000,2,0.06,33840.0,22000,11840.0,7,SME,Hospital Systems,150
O004010,2023-02-22,C0211,Customer 211,Thailand,Retail,S003,Wireless Sensor Node,IoT Devices,Smart Devices,95,7,0.08,611.8,315,296.8,60,SME,Hospital Systems,74
O004011,2025-03-02,C0198,Customer 198,Indonesia,Online,S001,Smart Home Controller,IoT Devices,Smart Devices,180,4,0.03,698.4,360,338.4,57,Enterprise,Medical Distributors,26
O004012,2024-10-18,C0140,Customer 140,China,Online,A004,Robotics Motion Controller,Electronics,Autonomous,950,4,0.09,3458.0,2160,1298.0,63,Retail,Automotive OEM,55
O004013,2024-04-04,C0001,Customer 001,Singapore,Distributor,M001,Surgical Light System,Medical Equipment,Medical,12000,1,0.11,10680.0,7000,3680.0,32,Enterprise,Smart Home,58
O004014,2023-09-03,C0214,Customer 214,China,Direct Sales,S003,Wireless Sensor Node,IoT Devices,Smart Devices,95,4,0.07,353.4,180,173.4,50,Retail,Robotics,124
O004015,2023-08-20,C0198,Customer 198,Indonesia,Retail,A004,Robotics Motion Controller,Electronics,Autonomous,950,8,0.03,7372.0,4320,3052.0,57,Enterprise,Medical Distributors,26
O004016,2024-02-12,C0201,Customer 201,Thailand,Online,S001,Smart Home Controller,IoT Devices,Smart Devices,180,10,0.08,1656.0,900,756.0,84,Enterprise,Industrial Automation,21
O004017,2024-07-05,C0022,Customer 022,China,Direct Sales,M001,Surgical Light System,Medical Equipment,Medical,12000,2,0.09,21840.0,14000,7840.0,47,Retail,Industrial Automation,57
O004018,2024-03-06,C0100,Customer 100,China,Online,A003,Sensor Processing Unit,Electronics,Autonomous,620,4,0.03,2405.6,1400,1005.6,19,SME,Robotics,168
O004019,2024-08-24,C0214,Customer 214,China,Direct Sales,A004,Robotics Motion Controller,Electronics,Autonomous,950,3,0.05,2707.5,1620,1087.5,50,Retail,Robotics,124
O004020,2024-11-02,C0132,Customer 132,Singapore,Direct Sales,M004,Patient Monitoring Module,Medical Equipment,Medical,8500,1,0.05,8075.0,5000,3075.0,45,Retail,Hospital Systems,137
O004021,2023-12-22,C0132,Customer 132,Singapore,Distributor,A002,Control Unit Module,Electronics,Autonomous,780,7,0.13,4750.2,2940,1810.2,45,Retail,Hospital Systems,137
O004022,2025-09-01,C0057,Customer 057,Malaysia,Direct Sales,S004,Smart Lock Control Board,IoT Devices,Smart Devices,140,12,0.05,1596.0,840,756.0,75,SME,Robotics,153
O004023,2025-05-22,C0084,Customer 084,Thailand,Online,A004,Robotics Motion Controller,Electronics,Autonomous,950,3,0.02,2793.0,1620,1173.0,5,Enterprise,Smart Home,28
O004024,2024-06-28,C0092,Customer 092,Indonesia,Direct Sales,M003,Anesthesia Machine,Medical Equipment,Medical,25000,2,0.05,47500.0,30000,17500.0,71,SME,Industrial Automation,1
O004025,2023-06-28,C0165,Customer 165,Malaysia,Online,M001,Surgical Light System,Medical Equipment,Medical,12000,4,0.1,43200.0,28000,15200.0,90,Enterprise,Smart Home,117
O004026,2025-02-23,C0188,Customer 188,China,Direct Sales,S002,Drone Navigation Module,IoT Devices,Smart Devices,320,6,0.06,1804.8,1020,784.8,32,Retail,Technology,117
O004027,2025-12-08,C0040,Customer 040,Malaysia,Direct Sales,A004,Robotics Motion Controller,Electronics,Autonomous,950,5,0.07,4417.5,2700,1717.5,10,SME,Hospital Systems,162
O004028,2023-09-27,C0132,Customer 132,Singapore,Direct Sales,A004,Robotics Motion Controller,Electronics,Autonomous,950,10,0.04,9120.0,5400,3720.0,45,Retail,Hospital Systems,137
O004029,2023-09-23,C0005,Customer 005,Indonesia,Online,M004,Patient Monitoring Module,Medical Equipment,Medical,8500,1,0.06,7990.0,5000,2990.0,76,SME,Technology,72
O004030,2023-10-08,C0125,Customer 125,Malaysia,Retail,A002,Control Unit Module,Electronics,Autonomous,780,7,0.05,5187.0,2940,2247.0,31,Retail,Automotive OEM,33
O004031,2024-10-26,C0088,Customer 088,Singapore,Retail,S002,Drone Navigation Module,IoT Devices,Smart Devices,320,9,0.06,2707.2,1530,1177.2,80,Retail,Consumer Electronics,81
O004032,2025-07-10,C0147,Customer 147,Thailand,Retail,S001,Smart Home Controller,IoT Devices,Smart Devices,180,8,0.06,1353.6,720,633.6,35,SME,Technology,79
O004033,2023-12-10,C0115,Customer 115,Indonesia,Retail,M003,Anesthesia Machine,Medical Equipment,Medical,25000,1,0.08,23000.0,15000,8000.0,63,Retail,Robotics,57
O004034,2025-11-10,C0128,Customer 128,Singapore,Online,A002,Control Unit Module,Electronics,Autonomous,780,7,0.06,5132.4,2940,2192.4,40,Retail,Automotive OEM,28
O004035,2024-11-26,C0135,Customer 135,China,Retail,S004,Smart Lock Control Board,IoT Devices,Smart Devices,140,8,0.08,1030.4,560,470.4,91,Retail,Technology,40
O004036,2024-10-11,C0044,Customer 044,China,Online,S004,Smart Lock Control Board,IoT Devices,Smart Devices,140,8,0.05,1064.0,560,504.0,85,Enterprise,Medical Distributors,111
O004037,2023-09-21,C0009,Customer 009,Thailand,Direct Sales,A001,Advanced PCB Board,Electronics,Autonomous,450,4,0.1,1620.0,1000,620.0,69,Retail,Technology,32
O004038,2025-05-26,C0168,Customer 168,Thailand,Direct Sales,A002,Control Unit Module,Electronics,Autonomous,780,5,0.03,3783.0,2100,1683.0,8,Retail,Medical Distributors,43
O004039,2023-01-13,C0183,Customer 183,Singapore,Direct Sales,M001,Surgical Light System,Medical Equipment,Medical,12000,2,0.1,21600.0,14000,7600.0,37,Enterprise,Automotive OEM,113
O004040,2024-09-20,C0119,Customer 119,Singapore,Distributor,A002,Control Unit Module,Electronics,Autonomous,780,5,0.11,3471.0,2100,1371.0,18,Enterprise,Industrial Automation,119
O004041,2024-04-20,C0148,Customer 148,Thailand,Distributor,M002,Operating Table,Medical Equipment,Medical,18000,2,0.09,32760.0,22000,10760.0,41,Enterprise,Robotics,31
O004042,2023-08-26,C0018,Customer 018,Singapore,Online,A002,Control Unit Module,Electronics,Autonomous,780,11,0.03,8322.6,4620,3702.6,35,Retail,Industrial Automation,17
O004043,2023-01-12,C0047,Customer 047,Malaysia,Online,A002,Control Unit Module,Electronics,Autonomous,780,3,0.06,2199.6,1260,939.6,18,Enterprise,Technology,109
O004044,2025-12-04,C0094,Customer 094,Thailand,Retail,M004,Patient Monitoring Module,Medical Equipment,Medical,8500,2,0.07,15810.0,10000,5810.0,87,SME,Technology,55
O004045,2024-01-09,C0045,Customer 045,Thailand,Direct Sales,S003,Wireless Sensor Node,IoT Devices,Smart Devices,95,11,0.06,982.3,495,487.3,94,SME,Technology,14
O004046,2024-08-05,C0094,Customer 094,Thailand,Retail,S001,Smart Home Controller,IoT Devices,Smart Devices,180,11,0.06,1861.2,990,871.2,87,SME,Technology,55
O004047,2025-10-01,C0157,Customer 157,Indonesia,Retail,M003,Anesthesia Machine,Medical Equipment,Medical,25000,1,0.1,22500.0,15000,7500.0,20,SME,Hospital Systems,39
O004048,2024-03-30,C0083,Customer 083,Indonesia,Retail,A003,Sensor Processing Unit,Electronics,Autonomous,620,10,0.09,5642.0,3500,2142.0,4,SME,Consumer Electronics,30
O004049,2025-06-22,C0216,Customer 216,Thailand,Online,S004,Smart Lock Control Board,IoT Devices,Smart Devices,140,8,0.09,1019.2,560,459.2,36,Enterprise,Industrial Automation,3
O004050,2023-11-03,C0002,Customer 002,Malaysia,Direct Sales,S004,Smart Lock Control Board,IoT Devices,Smart Devices,140,13,0.04,1747.2,910,837.2,76,SME,Medical Distributors,109
O004051,2025-11-21,C0004,Customer 004,Indonesia,Distributor,S004,Smart Lock Control Board,IoT Devices,Smart Devices,140,8,0.11,996.8,560,436.8,92,Enterprise,Robotics,167
O004052,2024-08-12,C0061,Customer 061,Thailand,Direct Sales,M004,Patient Monitoring Module,Medical Equipment,Medical,8500,1,0.07,7905.0,5000,2905.0,2,SME,Medical Distributors,118
O004053,2023-12-21,C0148,Customer 148,Thailand,Direct Sales,S004,Smart Lock Control Board,IoT Devices,Smart Devices,140,6,0.1,756.0,420,336.0,41,Enterprise,Robotics,31
O004054,2024-01-25,C0180,Customer 180,Thailand,Distributor,M002,Operating Table,Medical Equipment,Medical,18000,1,0.1,16200.0,11000,5200.0,66,Enterprise,Industrial Automation,1
O004055,2023-10-21,C0100,Customer 100,China,Direct Sales,S003,Wireless Sensor Node,IoT Devices,Smart Devices,95,4,0.09,345.8,180,165.8,19,SME,Robotics,168
O004056,2023-07-09,C0147,Customer 147,Thailand,Retail,M001,Surgical Light System,Medical Equipment,Medical,12000,1,0.08,11040.0,7000,4040.0,35,SME,Technology,79
O004057,2023-07-04,C0133,Customer 133,China,Distributor,S001,Smart Home Controller,IoT Devices,Smart Devices,180,5,0.07,837.0,450,387.0,65,SME,Medical Distributors,166
O004058,2025-09-29,C0204,Customer 204,Malaysia,Distributor,M003,Anesthesia Machine,Medical Equipment,Medical,25000,3,0.08,69000.0,45000,24000.0,30,SME,Smart Home,24
O004059,2025-08-06,C0206,Customer 206,Thailand,Direct Sales,A002,Control Unit Module,Electronics,Autonomous,780,3,0.06,2199.6,1260,939.6,42,Retail,Hospital Systems,15
O004060,2025-08-23,C0012,Customer 012,Malaysia,Direct Sales,A003,Sensor Processing Unit,Electronics,Autonomous,620,7,0.07,4036.2,2450,1586.2,30,Retail,Medical Distributors,26
O004061,2023-12-29,C0025,Customer 025,China,Online,M003,Anesthesia Machine,Medical Equipment,Medical,25000,3,0.06,70500.0,45000,25500.0,68,SME,Technology,65
O004062,2024-10-19,C0087,Customer 087,China,Online,A001,Advanced PCB Board,Electronics,Autonomous,450,8,0.06,3384.0,2000,1384.0,47,Enterprise,Robotics,111
O004063,2024-06-28,C0116,Customer 116,Thailand,Distributor,A004,Robotics Motion Controller,Electronics,Autonomous,950,1,0.09,864.5,540,324.5,50,SME,Hospital Systems,87
O004064,2023-03-08,C0086,Customer 086,Indonesia,Distributor,A002,Control Unit Module,Electronics,Autonomous,780,9,0.11,6247.8,3780,2467.8,33,Enterprise,Robotics,12
O004065,2025-11-12,C0166,Customer 166,Singapore,Retail,S003,Wireless Sensor Node,IoT Devices,Smart Devices,95,5,0.06,446.5,225,221.5,81,SME,Smart Home,151
O004066,2024-05-08,C0087,Customer 087,China,Direct Sales,S004,Smart Lock Control Board,IoT Devices,Smart Devices,140,15,0.07,1953.0,1050,903.0,47,Enterprise,Robotics,111
O004067,2024-01-08,C0182,Customer 182,Thailand,Retail,S004,Smart Lock Control Board,IoT Devices,Smart Devices,140,4,0.12,492.8,280,212.8,81,SME,Technology,114
O004068,2025-08-18,C0148,Customer 148,Thailand,Direct Sales,M003,Anesthesia Machine,Medical Equipment,Medical,25000,3,0.13,65250.0,45000,20250.0,41,Enterprise,Robotics,31
O004069,2024-03-16,C0081,Customer 081,Malaysia,Retail,M004,Patient Monitoring Module,Medical Equipment,Medical,8500,3,0.16,21420.0,15000,6420.0,52,Enterprise,Robotics,85
O004070,2024-03-20,C0074,Customer 074,Malaysia,Distributor,S002,Drone Navigation Module,IoT Devices,Smart Devices,320,6,0.12,1689.6,1020,669.6,40,SME,Hospital Systems,94
O004071,2023-03-01,C0025,Customer 025,China,Distributor,A002,Control Unit Module,Electronics,Autonomous,780,5,0.07,3627.0,2100,1527.0,68,SME,Technology,65
O004072,2024-03-14,C0102,Customer 102,Malaysia,Retail,S004,Smart Lock Control Board,IoT Devices,Smart Devices,140,6,0.07,781.2,420,361.2,7,Retail,Technology,143
O004073,2023-07-26,C0053,Customer 053,Thailand,Retail,S004,Smart Lock Control Board,IoT Devices,Smart Devices,140,8,0.1,1008.0,560,448.0,75,Enterprise,Hospital Systems,139
O004074,2023-06-04,C0014,Customer 014,Thailand,Online,S003,Wireless Sensor Node,IoT Devices,Smart Devices,95,15,0.05,1353.75,675,678.75,90,Enterprise,Smart Home,175
O004075,2023-10-22,C0104,Customer 104,China,Distributor,M004,Patient Monitoring Module,Medical Equipment,Medical,8500,3,0.05,24225.0,15000,9225.0,57,SME,Consumer Electronics,157
O004076,2025-01-14,C0006,Customer 006,Singapore,Distributor,S004,Smart Lock Control Board,IoT Devices,Smart Devices,140,10,0.06,1316.0,700,616.0,90,Retail,Automotive OEM,109
O004077,2024-02-21,C0103,Customer 103,Malaysia,Online,A002,Control Unit Module,Electronics,Autonomous,780,5,0.04,3744.0,2100,1644.0,59,Retail,Medical Distributors,35
O004078,2023-09-08,C0102,Customer 102,Malaysia,Retail,A004,Robotics Motion Controller,Electronics,Autonomous,950,6,0.08,5244.0,3240,2004.0,7,Retail,Technology,143
O004079,2025-10-06,C0115,Customer 115,Indonesia,Distributor,M004,Patient Monitoring Module,Medical Equipment,Medical,8500,4,0.09,30940.0,20000,10940.0,63,Retail,Robotics,57
O004080,2024-08-16,C0119,Customer 119,Singapore,Direct Sales,M004,Patient Monitoring Module,Medical Equipment,Medical,8500,1,0.14,7310.0,5000,2310.0,18,Enterprise,Industrial Automation,119
O004081,2024-06-18,C0118,Customer 118,Indonesia,Retail,A001,Advanced PCB Board,Electronics,Autonomous,450,7,0.07,2929.5,1750,1179.5,76,Enterprise,Industrial Automation,145
O004082,2023-08-27,C0058,Customer 058,Singapore,Retail,M003,Anesthesia Machine,Medical Equipment,Medical,25000,4,0.07,93000.0,60000,33000.0,85,SME,Industrial Automation,150
O004083,2025-06-17,C0145,Customer 145,Malaysia,Distributor,M001,Surgical Light System,Medical Equipment,Medical,12000,1,0.07,11160.0,7000,4160.0,40,SME,Robotics,170
O004084,2025-06-20,C0193,Customer 193,Indonesia,Distributor,M002,Operating Table,Medical Equipment,Medical,18000,1,0.03,17460.0,11000,6460.0,71,SME,Consumer Electronics,140
O004085,2024-05-19,C0095,Customer 095,Indonesia,Retail,S003,Wireless Sensor Node,IoT Devices,Smart Devices,95,6,0.1,513.0,270,243.0,85,SME,Automotive OEM,22
O004086,2025-10-16,C0181,Customer 181,Indonesia,Direct Sales,S004,Smart Lock Control Board,IoT Devices,Smart Devices,140,6,0.05,798.0,420,378.0,25,SME,Hospital Systems,133
O004087,2024-10-31,C0059,Customer 059,Indonesia,Distributor,M003,Anesthesia Machine,Medical Equipment,Medical,25000,2,0.04,48000.0,30000,18000.0,27,SME,Smart Home,172
O004088,2023-02-27,C0089,Customer 089,Singapore,Direct Sales,S003,Wireless Sensor Node,IoT Devices,Smart Devices,95,7,0.04,638.4,315,323.4,65,SME,Smart Home,80
O004089,2025-01-16,C0138,Customer 138,Singapore,Direct Sales,A003,Sensor Processing Unit,Electronics,Autonomous,620,7,0.06,4079.6,2450,1629.6,32,Enterprise,Technology,119
O004090,2023-12-21,C0054,Customer 054,Singapore,Direct Sales,M001,Surgical Light System,Medical Equipment,Medical,12000,1,0.05,11400.0,7000,4400.0,7,SME,Hospital Systems,150
O004091,2025-09-28,C0117,Customer 117,China,Retail,S002,Drone Navigation Module,IoT Devices,Smart Devices,320,9,0.08,2649.6,1530,1119.6,17,SME,Technology,160
O004092,2025-11-02,C0029,Customer 029,Indonesia,Retail,S002,Drone Navigation Module,IoT Devices,Smart Devices,320,6,0.03,1862.4,1020,842.4,81,Retail,Medical Distributors,77
O004093,2024-03-07,C0021,Customer 021,Malaysia,Online,S004,Smart Lock Control Board,IoT Devices,Smart Devices,140,9,0.09,1146.6,630,516.6,96,Enterprise,Smart Home,150
O004094,2025-01-01,C0038,Customer 038,Thailand,Distributor,M003,Anesthesia Machine,Medical Equipment,Medical,25000,4,0.07,93000.0,60000,33000.0,16,SME,Technology,64
O004095,2025-03-18,C0107,Customer 107,Indonesia,Direct Sales,M001,Surgical Light System,Medical Equipment,Medical,12000,3,0.04,34560.0,21000,13560.0,36,SME,Robotics,113
O004096,2024-07-23,C0032,Customer 032,China,Distributor,A001,Advanced PCB Board,Electronics,Autonomous,450,7,0.14,2709.0,1750,959.0,40,Enterprise,Consumer Electronics,62
O004097,2023-06-17,C0092,Customer 092,Indonesia,Online,S002,Drone Navigation Module,IoT Devices,Smart Devices,320,9,0.04,2764.8,1530,1234.8,71,SME,Industrial Automation,1
O004098,2023-05-17,C0064,Customer 064,Malaysia,Distributor,A002,Control Unit Module,Electronics,Autonomous,780,6,0.15,3978.0,2520,1458.0,57,SME,Automotive OEM,140
O004099,2023-07-11,C0010,Customer 010,China,Distributor,M001,Surgical Light System,Medical Equipment,Medical,12000,2,0.14,20640.0,14000,6640.0,81,Enterprise,Smart Home,159
O004100,2023-12-09,C0135,Customer 135,China,Online,S004,Smart Lock Control Board,IoT Devices,Smart Devices,140,6,0.05,798.0,420,378.0,91,Retail,Technology,40
O004101,2023-07-09,C0118,Customer 118,Indonesia,Distributor,A001,Advanced PCB Board,Electronics,Autonomous,450,3,0.1,1215.0,750,465.0,76,Enterprise,Industrial Automation,145
O004102,2025-11-13,C0143,Customer 143,China,Direct Sales,M004,Patient Monitoring Module,Medical Equipment,Medical,8500,2,0.07,15810.0,10000,5810.0,89,SME,Robotics,122
O004103,2024-02-07,C0043,Customer 043,Malaysia,Retail,M001,Surgical Light System,Medical Equipment,Medical,12000,1,0.1,10800.0,7000,3800.0,32,SME,Technology,122
O004104,2023-06-19,C0050,Customer 050,Malaysia,Retail,M004,Patient Monitoring Module,Medical Equipment,Medical,8500,2,0.04,16320.0,10000,6320.0,28,SME,Technology,103
O004105,2023-08-24,C0011,Customer 011,Thailand,Retail,M003,Anesthesia Machine,Medical Equipment,Medical,25000,5,0.03,121250.0,75000,46250.0,6,SME,Medical Distributors,170
O004106,2023-11-06,C0103,Customer 103,Malaysia,Distributor,S004,Smart Lock Control Board,IoT Devices,Smart Devices,140,7,0.01,970.2,490,480.2,59,Retail,Medical Distributors,35
O004107,2023-11-19,C0031,Customer 031,Indonesia,Retail,M002,Operating Table,Medical Equipment,Medical,18000,2,0.06,33840.0,22000,11840.0,77,Retail,Hospital Systems,83
O004108,2023-10-13,C0099,Customer 099,China,Direct Sales,M001,Surgical Light System,Medical Equipment,Medical,12000,2,0.07,22320.0,14000,8320.0,92,SME,Robotics,179
O004109,2023-07-02,C0198,Customer 198,Indonesia,Direct Sales,M002,Operating Table,Medical Equipment,Medical,18000,1,0.12,15840.0,11000,4840.0,57,Enterprise,Medical Distributors,26
O004110,2023-08-03,C0209,Customer 209,Singapore,Distributor,M003,Anesthesia Machine,Medical Equipment,Medical,25000,1,0.03,24250.0,15000,9250.0,80,SME,Industrial Automation,175
O004111,2023-03-07,C0028,Customer 028,China,Distributor,A004,Robotics Motion Controller,Electronics,Autonomous,950,7,0.12,5852.0,3780,2072.0,93,Enterprise,Hospital Systems,68
O004112,2025-12-19,C0119,Customer 119,Singapore,Distributor,A004,Robotics Motion Controller,Electronics,Autonomous,950,4,0.07,3534.0,2160,1374.0,18,Enterprise,Industrial Automation,119
O004113,2024-03-14,C0074,Customer 074,Malaysia,Online,M001,Surgical Light System,Medical Equipment,Medical,12000,4,0.07,44640.0,28000,16640.0,40,SME,Hospital Systems,94
O004114,2025-06-02,C0181,Customer 181,Indonesia,Online,A003,Sensor Processing Unit,Electronics,Autonomous,620,8,0.04,4761.6,2800,1961.6,25,SME,Hospital Systems,133
O004115,2023-01-28,C0096,Customer 096,Thailand,Distributor,S003,Wireless Sensor Node,IoT Devices,Smart Devices,95,10,0.07,883.5,450,433.5,12,SME,Consumer Electronics,61
O004116,2024-09-09,C0032,Customer 032,China,Direct Sales,S001,Smart Home Controller,IoT Devices,Smart Devices,180,12,0.04,2073.6,1080,993.6,40,Enterprise,Consumer Electronics,62
O004117,2024-07-31,C0051,Customer 051,Singapore,Direct Sales,M003,Anesthesia Machine,Medical Equipment,Medical,25000,2,0.09,45500.0,30000,15500.0,50,Enterprise,Hospital Systems,68
O004118,2023-02-16,C0093,Customer 093,Thailand,Retail,S001,Smart Home Controller,IoT Devices,Smart Devices,180,10,0.09,1638.0,900,738.0,75,Enterprise,Industrial Automation,156
O004119,2023-10-15,C0182,Customer 182,Thailand,Direct Sales,A002,Control Unit Module,Electronics,Autonomous,780,5,0.07,3627.0,2100,1527.0,81,SME,Technology,114
O004120,2024-10-30,C0110,Customer 110,Malaysia,Distributor,M003,Anesthesia Machine,Medical Equipment,Medical,25000,2,0.07,46500.0,30000,16500.0,91,SME,Automotive OEM,55
O004121,2025-02-08,C0189,Customer 189,Indonesia,Direct Sales,M003,Anesthesia Machine,Medical Equipment,Medical,25000,2,0.16,42000.0,30000,12000.0,77,Enterprise,Robotics,131
O004122,2024-02-01,C0137,Customer 137,China,Online,S004,Smart Lock Control Board,IoT Devices,Smart Devices,140,4,0.12,492.8,280,212.8,42,SME,Smart Home,63
O004123,2024-12-17,C0022,Customer 022,China,Retail,S004,Smart Lock Control Board,IoT Devices,Smart Devices,140,5,0.07,651.0,350,301.0,47,Retail,Industrial Automation,57
O004124,2023-05-16,C0022,Customer 022,China,Direct Sales,S004,Smart Lock Control Board,IoT Devices,Smart Devices,140,10,0.06,1316.0,700,616.0,47,Retail,Industrial Automation,57
O004125,2024-03-15,C0026,Customer 026,Indonesia,Online,S004,Smart Lock Control Board,IoT Devices,Smart Devices,140,9,0.01,1247.4,630,617.4,88,Retail,Hospital Systems,30
O004126,2025-10-13,C0211,Customer 211,Thailand,Direct Sales,M001,Surgical Light System,Medical Equipment,Medical,12000,3,0.05,34200.0,21000,13200.0,60,SME,Hospital Systems,74
O004127,2025-07-18,C0118,Customer 118,Indonesia,Distributor,M002,Operating Table,Medical Equipment,Medical,18000,2,0.11,32040.0,22000,10040.0,76,Enterprise,Industrial Automation,145
O004128,2025-05-18,C0007,Customer 007,Thailand,Online,A002,Control Unit Module,Electronics,Autonomous,780,5,0.06,3666.0,2100,1566.0,44,Enterprise,Robotics,27
O004129,2025-03-04,C0219,Customer 219,Malaysia,Distributor,A001,Advanced PCB Board,Electronics,Autonomous,450,2,0.07,837.0,500,337.0,87,SME,Smart Home,169
O004130,2023-02-25,C0008,Customer 008,Singapore,Direct Sales,A001,Advanced PCB Board,Electronics,Autonomous,450,5,0.09,2047.5,1250,797.5,45,SME,Consumer Electronics,155
O004131,2023-11-16,C0214,Customer 214,China,Distributor,M001,Surgical Light System,Medical Equipment,Medical,12000,1,0.1,10800.0,7000,3800.0,50,Retail,Robotics,124
O004132,2023-04-21,C0104,Customer 104,China,Direct Sales,A003,Sensor Processing Unit,Electronics,Autonomous,620,4,0.05,2356.0,1400,956.0,57,SME,Consumer Electronics,157
O004133,2023-11-28,C0132,Customer 132,Singapore,Distributor,A004,Robotics Motion Controller,Electronics,Autonomous,950,7,0.11,5918.5,3780,2138.5,45,Retail,Hospital Systems,137
O004134,2024-07-23,C0093,Customer 093,Thailand,Distributor,M001,Surgical Light System,Medical Equipment,Medical,12000,2,0.14,20640.0,14000,6640.0,75,Enterprise,Industrial Automation,156
O004135,2023-05-06,C0026,Customer 026,Indonesia,Direct Sales,A004,Robotics Motion Controller,Electronics,Autonomous,950,3,0.05,2707.5,1620,1087.5,88,Retail,Hospital Systems,30
O004136,2023-02-15,C0202,Customer 202,Thailand,Distributor,A003,Sensor Processing Unit,Electronics,Autonomous,620,4,0.06,2331.2,1400,931.2,41,Retail,Industrial Automation,161
O004137,2024-07-30,C0178,Customer 178,China,Direct Sales,S001,Smart Home Controller,IoT Devices,Smart Devices,180,8,0.06,1353.6,720,633.6,85,SME,Smart Home,103
O004138,2024-06-18,C0115,Customer 115,Indonesia,Direct Sales,M003,Anesthesia Machine,Medical Equipment,Medical,25000,1,0.05,23750.0,15000,8750.0,63,Retail,Robotics,57
O004139,2024-08-07,C0127,Customer 127,Thailand,Distributor,M001,Surgical Light System,Medical Equipment,Medical,12000,1,0.03,11640.0,7000,4640.0,78,Retail,Automotive OEM,156
O004140,2023-02-04,C0049,Customer 049,Indonesia,Online,S002,Drone Navigation Module,IoT Devices,Smart Devices,320,10,0.11,2848.0,1700,1148.0,12,Enterprise,Hospital Systems,61
O004141,2025-04-10,C0111,Customer 111,Singapore,Retail,A004,Robotics Motion Controller,Electronics,Autonomous,950,5,0.05,4512.5,2700,1812.5,70,SME,Consumer Electronics,120
O004142,2024-09-23,C0182,Customer 182,Thailand,Direct Sales,S002,Drone Navigation Module,IoT Devices,Smart Devices,320,10,0.06,3008.0,1700,1308.0,81,SME,Technology,114
O004143,2024-12-13,C0006,Customer 006,Singapore,Online,A002,Control Unit Module,Electronics,Autonomous,780,5,0.05,3705.0,2100,1605.0,90,Retail,Automotive OEM,109
O004144,2023-12-20,C0202,Customer 202,Thailand,Online,M004,Patient Monitoring Module,Medical Equipment,Medical,8500,1,0.06,7990.0,5000,2990.0,41,Retail,Industrial Automation,161
O004145,2023-08-06,C0211,Customer 211,Thailand,Online,M003,Anesthesia Machine,Medical Equipment,Medical,25000,3,0.06,70500.0,45000,25500.0,60,SME,Hospital Systems,74
O004146,2023-01-06,C0138,Customer 138,Singapore,Direct Sales,M002,Operating Table,Medical Equipment,Medical,18000,1,0.14,15480.0,11000,4480.0,32,Enterprise,Technology,119
O004147,2023-08-31,C0220,Customer 220,Malaysia,Direct Sales,S001,Smart Home Controller,IoT Devices,Smart Devices,180,10,0.03,1746.0,900,846.0,40,SME,Hospital Systems,113
O004148,2023-02-24,C0013,Customer 013,China,Retail,S004,Smart Lock Control Board,IoT Devices,Smart Devices,140,16,0.08,2060.8,1120,940.8,21,Enterprise,Consumer Electronics,95
O004149,2023-07-25,C0176,Customer 176,China,Retail,A004,Robotics Motion Controller,Electronics,Autonomous,950,4,0.04,3648.0,2160,1488.0,45,Retail,Technology,105
O004150,2023-07-04,C0072,Customer 072,Indonesia,Distributor,A004,Robotics Motion Controller,Electronics,Autonomous,950,4,0.09,3458.0,2160,1298.0,15,SME,Hospital Systems,20
O004151,2023-03-29,C0089,Customer 089,Singapore,Direct Sales,S001,Smart Home Controller,IoT Devices,Smart Devices,180,9,0.08,1490.4,810,680.4,65,SME,Smart Home,80
O004152,2025-01-20,C0118,Customer 118,Indonesia,Direct Sales,A004,Robotics Motion Controller,Electronics,Autonomous,950,7,0.03,6450.5,3780,2670.5,76,Enterprise,Industrial Automation,145
O004153,2023-03-04,C0179,Customer 179,Indonesia,Direct Sales,S004,Smart Lock Control Board,IoT Devices,Smart Devices,140,7,0.12,862.4,490,372.4,41,Enterprise,Medical Distributors,65
O004154,2023-05-05,C0047,Customer 047,Malaysia,Direct Sales,A004,Robotics Motion Controller,Electronics,Autonomous,950,3,0.04,2736.0,1620,1116.0,18,Enterprise,Technology,109
O004155,2023-03-28,C0087,Customer 087,China,Retail,A003,Sensor Processing Unit,Electronics,Autonomous,620,5,0.03,3007.0,1750,1257.0,47,Enterprise,Robotics,111
O004156,2023-04-21,C0120,Customer 120,Malaysia,Distributor,A004,Robotics Motion Controller,Electronics,Autonomous,950,3,0.08,2622.0,1620,1002.0,42,Enterprise,Industrial Automation,55
O004157,2023-04-08,C0061,Customer 061,Thailand,Online,A001,Advanced PCB Board,Electronics,Autonomous,450,9,0.1,3645.0,2250,1395.0,2,SME,Medical Distributors,118
O004158,2024-07-18,C0136,Customer 136,China,Online,A004,Robotics Motion Controller,Electronics,Autonomous,950,5,0.04,4560.0,2700,1860.0,79,Enterprise,Smart Home,138
O004159,2025-03-31,C0100,Customer 100,China,Direct Sales,M003,Anesthesia Machine,Medical Equipment,Medical,25000,2,0.08,46000.0,30000,16000.0,19,SME,Robotics,168
O004160,2023-02-20,C0191,Customer 191,Indonesia,Retail,M001,Surgical Light System,Medical Equipment,Medical,12000,1,0.1,10800.0,7000,3800.0,37,Enterprise,Hospital Systems,77
O004161,2025-12-24,C0160,Customer 160,China,Online,S001,Smart Home Controller,IoT Devices,Smart Devices,180,11,0.04,1900.8,990,910.8,76,Retail,Smart Home,110
O004162,2025-05-29,C0027,Customer 027,Indonesia,Online,S002,Drone Navigation Module,IoT Devices,Smart Devices,320,13,0.04,3993.6,2210,1783.6,15,Retail,Consumer Electronics,76
O004163,2024-02-23,C0094,Customer 094,Thailand,Direct Sales,M002,Operating Table,Medical Equipment,Medical,18000,1,0.05,17100.0,11000,6100.0,87,SME,Technology,55
O004164,2024-02-15,C0074,Customer 074,Malaysia,Retail,S002,Drone Navigation Module,IoT Devices,Smart Devices,320,11,0.04,3379.2,1870,1509.2,40,SME,Hospital Systems,94
O004165,2025-06-19,C0217,Customer 217,Indonesia,Retail,A001,Advanced PCB Board,Electronics,Autonomous,450,4,0.09,1638.0,1000,638.0,78,Retail,Hospital Systems,128
O004166,2025-06-13,C0207,Customer 207,Thailand,Direct Sales,M003,Anesthesia Machine,Medical Equipment,Medical,25000,3,0.05,71250.0,45000,26250.0,19,SME,Industrial Automation,63
O004167,2023-05-12,C0147,Customer 147,Thailand,Distributor,S001,Smart Home Controller,IoT Devices,Smart Devices,180,11,0.1,1782.0,990,792.0,35,SME,Technology,79
O004168,2025-08-30,C0149,Customer 149,Indonesia,Direct Sales,M001,Surgical Light System,Medical Equipment,Medical,12000,1,0.03,11640.0,7000,4640.0,25,Retail,Automotive OEM,56
O004169,2024-06-28,C0188,Customer 188,China,Retail,A003,Sensor Processing Unit,Electronics,Autonomous,620,5,0.05,2945.0,1750,1195.0,32,Retail,Technology,117
O004170,2024-09-28,C0012,Customer 012,Malaysia,Direct Sales,A002,Control Unit Module,Electronics,Autonomous,780,1,0.08,717.6,420,297.6,30,Retail,Medical Distributors,26
O004171,2023-08-27,C0130,Customer 130,China,Retail,M001,Surgical Light System,Medical Equipment,Medical,12000,2,0.07,22320.0,14000,8320.0,10,SME,Robotics,152
O004172,2025-08-15,C0005,Customer 005,Indonesia,Online,M002,Operating Table,Medical Equipment,Medical,18000,2,0.03,34920.0,22000,12920.0,76,SME,Technology,72
O004173,2024-06-21,C0178,Customer 178,China,Distributor,S002,Drone Navigation Module,IoT Devices,Smart Devices,320,5,0.08,1472.0,850,622.0,85,SME,Smart Home,103
O004174,2023-05-20,C0139,Customer 139,Indonesia,Online,S004,Smart Lock Control Board,IoT Devices,Smart Devices,140,11,0.08,1416.8,770,646.8,44,SME,Industrial Automation,8
O004175,2024-10-07,C0006,Customer 006,Singapore,Direct Sales,M004,Patient Monitoring Module,Medical Equipment,Medical,8500,1,0.05,8075.0,5000,3075.0,90,Retail,Automotive OEM,109
O004176,2023-12-19,C0125,Customer 125,Malaysia,Online,M001,Surgical Light System,Medical Equipment,Medical,12000,1,0.07,11160.0,7000,4160.0,31,Retail,Automotive OEM,33
O004177,2025-10-24,C0043,Customer 043,Malaysia,Online,M001,Surgical Light System,Medical Equipment,Medical,12000,2,0.08,22080.0,14000,8080.0,32,SME,Technology,122
O004178,2025-10-14,C0181,Customer 181,Indonesia,Retail,A003,Sensor Processing Unit,Electronics,Autonomous,620,5,0.07,2883.0,1750,1133.0,25,SME,Hospital Systems,133
O004179,2023-05-14,C0093,Customer 093,Thailand,Retail,M004,Patient Monitoring Module,Medical Equipment,Medical,8500,2,0.14,14620.0,10000,4620.0,75,Enterprise,Industrial Automation,156
O004180,2023-09-04,C0066,Customer 066,Thailand,Retail,A003,Sensor Processing Unit,Electronics,Autonomous,620,8,0.07,4612.8,2800,1812.8,18,Retail,Medical Distributors,68
O004181,2024-08-22,C0118,Customer 118,Indonesia,Retail,M002,Operating Table,Medical Equipment,Medical,18000,1,0.17,14940.0,11000,3940.0,76,Enterprise,Industrial Automation,145
O004182,2023-07-23,C0219,Customer 219,Malaysia,Distributor,M003,Anesthesia Machine,Medical Equipment,Medical,25000,1,0.06,23500.0,15000,8500.0,87,SME,Smart Home,169
O004183,2023-04-11,C0220,Customer 220,Malaysia,Retail,A004,Robotics Motion Controller,Electronics,Autonomous,950,4,0.07,3534.0,2160,1374.0,40,SME,Hospital Systems,113
O004184,2024-05-23,C0206,Customer 206,Thailand,Distributor,M004,Patient Monitoring Module,Medical Equipment,Medical,8500,1,0.08,7820.0,5000,2820.0,42,Retail,Hospital Systems,15
O004185,2025-06-13,C0115,Customer 115,Indonesia,Distributor,M003,Anesthesia Machine,Medical Equipment,Medical,25000,3,0.08,69000.0,45000,24000.0,63,Retail,Robotics,57
O004186,2025-11-21,C0165,Customer 165,Malaysia,Online,S003,Wireless Sensor Node,IoT Devices,Smart Devices,95,7,0.08,611.8,315,296.8,90,Enterprise,Smart Home,117
O004187,2023-08-22,C0013,Customer 013,China,Retail,S002,Drone Navigation Module,IoT Devices,Smart Devices,320,6,0.1,1728.0,1020,708.0,21,Enterprise,Consumer Electronics,95
O004188,2023-05-18,C0029,Customer 029,Indonesia,Online,S004,Smart Lock Control Board,IoT Devices,Smart Devices,140,7,0.01,970.2,490,480.2,81,Retail,Medical Distributors,77
O004189,2025-06-01,C0014,Customer 014,Thailand,Distributor,S003,Wireless Sensor Node,IoT Devices,Smart Devices,95,8,0.03,737.2,360,377.2,90,Enterprise,Smart Home,175
O004190,2025-08-14,C0053,Customer 053,Thailand,Retail,M001,Surgical Light System,Medical Equipment,Medical,12000,2,0.16,20160.0,14000,6160.0,75,Enterprise,Hospital Systems,139
O004191,2023-12-18,C0179,Customer 179,Indonesia,Direct Sales,M002,Operating Table,Medical Equipment,Medical,18000,1,0.12,15840.0,11000,4840.0,41,Enterprise,Medical Distributors,65
O004192,2023-11-21,C0130,Customer 130,China,Direct Sales,S003,Wireless Sensor Node,IoT Devices,Smart Devices,95,6,0.09,518.7,270,248.7,10,SME,Robotics,152
O004193,2024-06-15,C0096,Customer 096,Thailand,Direct Sales,M002,Operating Table,Medical Equipment,Medical,18000,2,0.05,34200.0,22000,12200.0,12,SME,Consumer Electronics,61
O004194,2025-11-16,C0010,Customer 010,China,Retail,S002,Drone Navigation Module,IoT Devices,Smart Devices,320,11,0.11,3132.8,1870,1262.8,81,Enterprise,Smart Home,159
O004195,2023-08-18,C0194,Customer 194,China,Retail,M002,Operating Table,Medical Equipment,Medical,18000,3,0.1,48600.0,33000,15600.0,25,SME,Consumer Electronics,179
O004196,2025-10-28,C0048,Customer 048,Malaysia,Online,S003,Wireless Sensor Node,IoT Devices,Smart Devices,95,10,0.11,845.5,450,395.5,10,Enterprise,Robotics,114
O004197,2025-11-06,C0195,Customer 195,Malaysia,Direct Sales,M001,Surgical Light System,Medical Equipment,Medical,12000,2,0.1,21600.0,14000,7600.0,53,SME,Robotics,12
O004198,2025-03-28,C0082,Customer 082,Thailand,Online,A001,Advanced PCB Board,Electronics,Autonomous,450,4,0.06,1692.0,1000,692.0,45,Retail,Smart Home,165
O004199,2023-11-26,C0132,Customer 132,Singapore,Retail,M002,Operating Table,Medical Equipment,Medical,18000,2,0.1,32400.0,22000,10400.0,45,Retail,Hospital Systems,137
O004200,2024-12-30,C0156,Customer 156,Singapore,Distributor,S001,Smart Home Controller,IoT Devices,Smart Devices,180,3,0.05,513.0,270,243.0,63,Retail,Industrial Automation,19
O004201,2025-06-20,C0094,Customer 094,Thailand,Online,S001,Smart Home Controller,IoT Devices,Smart Devices,180,3,0.07,502.2,270,232.2,87,SME,Technology,55
O004202,2023-01-24,C0067,Customer 067,Singapore,Distributor,S001,Smart Home Controller,IoT Devices,Smart Devices,180,11,0.0,1980.0,990,990.0,35,Retail,Automotive OEM,73
O004203,2023-02-22,C0138,Customer 138,Singapore,Direct Sales,A001,Advanced PCB Board,Electronics,Autonomous,450,6,0.05,2565.0,1500,1065.0,32,Enterprise,Technology,119
O004204,2024-10-17,C0130,Customer 130,China,Direct Sales,A004,Robotics Motion Controller,Electronics,Autonomous,950,6,0.09,5187.0,3240,1947.0,10,SME,Robotics,152
O004205,2024-01-04,C0163,Customer 163,Malaysia,Retail,M004,Patient Monitoring Module,Medical Equipment,Medical,8500,4,0.14,29240.0,20000,9240.0,21,Enterprise,Medical Distributors,1
O004206,2024-09-05,C0033,Customer 033,Singapore,Retail,S002,Drone Navigation Module,IoT Devices,Smart Devices,320,7,0.04,2150.4,1190,960.4,11,Enterprise,Medical Distributors,125
O004207,2023-06-22,C0024,Customer 024,Malaysia,Retail,M003,Anesthesia Machine,Medical Equipment,Medical,25000,3,0.08,69000.0,45000,24000.0,77,SME,Industrial Automation,17
O004208,2024-07-07,C0213,Customer 213,Thailand,Retail,M003,Anesthesia Machine,Medical Equipment,Medical,25000,1,0.07,23250.0,15000,8250.0,89,SME,Industrial Automation,65
O004209,2025-10-30,C0132,Customer 132,Singapore,Retail,M003,Anesthesia Machine,Medical Equipment,Medical,25000,1,0.08,23000.0,15000,8000.0,45,Retail,Hospital Systems,137
O004210,2025-03-14,C0018,Customer 018,Singapore,Retail,S002,Drone Navigation Module,IoT Devices,Smart Devices,320,5,0.05,1520.0,850,670.0,35,Retail,Industrial Automation,17
O004211,2023-04-13,C0156,Customer 156,Singapore,Direct Sales,A001,Advanced PCB Board,Electronics,Autonomous,450,3,0.07,1255.5,750,505.5,63,Retail,Industrial Automation,19
O004212,2024-04-14,C0125,Customer 125,Malaysia,Direct Sales,S004,Smart Lock Control Board,IoT Devices,Smart Devices,140,11,0.02,1509.2,770,739.2,31,Retail,Automotive OEM,33
O004213,2023-07-01,C0037,Customer 037,Malaysia,Retail,S002,Drone Navigation Module,IoT Devices,Smart Devices,320,7,0.04,2150.4,1190,960.4,86,SME,Industrial Automation,167
O004214,2025-05-24,C0011,Customer 011,Thailand,Retail,M001,Surgical Light System,Medical Equipment,Medical,12000,2,0.09,21840.0,14000,7840.0,6,SME,Medical Distributors,170
O004215,2024-05-23,C0122,Customer 122,Thailand,Retail,M003,Anesthesia Machine,Medical Equipment,Medical,25000,1,0.05,23750.0,15000,8750.0,3,Retail,Technology,139
O004216,2024-04-04,C0028,Customer 028,China,Retail,A002,Control Unit Module,Electronics,Autonomous,780,3,0.05,2223.0,1260,963.0,93,Enterprise,Hospital Systems,68
O004217,2025-07-31,C0217,Customer 217,Indonesia,Retail,S002,Drone Navigation Module,IoT Devices,Smart Devices,320,10,0.01,3168.0,1700,1468.0,78,Retail,Hospital Systems,128
O004218,2023-04-03,C0204,Customer 204,Malaysia,Retail,S002,Drone Navigation Module,IoT Devices,Smart Devices,320,11,0.09,3203.2,1870,1333.2,30,SME,Smart Home,24
O004219,2024-08-02,C0191,Customer 191,Indonesia,Retail,S002,Drone Navigation Module,IoT Devices,Smart Devices,320,12,0.06,3609.6,2040,1569.6,37,Enterprise,Hospital Systems,77
O004220,2024-05-24,C0140,Customer 140,China,Online,S004,Smart Lock Control Board,IoT Devices,Smart Devices,140,8,0.07,1041.6,560,481.6,63,Retail,Automotive OEM,55
O004221,2025-05-29,C0203,Customer 203,China,Online,M001,Surgical Light System,Medical Equipment,Medical,12000,2,0.06,22560.0,14000,8560.0,80,Retail,Hospital Systems,18
O004222,2024-10-01,C0053,Customer 053,Thailand,Direct Sales,M003,Anesthesia Machine,Medical Equipment,Medical,25000,1,0.12,22000.0,15000,7000.0,75,Enterprise,Hospital Systems,139
O004223,2023-11-10,C0010,Customer 010,China,Online,S001,Smart Home Controller,IoT Devices,Smart Devices,180,6,0.04,1036.8,540,496.8,81,Enterprise,Smart Home,159
O004224,2023-10-19,C0064,Customer 064,Malaysia,Online,M003,Anesthesia Machine,Medical Equipment,Medical,25000,2,0.07,46500.0,30000,16500.0,57,SME,Automotive OEM,140
O004225,2024-05-12,C0220,Customer 220,Malaysia,Retail,S003,Wireless Sensor Node,IoT Devices,Smart Devices,95,11,0.05,992.75,495,497.75,40,SME,Hospital Systems,113
O004226,2023-09-14,C0023,Customer 023,Malaysia,Distributor,M001,Surgical Light System,Medical Equipment,Medical,12000,2,0.05,22800.0,14000,8800.0,7,SME,Medical Distributors,29
O004227,2025-03-30,C0143,Customer 143,China,Distributor,S001,Smart Home Controller,IoT Devices,Smart Devices,180,11,0.09,1801.8,990,811.8,89,SME,Robotics,122
O004228,2025-06-11,C0024,Customer 024,Malaysia,Online,M003,Anesthesia Machine,Medical Equipment,Medical,25000,2,0.06,47000.0,30000,17000.0,77,SME,Industrial Automation,17
O004229,2023-11-06,C0110,Customer 110,Malaysia,Retail,S001,Smart Home Controller,IoT Devices,Smart Devices,180,14,0.08,2318.4,1260,1058.4,91,SME,Automotive OEM,55
O004230,2023-05-20,C0152,Customer 152,Indonesia,Direct Sales,A003,Sensor Processing Unit,Electronics,Autonomous,620,3,0.07,1729.8,1050,679.8,7,Enterprise,Hospital Systems,142
O004231,2023-05-10,C0153,Customer 153,Thailand,Online,M002,Operating Table,Medical Equipment,Medical,18000,1,0.04,17280.0,11000,6280.0,82,SME,Automotive OEM,126
O004232,2023-08-20,C0001,Customer 001,Singapore,Distributor,S002,Drone Navigation Module,IoT Devices,Smart Devices,320,7,0.06,2105.6,1190,915.6,32,Enterprise,Smart Home,58
O004233,2023-12-01,C0084,Customer 084,Thailand,Retail,M004,Patient Monitoring Module,Medical Equipment,Medical,8500,3,0.09,23205.0,15000,8205.0,5,Enterprise,Smart Home,28
O004234,2024-03-12,C0130,Customer 130,China,Retail,A004,Robotics Motion Controller,Electronics,Autonomous,950,5,0.09,4322.5,2700,1622.5,10,SME,Robotics,152
O004235,2024-11-30,C0116,Customer 116,Thailand,Distributor,M003,Anesthesia Machine,Medical Equipment,Medical,25000,2,0.03,48500.0,30000,18500.0,50,SME,Hospital Systems,87
O004236,2024-06-05,C0069,Customer 069,Thailand,Direct Sales,A002,Control Unit Module,Electronics,Autonomous,780,2,0.05,1482.0,840,642.0,7,SME,Smart Home,24
O004237,2023-02-14,C0179,Customer 179,Indonesia,Online,M003,Anesthesia Machine,Medical Equipment,Medical,25000,2,0.17,41500.0,30000,11500.0,41,Enterprise,Medical Distributors,65
O004238,2024-07-24,C0150,Customer 150,China,Retail,A001,Advanced PCB Board,Electronics,Autonomous,450,5,0.03,2182.5,1250,932.5,13,Enterprise,Smart Home,50
O004239,2023-09-13,C0159,Customer 159,Indonesia,Direct Sales,S002,Drone Navigation Module,IoT Devices,Smart Devices,320,10,0.03,3104.0,1700,1404.0,67,Retail,Robotics,98
O004240,2023-03-06,C0082,Customer 082,Thailand,Online,M004,Patient Monitoring Module,Medical Equipment,Medical,8500,2,0.05,16150.0,10000,6150.0,45,Retail,Smart Home,165
O004241,2025-05-02,C0059,Customer 059,Indonesia,Direct Sales,A003,Sensor Processing Unit,Electronics,Autonomous,620,6,0.06,3496.8,2100,1396.8,27,SME,Smart Home,172
O004242,2025-09-18,C0031,Customer 031,Indonesia,Direct Sales,S004,Smart Lock Control Board,IoT Devices,Smart Devices,140,9,0.06,1184.4,630,554.4,77,Retail,Hospital Systems,83
O004243,2023-09-17,C0045,Customer 045,Thailand,Online,S004,Smart Lock Control Board,IoT Devices,Smart Devices,140,9,0.08,1159.2,630,529.2,94,SME,Technology,14
O004244,2023-03-27,C0149,Customer 149,Indonesia,Direct Sales,S001,Smart Home Controller,IoT Devices,Smart Devices,180,7,0.07,1171.8,630,541.8,25,Retail,Automotive OEM,56
O004245,2025-08-03,C0140,Customer 140,China,Distributor,S001,Smart Home Controller,IoT Devices,Smart Devices,180,8,0.01,1425.6,720,705.6,63,Retail,Automotive OEM,55
O004246,2023-06-13,C0104,Customer 104,China,Online,A004,Robotics Motion Controller,Electronics,Autonomous,950,5,0.05,4512.5,2700,1812.5,57,SME,Consumer Electronics,157
O004247,2023-08-03,C0062,Customer 062,Indonesia,Online,M004,Patient Monitoring Module,Medical Equipment,Medical,8500,1,0.07,7905.0,5000,2905.0,10,Retail,Medical Distributors,138
O004248,2025-03-18,C0146,Customer 146,Indonesia,Retail,S003,Wireless Sensor Node,IoT Devices,Smart Devices,95,8,0.12,668.8,360,308.8,55,SME,Consumer Electronics,141
O004249,2025-05-14,C0136,Customer 136,China,Distributor,S002,Drone Navigation Module,IoT Devices,Smart Devices,320,11,0.09,3203.2,1870,1333.2,79,Enterprise,Smart Home,138
O004250,2025-03-21,C0197,Customer 197,Malaysia,Retail,S004,Smart Lock Control Board,IoT Devices,Smart Devices,140,10,0.06,1316.0,700,616.0,17,SME,Hospital Systems,129
O004251,2025-11-03,C0092,Customer 092,Indonesia,Online,A003,Sensor Processing Unit,Electronics,Autonomous,620,2,0.08,1140.8,700,440.8,71,SME,Industrial Automation,1
O004252,2023-07-04,C0054,Customer 054,Singapore,Online,A002,Control Unit Module,Electronics,Autonomous,780,2,0.07,1450.8,840,610.8,7,SME,Hospital Systems,150
O004253,2024-10-04,C0057,Customer 057,Malaysia,Direct Sales,S003,Wireless Sensor Node,IoT Devices,Smart Devices,95,8,0.04,729.6,360,369.6,75,SME,Robotics,153
O004254,2023-10-04,C0044,Customer 044,China,Distributor,S004,Smart Lock Control Board,IoT Devices,Smart Devices,140,6,0.04,806.4,420,386.4,85,Enterprise,Medical Distributors,111
O004255,2025-09-05,C0048,Customer 048,Malaysia,Distributor,A002,Control Unit Module,Electronics,Autonomous,780,5,0.12,3432.0,2100,1332.0,10,Enterprise,Robotics,114
O004256,2025-02-20,C0120,Customer 120,Malaysia,Direct Sales,S004,Smart Lock Control Board,IoT Devices,Smart Devices,140,9,0.06,1184.4,630,554.4,42,Enterprise,Industrial Automation,55
O004257,2023-05-25,C0188,Customer 188,China,Direct Sales,A004,Robotics Motion Controller,Electronics,Autonomous,950,3,0.05,2707.5,1620,1087.5,32,Retail,Technology,117
O004258,2023-05-07,C0198,Customer 198,Indonesia,Retail,M004,Patient Monitoring Module,Medical Equipment,Medical,8500,2,0.1,15300.0,10000,5300.0,57,Enterprise,Medical Distributors,26
O004259,2024-10-05,C0152,Customer 152,Indonesia,Retail,M004,Patient Monitoring Module,Medical Equipment,Medical,8500,2,0.18,13940.0,10000,3940.0,7,Enterprise,Hospital Systems,142
O004260,2023-09-15,C0066,Customer 066,Thailand,Online,M002,Operating Table,Medical Equipment,Medical,18000,4,0.05,68400.0,44000,24400.0,18,Retail,Medical Distributors,68
O004261,2023-04-25,C0084,Customer 084,Thailand,Retail,A003,Sensor Processing Unit,Electronics,Autonomous,620,6,0.02,3645.6,2100,1545.6,5,Enterprise,Smart Home,28
O004262,2023-02-20,C0017,Customer 017,Indonesia,Online,S002,Drone Navigation Module,IoT Devices,Smart Devices,320,7,0.1,2016.0,1190,826.0,8,Enterprise,Consumer Electronics,59
O004263,2024-09-03,C0024,Customer 024,Malaysia,Online,S001,Smart Home Controller,IoT Devices,Smart Devices,180,10,0.05,1710.0,900,810.0,77,SME,Industrial Automation,17
O004264,2024-08-23,C0023,Customer 023,Malaysia,Retail,A003,Sensor Processing Unit,Electronics,Autonomous,620,8,0.07,4612.8,2800,1812.8,7,SME,Medical Distributors,29
O004265,2024-07-15,C0085,Customer 085,Indonesia,Retail,S004,Smart Lock Control Board,IoT Devices,Smart Devices,140,5,0.07,651.0,350,301.0,56,SME,Consumer Electronics,156
O004266,2025-04-20,C0213,Customer 213,Thailand,Online,M001,Surgical Light System,Medical Equipment,Medical,12000,1,0.09,10920.0,7000,3920.0,89,SME,Industrial Automation,65
O004267,2024-06-20,C0220,Customer 220,Malaysia,Direct Sales,M003,Anesthesia Machine,Medical Equipment,Medical,25000,2,0.09,45500.0,30000,15500.0,40,SME,Hospital Systems,113
O004268,2024-09-28,C0124,Customer 124,Singapore,Retail,A002,Control Unit Module,Electronics,Autonomous,780,5,0.09,3549.0,2100,1449.0,4,Retail,Hospital Systems,64
O004269,2025-09-30,C0190,Customer 190,Malaysia,Online,A004,Robotics Motion Controller,Electronics,Autonomous,950,3,0.06,2679.0,1620,1059.0,54,Retail,Smart Home,88
O004270,2023-03-01,C0192,Customer 192,Indonesia,Retail,S002,Drone Navigation Module,IoT Devices,Smart Devices,320,6,0.1,1728.0,1020,708.0,20,SME,Technology,115
O004271,2024-09-23,C0044,Customer 044,China,Distributor,A002,Control Unit Module,Electronics,Autonomous,780,3,0.07,2176.2,1260,916.2,85,Enterprise,Medical Distributors,111
O004272,2025-11-03,C0154,Customer 154,Singapore,Direct Sales,S002,Drone Navigation Module,IoT Devices,Smart Devices,320,8,0.03,2483.2,1360,1123.2,61,Retail,Smart Home,123
O004273,2024-05-11,C0099,Customer 099,China,Online,A002,Control Unit Module,Electronics,Autonomous,780,7,0.08,5023.2,2940,2083.2,92,SME,Robotics,179
O004274,2025-02-19,C0191,Customer 191,Indonesia,Distributor,M003,Anesthesia Machine,Medical Equipment,Medical,25000,1,0.16,21000.0,15000,6000.0,37,Enterprise,Hospital Systems,77
O004275,2024-11-20,C0085,Customer 085,Indonesia,Online,S004,Smart Lock Control Board,IoT Devices,Smart Devices,140,9,0.03,1222.2,630,592.2,56,SME,Consumer Electronics,156
O004276,2025-03-23,C0115,Customer 115,Indonesia,Online,S003,Wireless Sensor Node,IoT Devices,Smart Devices,95,14,0.05,1263.5,630,633.5,63,Retail,Robotics,57
O004277,2024-12-11,C0031,Customer 031,Indonesia,Direct Sales,M004,Patient Monitoring Module,Medical Equipment,Medical,8500,2,0.03,16490.0,10000,6490.0,77,Retail,Hospital Systems,83
O004278,2025-05-21,C0003,Customer 003,Singapore,Distributor,M003,Anesthesia Machine,Medical Equipment,Medical,25000,2,0.09,45500.0,30000,15500.0,30,Enterprise,Robotics,130
O004279,2023-11-08,C0052,Customer 052,China,Distributor,A001,Advanced PCB Board,Electronics,Autonomous,450,5,0.15,1912.5,1250,662.5,20,Enterprise,Technology,49
O004280,2025-07-14,C0096,Customer 096,Thailand,Retail,A003,Sensor Processing Unit,Electronics,Autonomous,620,5,0.08,2852.0,1750,1102.0,12,SME,Consumer Electronics,61
O004281,2025-08-28,C0009,Customer 009,Thailand,Retail,A001,Advanced PCB Board,Electronics,Autonomous,450,3,0.03,1309.5,750,559.5,69,Retail,Technology,32
O004282,2024-10-09,C0201,Customer 201,Thailand,Direct Sales,S002,Drone Navigation Module,IoT Devices,Smart Devices,320,6,0.07,1785.6,1020,765.6,84,Enterprise,Industrial Automation,21
O004283,2023-08-01,C0042,Customer 042,Indonesia,Distributor,M002,Operating Table,Medical Equipment,Medical,18000,1,0.11,16020.0,11000,5020.0,28,Enterprise,Technology,139
O004284,2023-07-24,C0200,Customer 200,China,Online,M002,Operating Table,Medical Equipment,Medical,18000,4,0.09,65520.0,44000,21520.0,10,Retail,Automotive OEM,121
O004285,2025-10-27,C0213,Customer 213,Thailand,Retail,A001,Advanced PCB Board,Electronics,Autonomous,450,10,0.1,4050.0,2500,1550.0,89,SME,Industrial Automation,65
O004286,2023-01-13,C0036,Customer 036,Indonesia,Direct Sales,S001,Smart Home Controller,IoT Devices,Smart Devices,180,7,0.04,1209.6,630,579.6,70,SME,Robotics,177
O004287,2025-11-23,C0066,Customer 066,Thailand,Retail,A003,Sensor Processing Unit,Electronics,Autonomous,620,5,0.08,2852.0,1750,1102.0,18,Retail,Medical Distributors,68
O004288,2023-09-19,C0067,Customer 067,Singapore,Direct Sales,M004,Patient Monitoring Module,Medical Equipment,Medical,8500,5,0.04,40800.0,25000,15800.0,35,Retail,Automotive OEM,73
O004289,2025-01-03,C0099,Customer 099,China,Direct Sales,A004,Robotics Motion Controller,Electronics,Autonomous,950,3,0.09,2593.5,1620,973.5,92,SME,Robotics,179
O004290,2024-07-13,C0179,Customer 179,Indonesia,Distributor,A004,Robotics Motion Controller,Electronics,Autonomous,950,7,0.15,5652.5,3780,1872.5,41,Enterprise,Medical Distributors,65
O004291,2025-04-16,C0173,Customer 173,Malaysia,Distributor,A001,Advanced PCB Board,Electronics,Autonomous,450,3,0.11,1201.5,750,451.5,87,Retail,Hospital Systems,69
O004292,2025-05-20,C0184,Customer 184,China,Distributor,M002,Operating Table,Medical Equipment,Medical,18000,3,0.15,45900.0,33000,12900.0,91,Enterprise,Robotics,41
O004293,2023-12-04,C0148,Customer 148,Thailand,Distributor,M001,Surgical Light System,Medical Equipment,Medical,12000,4,0.13,41760.0,28000,13760.0,41,Enterprise,Robotics,31
O004294,2024-04-13,C0175,Customer 175,China,Retail,S004,Smart Lock Control Board,IoT Devices,Smart Devices,140,13,0.03,1765.4,910,855.4,75,Retail,Automotive OEM,112
O004295,2025-05-30,C0065,Customer 065,Thailand,Retail,A002,Control Unit Module,Electronics,Autonomous,780,11,0.09,7807.8,4620,3187.8,86,SME,Hospital Systems,142
O004296,2025-12-26,C0137,Customer 137,China,Retail,M001,Surgical Light System,Medical Equipment,Medical,12000,1,0.07,11160.0,7000,4160.0,42,SME,Smart Home,63
O004297,2023-12-12,C0042,Customer 042,Indonesia,Online,A002,Control Unit Module,Electronics,Autonomous,780,4,0.1,2808.0,1680,1128.0,28,Enterprise,Technology,139
O004298,2023-12-25,C0140,Customer 140,China,Distributor,A001,Advanced PCB Board,Electronics,Autonomous,450,3,0.06,1269.0,750,519.0,63,Retail,Automotive OEM,55
O004299,2024-04-21,C0150,Customer 150,China,Online,S001,Smart Home Controller,IoT Devices,Smart Devices,180,9,0.11,1441.8,810,631.8,13,Enterprise,Smart Home,50
O004300,2025-01-11,C0107,Customer 107,Indonesia,Direct Sales,A001,Advanced PCB Board,Electronics,Autonomous,450,5,0.02,2205.0,1250,955.0,36,SME,Robotics,113
O004301,2025-05-29,C0217,Customer 217,Indonesia,Online,A001,Advanced PCB Board,Electronics,Autonomous,450,6,0.07,2511.0,1500,1011.0,78,Retail,Hospital Systems,128
O004302,2024-08-07,C0171,Customer 171,Indonesia,Retail,S003,Wireless Sensor Node,IoT Devices,Smart Devices,95,11,0.06,982.3,495,487.3,77,SME,Medical Distributors,11
O004303,2023-10-26,C0045,Customer 045,Thailand,Direct Sales,M004,Patient Monitoring Module,Medical Equipment,Medical,8500,2,0.04,16320.0,10000,6320.0,94,SME,Technology,14
O004304,2024-02-01,C0194,Customer 194,China,Retail,M003,Anesthesia Machine,Medical Equipment,Medical,25000,1,0.05,23750.0,15000,8750.0,25,SME,Consumer Electronics,179
O004305,2025-10-03,C0058,Customer 058,Singapore,Direct Sales,S003,Wireless Sensor Node,IoT Devices,Smart Devices,95,15,0.07,1325.25,675,650.25,85,SME,Industrial Automation,150
O004306,2025-03-26,C0011,Customer 011,Thailand,Distributor,M004,Patient Monitoring Module,Medical Equipment,Medical,8500,2,0.08,15640.0,10000,5640.0,6,SME,Medical Distributors,170
O004307,2023-12-07,C0027,Customer 027,Indonesia,Distributor,A004,Robotics Motion Controller,Electronics,Autonomous,950,4,0.05,3610.0,2160,1450.0,15,Retail,Consumer Electronics,76
O004308,2025-02-16,C0055,Customer 055,China,Distributor,S003,Wireless Sensor Node,IoT Devices,Smart Devices,95,6,0.1,513.0,270,243.0,8,SME,Automotive OEM,131
O004309,2025-08-30,C0117,Customer 117,China,Direct Sales,A002,Control Unit Module,Electronics,Autonomous,780,11,0.07,7979.4,4620,3359.4,17,SME,Technology,160
O004310,2023-05-05,C0155,Customer 155,China,Retail,M002,Operating Table,Medical Equipment,Medical,18000,2,0.18,29520.0,22000,7520.0,33,Enterprise,Hospital Systems,123
O004311,2023-03-27,C0145,Customer 145,Malaysia,Online,A001,Advanced PCB Board,Electronics,Autonomous,450,6,0.08,2484.0,1500,984.0,40,SME,Robotics,170
O004312,2024-02-03,C0157,Customer 157,Indonesia,Retail,M001,Surgical Light System,Medical Equipment,Medical,12000,1,0.07,11160.0,7000,4160.0,20,SME,Hospital Systems,39
O004313,2024-04-15,C0109,Customer 109,Thailand,Distributor,A002,Control Unit Module,Electronics,Autonomous,780,8,0.08,5740.8,3360,2380.8,18,Retail,Medical Distributors,39
O004314,2024-04-14,C0046,Customer 046,Singapore,Distributor,A002,Control Unit Module,Electronics,Autonomous,780,8,0.14,5366.4,3360,2006.4,14,Enterprise,Consumer Electronics,64
O004315,2023-01-25,C0007,Customer 007,Thailand,Direct Sales,M001,Surgical Light System,Medical Equipment,Medical,12000,2,0.13,20880.0,14000,6880.0,44,Enterprise,Robotics,27
O004316,2025-03-22,C0107,Customer 107,Indonesia,Retail,A004,Robotics Motion Controller,Electronics,Autonomous,950,8,0.06,7144.0,4320,2824.0,36,SME,Robotics,113
O004317,2025-11-19,C0132,Customer 132,Singapore,Retail,M002,Operating Table,Medical Equipment,Medical,18000,3,0.05,51300.0,33000,18300.0,45,Retail,Hospital Systems,137
O004318,2023-12-19,C0037,Customer 037,Malaysia,Online,A001,Advanced PCB Board,Electronics,Autonomous,450,8,0.04,3456.0,2000,1456.0,86,SME,Industrial Automation,167
O004319,2025-01-06,C0009,Customer 009,Thailand,Online,A001,Advanced PCB Board,Electronics,Autonomous,450,1,0.05,427.5,250,177.5,69,Retail,Technology,32
O004320,2025-12-24,C0099,Customer 099,China,Online,M004,Patient Monitoring Module,Medical Equipment,Medical,8500,2,0.08,15640.0,10000,5640.0,92,SME,Robotics,179
O004321,2025-08-31,C0183,Customer 183,Singapore,Distributor,S002,Drone Navigation Module,IoT Devices,Smart Devices,320,11,0.07,3273.6,1870,1403.6,37,Enterprise,Automotive OEM,113
O004322,2023-08-08,C0069,Customer 069,Thailand,Online,M001,Surgical Light System,Medical Equipment,Medical,12000,1,0.05,11400.0,7000,4400.0,7,SME,Smart Home,24
O004323,2023-09-10,C0151,Customer 151,Thailand,Retail,M003,Anesthesia Machine,Medical Equipment,Medical,25000,1,0.18,20500.0,15000,5500.0,39,Enterprise,Automotive OEM,4
O004324,2025-11-15,C0024,Customer 024,Malaysia,Online,S003,Wireless Sensor Node,IoT Devices,Smart Devices,95,9,0.11,760.95,405,355.95,77,SME,Industrial Automation,17
O004325,2025-03-01,C0144,Customer 144,China,Retail,S002,Drone Navigation Module,IoT Devices,Smart Devices,320,8,0.12,2252.8,1360,892.8,12,SME,Hospital Systems,76
O004326,2025-12-16,C0147,Customer 147,Thailand,Distributor,S001,Smart Home Controller,IoT Devices,Smart Devices,180,9,0.11,1441.8,810,631.8,35,SME,Technology,79
O004327,2023-05-05,C0104,Customer 104,China,Online,A001,Advanced PCB Board,Electronics,Autonomous,450,1,0.06,423.0,250,173.0,57,SME,Consumer Electronics,157
O004328,2023-09-30,C0040,Customer 040,Malaysia,Direct Sales,A004,Robotics Motion Controller,Electronics,Autonomous,950,6,0.04,5472.0,3240,2232.0,10,SME,Hospital Systems,162
O004329,2025-07-09,C0188,Customer 188,China,Distributor,S003,Wireless Sensor Node,IoT Devices,Smart Devices,95,4,0.02,372.4,180,192.4,32,Retail,Technology,117
O004330,2024-04-21,C0086,Customer 086,Indonesia,Direct Sales,M001,Surgical Light System,Medical Equipment,Medical,12000,3,0.17,29880.0,21000,8880.0,33,Enterprise,Robotics,12
O004331,2025-02-19,C0025,Customer 025,China,Online,S004,Smart Lock Control Board,IoT Devices,Smart Devices,140,7,0.05,931.0,490,441.0,68,SME,Technology,65
O004332,2023-09-28,C0096,Customer 096,Thailand,Distributor,M004,Patient Monitoring Module,Medical Equipment,Medical,8500,1,0.07,7905.0,5000,2905.0,12,SME,Consumer Electronics,61
O004333,2023-11-30,C0159,Customer 159,Indonesia,Distributor,S001,Smart Home Controller,IoT Devices,Smart Devices,180,11,0.02,1940.4,990,950.4,67,Retail,Robotics,98
O004334,2023-07-31,C0056,Customer 056,Singapore,Direct Sales,M003,Anesthesia Machine,Medical Equipment,Medical,25000,1,0.1,22500.0,15000,7500.0,77,Retail,Medical Distributors,18
O004335,2025-10-20,C0017,Customer 017,Indonesia,Retail,M001,Surgical Light System,Medical Equipment,Medical,12000,2,0.17,19920.0,14000,5920.0,8,Enterprise,Consumer Electronics,59
O004336,2023-11-18,C0073,Customer 073,Malaysia,Distributor,S002,Drone Navigation Module,IoT Devices,Smart Devices,320,10,0.12,2816.0,1700,1116.0,75,SME,Consumer Electronics,142
O004337,2025-11-24,C0046,Customer 046,Singapore,Direct Sales,S001,Smart Home Controller,IoT Devices,Smart Devices,180,3,0.09,491.4,270,221.4,14,Enterprise,Consumer Electronics,64
O004338,2024-03-10,C0125,Customer 125,Malaysia,Distributor,M003,Anesthesia Machine,Medical Equipment,Medical,25000,3,0.04,72000.0,45000,27000.0,31,Retail,Automotive OEM,33
O004339,2023-08-28,C0049,Customer 049,Indonesia,Distributor,M001,Surgical Light System,Medical Equipment,Medical,12000,1,0.1,10800.0,7000,3800.0,12,Enterprise,Hospital Systems,61
O004340,2023-01-05,C0054,Customer 054,Singapore,Direct Sales,M001,Surgical Light System,Medical Equipment,Medical,12000,1,0.08,11040.0,7000,4040.0,7,SME,Hospital Systems,150
O004341,2025-03-01,C0180,Customer 180,Thailand,Retail,A004,Robotics Motion Controller,Electronics,Autonomous,950,4,0.05,3610.0,2160,1450.0,66,Enterprise,Industrial Automation,1
O004342,2023-04-03,C0209,Customer 209,Singapore,Retail,M001,Surgical Light System,Medical Equipment,Medical,12000,2,0.08,22080.0,14000,8080.0,80,SME,Industrial Automation,175
O004343,2023-09-07,C0204,Customer 204,Malaysia,Direct Sales,M001,Surgical Light System,Medical Equipment,Medical,12000,3,0.09,32760.0,21000,11760.0,30,SME,Smart Home,24
O004344,2024-01-23,C0029,Customer 029,Indonesia,Retail,A002,Control Unit Module,Electronics,Autonomous,780,5,0.08,3588.0,2100,1488.0,81,Retail,Medical Distributors,77
O004345,2024-08-14,C0070,Customer 070,China,Distributor,M001,Surgical Light System,Medical Equipment,Medical,12000,3,0.09,32760.0,21000,11760.0,1,Retail,Hospital Systems,86
O004346,2024-08-15,C0119,Customer 119,Singapore,Distributor,A002,Control Unit Module,Electronics,Autonomous,780,5,0.11,3471.0,2100,1371.0,18,Enterprise,Industrial Automation,119
O004347,2023-06-24,C0047,Customer 047,Malaysia,Direct Sales,S002,Drone Navigation Module,IoT Devices,Smart Devices,320,10,0.1,2880.0,1700,1180.0,18,Enterprise,Technology,109
O004348,2024-07-19,C0157,Customer 157,Indonesia,Distributor,A003,Sensor Processing Unit,Electronics,Autonomous,620,11,0.07,6342.6,3850,2492.6,20,SME,Hospital Systems,39
O004349,2024-09-25,C0049,Customer 049,Indonesia,Online,A003,Sensor Processing Unit,Electronics,Autonomous,620,7,0.09,3949.4,2450,1499.4,12,Enterprise,Hospital Systems,61
O004350,2023-07-20,C0104,Customer 104,China,Direct Sales,M001,Surgical Light System,Medical Equipment,Medical,12000,2,0.04,23040.0,14000,9040.0,57,SME,Consumer Electronics,157
O004351,2023-02-04,C0176,Customer 176,China,Retail,A004,Robotics Motion Controller,Electronics,Autonomous,950,5,0.09,4322.5,2700,1622.5,45,Retail,Technology,105
O004352,2023-01-08,C0087,Customer 087,China,Online,A002,Control Unit Module,Electronics,Autonomous,780,6,0.1,4212.0,2520,1692.0,47,Enterprise,Robotics,111
O004353,2025-02-15,C0009,Customer 009,Thailand,Direct Sales,A004,Robotics Motion Controller,Electronics,Autonomous,950,4,0.05,3610.0,2160,1450.0,69,Retail,Technology,32
O004354,2023-04-05,C0202,Customer 202,Thailand,Retail,A003,Sensor Processing Unit,Electronics,Autonomous,620,6,0.1,3348.0,2100,1248.0,41,Retail,Industrial Automation,161
O004355,2025-03-09,C0200,Customer 200,China,Online,A003,Sensor Processing Unit,Electronics,Autonomous,620,5,0.03,3007.0,1750,1257.0,10,Retail,Automotive OEM,121
O004356,2023-01-27,C0161,Customer 161,Thailand,Retail,S003,Wireless Sensor Node,IoT Devices,Smart Devices,95,15,0.11,1268.25,675,593.25,79,SME,Hospital Systems,26
O004357,2024-09-04,C0102,Customer 102,Malaysia,Direct Sales,M002,Operating Table,Medical Equipment,Medical,18000,4,0.08,66240.0,44000,22240.0,7,Retail,Technology,143
O004358,2024-04-05,C0071,Customer 071,Malaysia,Direct Sales,A001,Advanced PCB Board,Electronics,Autonomous,450,3,0.08,1242.0,750,492.0,21,SME,Smart Home,114
O004359,2024-10-25,C0215,Customer 215,Singapore,Retail,M002,Operating Table,Medical Equipment,Medical,18000,3,0.14,46440.0,33000,13440.0,74,Enterprise,Consumer Electronics,76
O004360,2024-07-04,C0055,Customer 055,China,Retail,S002,Drone Navigation Module,IoT Devices,Smart Devices,320,11,0.03,3414.4,1870,1544.4,8,SME,Automotive OEM,131
O004361,2023-01-31,C0166,Customer 166,Singapore,Distributor,A002,Control Unit Module,Electronics,Autonomous,780,5,0.09,3549.0,2100,1449.0,81,SME,Smart Home,151
O004362,2024-02-19,C0121,Customer 121,China,Distributor,A001,Advanced PCB Board,Electronics,Autonomous,450,4,0.09,1638.0,1000,638.0,36,Enterprise,Industrial Automation,108
O004363,2025-04-09,C0037,Customer 037,Malaysia,Retail,M003,Anesthesia Machine,Medical Equipment,Medical,25000,2,0.07,46500.0,30000,16500.0,86,SME,Industrial Automation,167
O004364,2023-02-01,C0096,Customer 096,Thailand,Distributor,S001,Smart Home Controller,IoT Devices,Smart Devices,180,7,0.08,1159.2,630,529.2,12,SME,Consumer Electronics,61
O004365,2025-12-01,C0013,Customer 013,China,Direct Sales,S003,Wireless Sensor Node,IoT Devices,Smart Devices,95,8,0.07,706.8,360,346.8,21,Enterprise,Consumer Electronics,95
O004366,2025-09-20,C0148,Customer 148,Thailand,Direct Sales,S002,Drone Navigation Module,IoT Devices,Smart Devices,320,12,0.06,3609.6,2040,1569.6,41,Enterprise,Robotics,31
O004367,2025-01-29,C0014,Customer 014,Thailand,Retail,S002,Drone Navigation Module,IoT Devices,Smart Devices,320,7,0.05,2128.0,1190,938.0,90,Enterprise,Smart Home,175
O004368,2025-07-17,C0191,Customer 191,Indonesia,Retail,M002,Operating Table,Medical Equipment,Medical,18000,3,0.17,44820.0,33000,11820.0,37,Enterprise,Hospital Systems,77
O004369,2023-02-17,C0161,Customer 161,Thailand,Distributor,S004,Smart Lock Control Board,IoT Devices,Smart Devices,140,6,0.04,806.4,420,386.4,79,SME,Hospital Systems,26
O004370,2023-06-28,C0093,Customer 093,Thailand,Retail,M003,Anesthesia Machine,Medical Equipment,Medical,25000,2,0.17,41500.0,30000,11500.0,75,Enterprise,Industrial Automation,156
O004371,2025-01-04,C0173,Customer 173,Malaysia,Distributor,A004,Robotics Motion Controller,Electronics,Autonomous,950,6,0.09,5187.0,3240,1947.0,87,Retail,Hospital Systems,69
O004372,2024-09-11,C0052,Customer 052,China,Direct Sales,M002,Operating Table,Medical Equipment,Medical,18000,3,0.16,45360.0,33000,12360.0,20,Enterprise,Technology,49
O004373,2025-01-24,C0158,Customer 158,Indonesia,Direct Sales,M003,Anesthesia Machine,Medical Equipment,Medical,25000,2,0.08,46000.0,30000,16000.0,32,Retail,Medical Distributors,31
O004374,2025-01-09,C0018,Customer 018,Singapore,Online,A002,Control Unit Module,Electronics,Autonomous,780,8,0.1,5616.0,3360,2256.0,35,Retail,Industrial Automation,17
O004375,2023-08-30,C0046,Customer 046,Singapore,Retail,A004,Robotics Motion Controller,Electronics,Autonomous,950,7,0.06,6251.0,3780,2471.0,14,Enterprise,Consumer Electronics,64
O004376,2023-07-04,C0095,Customer 095,Indonesia,Distributor,S003,Wireless Sensor Node,IoT Devices,Smart Devices,95,8,0.07,706.8,360,346.8,85,SME,Automotive OEM,22
O004377,2025-02-27,C0060,Customer 060,Thailand,Distributor,S002,Drone Navigation Module,IoT Devices,Smart Devices,320,11,0.1,3168.0,1870,1298.0,17,Enterprise,Industrial Automation,172
O004378,2023-07-17,C0003,Customer 003,Singapore,Distributor,S001,Smart Home Controller,IoT Devices,Smart Devices,180,8,0.06,1353.6,720,633.6,30,Enterprise,Robotics,130
O004379,2025-04-04,C0203,Customer 203,China,Retail,M003,Anesthesia Machine,Medical Equipment,Medical,25000,1,0.05,23750.0,15000,8750.0,80,Retail,Hospital Systems,18
O004380,2023-11-30,C0033,Customer 033,Singapore,Retail,M003,Anesthesia Machine,Medical Equipment,Medical,25000,1,0.11,22250.0,15000,7250.0,11,Enterprise,Medical Distributors,125
O004381,2023-06-02,C0156,Customer 156,Singapore,Direct Sales,A004,Robotics Motion Controller,Electronics,Autonomous,950,1,0.08,874.0,540,334.0,63,Retail,Industrial Automation,19
O004382,2024-06-25,C0042,Customer 042,Indonesia,Online,S004,Smart Lock Control Board,IoT Devices,Smart Devices,140,14,0.05,1862.0,980,882.0,28,Enterprise,Technology,139
O004383,2023-09-28,C0142,Customer 142,Thailand,Online,M002,Operating Table,Medical Equipment,Medical,18000,1,0.08,16560.0,11000,5560.0,11,SME,Robotics,62
O004384,2025-02-02,C0134,Customer 134,Thailand,Direct Sales,A004,Robotics Motion Controller,Electronics,Autonomous,950,5,0.05,4512.5,2700,1812.5,63,Enterprise,Industrial Automation,28
O004385,2025-11-01,C0116,Customer 116,Thailand,Direct Sales,M003,Anesthesia Machine,Medical Equipment,Medical,25000,1,0.09,22750.0,15000,7750.0,50,SME,Hospital Systems,87
O004386,2023-10-17,C0189,Customer 189,Indonesia,Online,M003,Anesthesia Machine,Medical Equipment,Medical,25000,1,0.13,21750.0,15000,6750.0,77,Enterprise,Robotics,131
O004387,2023-01-01,C0131,Customer 131,Malaysia,Direct Sales,S004,Smart Lock Control Board,IoT Devices,Smart Devices,140,13,0.11,1619.8,910,709.8,88,Enterprise,Smart Home,154
O004388,2023-04-12,C0207,Customer 207,Thailand,Retail,M002,Operating Table,Medical Equipment,Medical,18000,3,0.05,51300.0,33000,18300.0,19,SME,Industrial Automation,63
O004389,2024-12-01,C0072,Customer 072,Indonesia,Online,A003,Sensor Processing Unit,Electronics,Autonomous,620,7,0.1,3906.0,2450,1456.0,15,SME,Hospital Systems,20
O004390,2025-07-29,C0168,Customer 168,Thailand,Distributor,M003,Anesthesia Machine,Medical Equipment,Medical,25000,2,0.09,45500.0,30000,15500.0,8,Retail,Medical Distributors,43
O004391,2024-07-24,C0071,Customer 071,Malaysia,Distributor,A004,Robotics Motion Controller,Electronics,Autonomous,950,6,0.1,5130.0,3240,1890.0,21,SME,Smart Home,114
O004392,2024-11-02,C0048,Customer 048,Malaysia,Online,S004,Smart Lock Control Board,IoT Devices,Smart Devices,140,13,0.03,1765.4,910,855.4,10,Enterprise,Robotics,114
O004393,2023-07-02,C0203,Customer 203,China,Distributor,A004,Robotics Motion Controller,Electronics,Autonomous,950,7,0.07,6184.5,3780,2404.5,80,Retail,Hospital Systems,18
O004394,2024-06-20,C0120,Customer 120,Malaysia,Retail,S004,Smart Lock Control Board,IoT Devices,Smart Devices,140,9,0.05,1197.0,630,567.0,42,Enterprise,Industrial Automation,55
O004395,2023-10-07,C0126,Customer 126,China,Direct Sales,A003,Sensor Processing Unit,Electronics,Autonomous,620,5,0.05,2945.0,1750,1195.0,60,SME,Robotics,180
O004396,2025-02-03,C0036,Customer 036,Indonesia,Retail,M001,Surgical Light System,Medical Equipment,Medical,12000,1,0.03,11640.0,7000,4640.0,70,SME,Robotics,177
O004397,2024-12-20,C0065,Customer 065,Thailand,Direct Sales,S001,Smart Home Controller,IoT Devices,Smart Devices,180,10,0.04,1728.0,900,828.0,86,SME,Hospital Systems,142
O004398,2025-01-31,C0188,Customer 188,China,Distributor,M001,Surgical Light System,Medical Equipment,Medical,12000,3,0.09,32760.0,21000,11760.0,32,Retail,Technology,117
O004399,2023-08-12,C0038,Customer 038,Thailand,Direct Sales,S003,Wireless Sensor Node,IoT Devices,Smart Devices,95,10,0.06,893.0,450,443.0,16,SME,Technology,64
O004400,2025-05-25,C0202,Customer 202,Thailand,Direct Sales,M002,Operating Table,Medical Equipment,Medical,18000,2,0.08,33120.0,22000,11120.0,41,Retail,Industrial Automation,161
O004401,2024-04-10,C0069,Customer 069,Thailand,Direct Sales,A004,Robotics Motion Controller,Electronics,Autonomous,950,7,0.09,6051.5,3780,2271.5,7,SME,Smart Home,24
O004402,2023-10-06,C0131,Customer 131,Malaysia,Direct Sales,M004,Patient Monitoring Module,Medical Equipment,Medical,8500,2,0.08,15640.0,10000,5640.0,88,Enterprise,Smart Home,154
O004403,2023-05-26,C0197,Customer 197,Malaysia,Online,A003,Sensor Processing Unit,Electronics,Autonomous,620,4,0.07,2306.4,1400,906.4,17,SME,Hospital Systems,129
O004404,2023-01-10,C0137,Customer 137,China,Online,A004,Robotics Motion Controller,Electronics,Autonomous,950,2,0.09,1729.0,1080,649.0,42,SME,Smart Home,63
O004405,2023-06-27,C0130,Customer 130,China,Online,S001,Smart Home Controller,IoT Devices,Smart Devices,180,17,0.08,2815.2,1530,1285.2,10,SME,Robotics,152
O004406,2024-11-01,C0016,Customer 016,Malaysia,Online,S004,Smart Lock Control Board,IoT Devices,Smart Devices,140,5,0.05,665.0,350,315.0,82,SME,Smart Home,177
O004407,2023-10-16,C0147,Customer 147,Thailand,Retail,S002,Drone Navigation Module,IoT Devices,Smart Devices,320,7,0.07,2083.2,1190,893.2,35,SME,Technology,79
O004408,2024-03-12,C0117,Customer 117,China,Online,A003,Sensor Processing Unit,Electronics,Autonomous,620,4,0.03,2405.6,1400,1005.6,17,SME,Technology,160
O004409,2024-06-10,C0214,Customer 214,China,Retail,A001,Advanced PCB Board,Electronics,Autonomous,450,4,0.08,1656.0,1000,656.0,50,Retail,Robotics,124
O004410,2025-04-26,C0071,Customer 071,Malaysia,Direct Sales,S004,Smart Lock Control Board,IoT Devices,Smart Devices,140,8,0.12,985.6,560,425.6,21,SME,Smart Home,114
O004411,2025-11-20,C0165,Customer 165,Malaysia,Retail,M003,Anesthesia Machine,Medical Equipment,Medical,25000,1,0.1,22500.0,15000,7500.0,90,Enterprise,Smart Home,117
O004412,2024-09-28,C0023,Customer 023,Malaysia,Direct Sales,S001,Smart Home Controller,IoT Devices,Smart Devices,180,12,0.05,2052.0,1080,972.0,7,SME,Medical Distributors,29
O004413,2023-05-25,C0022,Customer 022,China,Online,M001,Surgical Light System,Medical Equipment,Medical,12000,2,0.05,22800.0,14000,8800.0,47,Retail,Industrial Automation,57
O004414,2023-11-11,C0036,Customer 036,Indonesia,Retail,A002,Control Unit Module,Electronics,Autonomous,780,5,0.04,3744.0,2100,1644.0,70,SME,Robotics,177
O004415,2024-01-11,C0043,Customer 043,Malaysia,Retail,M002,Operating Table,Medical Equipment,Medical,18000,1,0.09,16380.0,11000,5380.0,32,SME,Technology,122
O004416,2024-03-12,C0103,Customer 103,Malaysia,Online,S004,Smart Lock Control Board,IoT Devices,Smart Devices,140,6,0.04,806.4,420,386.4,59,Retail,Medical Distributors,35
O004417,2025-12-09,C0174,Customer 174,Indonesia,Online,M004,Patient Monitoring Module,Medical Equipment,Medical,8500,1,0.17,7055.0,5000,2055.0,61,Enterprise,Automotive OEM,133
O004418,2023-11-07,C0075,Customer 075,Singapore,Direct Sales,A003,Sensor Processing Unit,Electronics,Autonomous,620,3,0.05,1767.0,1050,717.0,88,Retail,Robotics,64
O004419,2024-07-13,C0193,Customer 193,Indonesia,Retail,S001,Smart Home Controller,IoT Devices,Smart Devices,180,7,0.03,1222.2,630,592.2,71,SME,Consumer Electronics,140
O004420,2025-05-29,C0043,Customer 043,Malaysia,Distributor,A004,Robotics Motion Controller,Electronics,Autonomous,950,5,0.11,4227.5,2700,1527.5,32,SME,Technology,122
O004421,2024-03-24,C0197,Customer 197,Malaysia,Online,S004,Smart Lock Control Board,IoT Devices,Smart Devices,140,5,0.11,623.0,350,273.0,17,SME,Hospital Systems,129
O004422,2025-10-27,C0083,Customer 083,Indonesia,Online,M004,Patient Monitoring Module,Medical Equipment,Medical,8500,1,0.1,7650.0,5000,2650.0,4,SME,Consumer Electronics,30
O004423,2024-10-13,C0168,Customer 168,Thailand,Retail,M004,Patient Monitoring Module,Medical Equipment,Medical,8500,2,0.09,15470.0,10000,5470.0,8,Retail,Medical Distributors,43
O004424,2024-09-02,C0148,Customer 148,Thailand,Distributor,A003,Sensor Processing Unit,Electronics,Autonomous,620,3,0.1,1674.0,1050,624.0,41,Enterprise,Robotics,31
O004425,2024-11-08,C0048,Customer 048,Malaysia,Direct Sales,A002,Control Unit Module,Electronics,Autonomous,780,4,0.06,2932.8,1680,1252.8,10,Enterprise,Robotics,114
O004426,2025-06-28,C0169,Customer 169,Thailand,Direct Sales,A001,Advanced PCB Board,Electronics,Autonomous,450,4,0.05,1710.0,1000,710.0,57,SME,Smart Home,32
O004427,2025-07-08,C0185,Customer 185,Thailand,Online,S002,Drone Navigation Module,IoT Devices,Smart Devices,320,13,0.06,3910.4,2210,1700.4,12,SME,Industrial Automation,58
O004428,2025-01-15,C0143,Customer 143,China,Distributor,A003,Sensor Processing Unit,Electronics,Autonomous,620,3,0.07,1729.8,1050,679.8,89,SME,Robotics,122
O004429,2024-01-10,C0146,Customer 146,Indonesia,Direct Sales,S004,Smart Lock Control Board,IoT Devices,Smart Devices,140,6,0.08,772.8,420,352.8,55,SME,Consumer Electronics,141
O004430,2024-11-13,C0212,Customer 212,Indonesia,Direct Sales,A002,Control Unit Module,Electronics,Autonomous,780,5,0.02,3822.0,2100,1722.0,45,Enterprise,Technology,151
O004431,2024-09-25,C0040,Customer 040,Malaysia,Direct Sales,S004,Smart Lock Control Board,IoT Devices,Smart Devices,140,14,0.09,1783.6,980,803.6,10,SME,Hospital Systems,162
O004432,2023-07-28,C0183,Customer 183,Singapore,Direct Sales,M004,Patient Monitoring Module,Medical Equipment,Medical,8500,2,0.18,13940.0,10000,3940.0,37,Enterprise,Automotive OEM,113
O004433,2023-07-25,C0185,Customer 185,Thailand,Retail,A004,Robotics Motion Controller,Electronics,Autonomous,950,8,0.03,7372.0,4320,3052.0,12,SME,Industrial Automation,58
O004434,2023-02-09,C0164,Customer 164,China,Online,M003,Anesthesia Machine,Medical Equipment,Medical,25000,4,0.09,91000.0,60000,31000.0,38,SME,Technology,9
O004435,2025-06-30,C0029,Customer 029,Indonesia,Retail,S003,Wireless Sensor Node,IoT Devices,Smart Devices,95,6,0.0,570.0,270,300.0,81,Retail,Medical Distributors,77
O004436,2023-12-29,C0044,Customer 044,China,Direct Sales,M003,Anesthesia Machine,Medical Equipment,Medical,25000,1,0.12,22000.0,15000,7000.0,85,Enterprise,Medical Distributors,111
O004437,2025-01-29,C0126,Customer 126,China,Online,M004,Patient Monitoring Module,Medical Equipment,Medical,8500,2,0.09,15470.0,10000,5470.0,60,SME,Robotics,180
O004438,2024-07-02,C0058,Customer 058,Singapore,Direct Sales,S004,Smart Lock Control Board,IoT Devices,Smart Devices,140,9,0.09,1146.6,630,516.6,85,SME,Industrial Automation,150
O004439,2023-01-02,C0098,Customer 098,Singapore,Distributor,M002,Operating Table,Medical Equipment,Medical,18000,1,0.1,16200.0,11000,5200.0,79,Enterprise,Technology,19
O004440,2024-10-04,C0118,Customer 118,Indonesia,Online,S002,Drone Navigation Module,IoT Devices,Smart Devices,320,9,0.11,2563.2,1530,1033.2,76,Enterprise,Industrial Automation,145
O004441,2023-05-02,C0055,Customer 055,China,Distributor,M001,Surgical Light System,Medical Equipment,Medical,12000,2,0.09,21840.0,14000,7840.0,8,SME,Automotive OEM,131
O004442,2023-04-14,C0066,Customer 066,Thailand,Online,M002,Operating Table,Medical Equipment,Medical,18000,1,0.04,17280.0,11000,6280.0,18,Retail,Medical Distributors,68
O004443,2024-03-15,C0212,Customer 212,Indonesia,Distributor,S004,Smart Lock Control Board,IoT Devices,Smart Devices,140,12,0.11,1495.2,840,655.2,45,Enterprise,Technology,151
O004444,2024-12-11,C0037,Customer 037,Malaysia,Online,S003,Wireless Sensor Node,IoT Devices,Smart Devices,95,4,0.07,353.4,180,173.4,86,SME,Industrial Automation,167
O004445,2024-11-26,C0008,Customer 008,Singapore,Retail,M001,Surgical Light System,Medical Equipment,Medical,12000,1,0.05,11400.0,7000,4400.0,45,SME,Consumer Electronics,155
O004446,2025-10-05,C0218,Customer 218,Thailand,Retail,M002,Operating Table,Medical Equipment,Medical,18000,1,0.08,16560.0,11000,5560.0,78,Retail,Robotics,91
O004447,2023-09-22,C0041,Customer 041,Singapore,Direct Sales,A004,Robotics Motion Controller,Electronics,Autonomous,950,4,0.09,3458.0,2160,1298.0,43,Enterprise,Hospital Systems,19
O004448,2025-01-19,C0013,Customer 013,China,Direct Sales,S003,Wireless Sensor Node,IoT Devices,Smart Devices,95,11,0.11,930.05,495,435.05,21,Enterprise,Consumer Electronics,95
O004449,2023-05-15,C0029,Customer 029,Indonesia,Direct Sales,M001,Surgical Light System,Medical Equipment,Medical,12000,2,0.1,21600.0,14000,7600.0,81,Retail,Medical Distributors,77
O004450,2024-08-12,C0159,Customer 159,Indonesia,Distributor,S003,Wireless Sensor Node,IoT Devices,Smart Devices,95,5,0.08,437.0,225,212.0,67,Retail,Robotics,98
O004451,2023-01-25,C0169,Customer 169,Thailand,Direct Sales,M004,Patient Monitoring Module,Medical Equipment,Medical,8500,2,0.03,16490.0,10000,6490.0,57,SME,Smart Home,32
O004452,2024-12-14,C0181,Customer 181,Indonesia,Direct Sales,M003,Anesthesia Machine,Medical Equipment,Medical,25000,2,0.09,45500.0,30000,15500.0,25,SME,Hospital Systems,133
O004453,2025-05-27,C0012,Customer 012,Malaysia,Online,M001,Surgical Light System,Medical Equipment,Medical,12000,3,0.03,34920.0,21000,13920.0,30,Retail,Medical Distributors,26
O004454,2024-09-06,C0149,Customer 149,Indonesia,Direct Sales,S003,Wireless Sensor Node,IoT Devices,Smart Devices,95,8,0.08,699.2,360,339.2,25,Retail,Automotive OEM,56
O004455,2024-11-20,C0033,Customer 033,Singapore,Distributor,S002,Drone Navigation Module,IoT Devices,Smart Devices,320,12,0.12,3379.2,2040,1339.2,11,Enterprise,Medical Distributors,125
O004456,2025-01-05,C0077,Customer 077,Malaysia,Distributor,A002,Control Unit Module,Electronics,Autonomous,780,6,0.14,4024.8,2520,1504.8,53,Retail,Automotive OEM,7
O004457,2024-11-28,C0030,Customer 030,Indonesia,Direct Sales,M003,Anesthesia Machine,Medical Equipment,Medical,25000,3,0.06,70500.0,45000,25500.0,48,SME,Automotive OEM,42
O004458,2023-05-25,C0044,Customer 044,China,Direct Sales,M001,Surgical Light System,Medical Equipment,Medical,12000,3,0.12,31680.0,21000,10680.0,85,Enterprise,Medical Distributors,111
O004459,2025-09-24,C0121,Customer 121,China,Direct Sales,S002,Drone Navigation Module,IoT Devices,Smart Devices,320,10,0.09,2912.0,1700,1212.0,36,Enterprise,Industrial Automation,108
O004460,2025-03-25,C0037,Customer 037,Malaysia,Retail,S002,Drone Navigation Module,IoT Devices,Smart Devices,320,4,0.11,1139.2,680,459.2,86,SME,Industrial Automation,167
O004461,2023-05-01,C0198,Customer 198,Indonesia,Retail,M002,Operating Table,Medical Equipment,Medical,18000,2,0.15,30600.0,22000,8600.0,57,Enterprise,Medical Distributors,26
O004462,2025-09-04,C0125,Customer 125,Malaysia,Direct Sales,A001,Advanced PCB Board,Electronics,Autonomous,450,2,0.08,828.0,500,328.0,31,Retail,Automotive OEM,33
O004463,2024-05-09,C0020,Customer 020,China,Online,A004,Robotics Motion Controller,Electronics,Autonomous,950,5,0.08,4370.0,2700,1670.0,19,SME,Technology,68
O004464,2023-09-14,C0016,Customer 016,Malaysia,Distributor,S004,Smart Lock Control Board,IoT Devices,Smart Devices,140,6,0.09,764.4,420,344.4,82,SME,Smart Home,177
O004465,2024-08-14,C0163,Customer 163,Malaysia,Online,A001,Advanced PCB Board,Electronics,Autonomous,450,6,0.09,2457.0,1500,957.0,21,Enterprise,Medical Distributors,1
O004466,2023-02-12,C0123,Customer 123,Singapore,Retail,M001,Surgical Light System,Medical Equipment,Medical,12000,4,0.06,45120.0,28000,17120.0,29,Retail,Consumer Electronics,167
O004467,2025-02-11,C0069,Customer 069,Thailand,Online,M003,Anesthesia Machine,Medical Equipment,Medical,25000,1,0.05,23750.0,15000,8750.0,7,SME,Smart Home,24
O004468,2024-03-22,C0042,Customer 042,Indonesia,Online,M003,Anesthesia Machine,Medical Equipment,Medical,25000,4,0.16,84000.0,60000,24000.0,28,Enterprise,Technology,139
O004469,2023-05-30,C0117,Customer 117,China,Distributor,A004,Robotics Motion Controller,Electronics,Autonomous,950,3,0.15,2422.5,1620,802.5,17,SME,Technology,160
O004470,2024-10-03,C0018,Customer 018,Singapore,Distributor,A001,Advanced PCB Board,Electronics,Autonomous,450,2,0.14,774.0,500,274.0,35,Retail,Industrial Automation,17
O004471,2024-01-12,C0002,Customer 002,Malaysia,Direct Sales,A001,Advanced PCB Board,Electronics,Autonomous,450,4,0.06,1692.0,1000,692.0,76,SME,Medical Distributors,109
O004472,2024-06-05,C0136,Customer 136,China,Direct Sales,M003,Anesthesia Machine,Medical Equipment,Medical,25000,1,0.14,21500.0,15000,6500.0,79,Enterprise,Smart Home,138
O004473,2023-11-03,C0157,Customer 157,Indonesia,Distributor,M004,Patient Monitoring Module,Medical Equipment,Medical,8500,1,0.05,8075.0,5000,3075.0,20,SME,Hospital Systems,39
O004474,2023-07-15,C0101,Customer 101,Singapore,Direct Sales,M002,Operating Table,Medical Equipment,Medical,18000,2,0.08,33120.0,22000,11120.0,55,Retail,Medical Distributors,57
O004475,2023-03-07,C0031,Customer 031,Indonesia,Direct Sales,S002,Drone Navigation Module,IoT Devices,Smart Devices,320,9,0.05,2736.0,1530,1206.0,77,Retail,Hospital Systems,83
O004476,2025-05-13,C0112,Customer 112,China,Direct Sales,S003,Wireless Sensor Node,IoT Devices,Smart Devices,95,12,0.06,1071.6,540,531.6,50,Enterprise,Industrial Automation,150
O004477,2023-01-12,C0090,Customer 090,China,Retail,S003,Wireless Sensor Node,IoT Devices,Smart Devices,95,8,0.08,699.2,360,339.2,71,Enterprise,Smart Home,33
O004478,2024-05-12,C0003,Customer 003,Singapore,Distributor,M001,Surgical Light System,Medical Equipment,Medical,12000,1,0.17,9960.0,7000,2960.0,30,Enterprise,Robotics,130
O004479,2023-08-27,C0093,Customer 093,Thailand,Retail,M002,Operating Table,Medical Equipment,Medical,18000,1,0.12,15840.0,11000,4840.0,75,Enterprise,Industrial Automation,156
O004480,2024-03-26,C0111,Customer 111,Singapore,Direct Sales,M003,Anesthesia Machine,Medical Equipment,Medical,25000,2,0.05,47500.0,30000,17500.0,70,SME,Consumer Electronics,120
O004481,2024-11-16,C0015,Customer 015,Singapore,Online,A004,Robotics Motion Controller,Electronics,Autonomous,950,1,0.08,874.0,540,334.0,69,SME,Automotive OEM,63
O004482,2025-07-12,C0209,Customer 209,Singapore,Distributor,A002,Control Unit Module,Electronics,Autonomous,780,7,0.06,5132.4,2940,2192.4,80,SME,Industrial Automation,175
O004483,2025-05-17,C0108,Customer 108,Singapore,Distributor,A001,Advanced PCB Board,Electronics,Autonomous,450,5,0.09,2047.5,1250,797.5,35,SME,Robotics,86
O004484,2024-04-17,C0164,Customer 164,China,Retail,M004,Patient Monitoring Module,Medical Equipment,Medical,8500,3,0.08,23460.0,15000,8460.0,38,SME,Technology,9
O004485,2024-01-02,C0013,Customer 013,China,Distributor,M001,Surgical Light System,Medical Equipment,Medical,12000,2,0.13,20880.0,14000,6880.0,21,Enterprise,Consumer Electronics,95
O004486,2024-12-25,C0055,Customer 055,China,Distributor,S001,Smart Home Controller,IoT Devices,Smart Devices,180,9,0.04,1555.2,810,745.2,8,SME,Automotive OEM,131
O004487,2025-08-04,C0071,Customer 071,Malaysia,Direct Sales,A004,Robotics Motion Controller,Electronics,Autonomous,950,7,0.08,6118.0,3780,2338.0,21,SME,Smart Home,114
O004488,2023-09-16,C0016,Customer 016,Malaysia,Retail,M001,Surgical Light System,Medical Equipment,Medical,12000,2,0.04,23040.0,14000,9040.0,82,SME,Smart Home,177
O004489,2024-12-06,C0122,Customer 122,Thailand,Distributor,M003,Anesthesia Machine,Medical Equipment,Medical,25000,1,0.08,23000.0,15000,8000.0,3,Retail,Technology,139
O004490,2023-01-13,C0084,Customer 084,Thailand,Distributor,M003,Anesthesia Machine,Medical Equipment,Medical,25000,3,0.12,66000.0,45000,21000.0,5,Enterprise,Smart Home,28
O004491,2023-12-11,C0161,Customer 161,Thailand,Distributor,M002,Operating Table,Medical Equipment,Medical,18000,2,0.03,34920.0,22000,12920.0,79,SME,Hospital Systems,26
O004492,2025-12-10,C0097,Customer 097,Thailand,Retail,M002,Operating Table,Medical Equipment,Medical,18000,2,0.15,30600.0,22000,8600.0,19,Enterprise,Robotics,7
O004493,2025-01-19,C0047,Customer 047,Malaysia,Direct Sales,S002,Drone Navigation Module,IoT Devices,Smart Devices,320,6,0.07,1785.6,1020,765.6,18,Enterprise,Technology,109
O004494,2023-08-18,C0136,Customer 136,China,Retail,S001,Smart Home Controller,IoT Devices,Smart Devices,180,5,0.05,855.0,450,405.0,79,Enterprise,Smart Home,138
O004495,2025-01-30,C0028,Customer 028,China,Direct Sales,A002,Control Unit Module,Electronics,Autonomous,780,5,0.08,3588.0,2100,1488.0,93,Enterprise,Hospital Systems,68
O004496,2024-10-02,C0205,Customer 205,China,Retail,S002,Drone Navigation Module,IoT Devices,Smart Devices,320,7,0.06,2105.6,1190,915.6,57,Retail,Medical Distributors,43
O004497,2025-08-21,C0208,Customer 208,Indonesia,Direct Sales,M003,Anesthesia Machine,Medical Equipment,Medical,25000,1,0.06,23500.0,15000,8500.0,22,SME,Automotive OEM,45
O004498,2025-11-24,C0179,Customer 179,Indonesia,Direct Sales,M001,Surgical Light System,Medical Equipment,Medical,12000,2,0.16,20160.0,14000,6160.0,41,Enterprise,Medical Distributors,65
O004499,2024-11-26,C0073,Customer 073,Malaysia,Retail,M004,Patient Monitoring Module,Medical Equipment,Medical,8500,1,0.07,7905.0,5000,2905.0,75,SME,Consumer Electronics,142
O004500,2024-03-18,C0142,Customer 142,Thailand,Retail,M002,Operating Table,Medical Equipment,Medical,18000,1,0.07,16740.0,11000,5740.0,11,SME,Robotics,62
O004501,2023-11-13,C0129,Customer 129,Indonesia,Retail,S001,Smart Home Controller,IoT Devices,Smart Devices,180,12,0.11,1922.4,1080,842.4,74,Enterprise,Smart Home,174
O004502,2025-11-08,C0134,Customer 134,Thailand,Online,A001,Advanced PCB Board,Electronics,Autonomous,450,4,0.1,1620.0,1000,620.0,63,Enterprise,Industrial Automation,28
O004503,2024-09-28,C0164,Customer 164,China,Direct Sales,M001,Surgical Light System,Medical Equipment,Medical,12000,1,0.1,10800.0,7000,3800.0,38,SME,Technology,9
O004504,2023-10-10,C0146,Customer 146,Indonesia,Retail,M003,Anesthesia Machine,Medical Equipment,Medical,25000,2,0.04,48000.0,30000,18000.0,55,SME,Consumer Electronics,141
O004505,2023-04-21,C0046,Customer 046,Singapore,Distributor,M003,Anesthesia Machine,Medical Equipment,Medical,25000,1,0.14,21500.0,15000,6500.0,14,Enterprise,Consumer Electronics,64
O004506,2023-09-19,C0034,Customer 034,Singapore,Distributor,S003,Wireless Sensor Node,IoT Devices,Smart Devices,95,10,0.01,940.5,450,490.5,17,Retail,Automotive OEM,169
O004507,2023-11-15,C0147,Customer 147,Thailand,Online,M001,Surgical Light System,Medical Equipment,Medical,12000,1,0.04,11520.0,7000,4520.0,35,SME,Technology,79
O004508,2024-07-24,C0036,Customer 036,Indonesia,Online,A004,Robotics Motion Controller,Electronics,Autonomous,950,3,0.07,2650.5,1620,1030.5,70,SME,Robotics,177
O004509,2023-09-27,C0160,Customer 160,China,Direct Sales,S004,Smart Lock Control Board,IoT Devices,Smart Devices,140,6,0.01,831.6,420,411.6,76,Retail,Smart Home,110
O004510,2025-01-07,C0162,Customer 162,Malaysia,Distributor,S002,Drone Navigation Module,IoT Devices,Smart Devices,320,6,0.09,1747.2,1020,727.2,85,SME,Smart Home,21
O004511,2023-09-17,C0069,Customer 069,Thailand,Direct Sales,S004,Smart Lock Control Board,IoT Devices,Smart Devices,140,10,0.04,1344.0,700,644.0,7,SME,Smart Home,24
O004512,2024-03-01,C0033,Customer 033,Singapore,Online,M001,Surgical Light System,Medical Equipment,Medical,12000,2,0.17,19920.0,14000,5920.0,11,Enterprise,Medical Distributors,125
O004513,2023-11-02,C0129,Customer 129,Indonesia,Distributor,M004,Patient Monitoring Module,Medical Equipment,Medical,8500,4,0.09,30940.0,20000,10940.0,74,Enterprise,Smart Home,174
O004514,2025-06-17,C0097,Customer 097,Thailand,Online,A004,Robotics Motion Controller,Electronics,Autonomous,950,3,0.09,2593.5,1620,973.5,19,Enterprise,Robotics,7
O004515,2023-09-18,C0215,Customer 215,Singapore,Direct Sales,S004,Smart Lock Control Board,IoT Devices,Smart Devices,140,10,0.05,1330.0,700,630.0,74,Enterprise,Consumer Electronics,76
O004516,2024-02-02,C0107,Customer 107,Indonesia,Distributor,M001,Surgical Light System,Medical Equipment,Medical,12000,1,0.07,11160.0,7000,4160.0,36,SME,Robotics,113
O004517,2025-05-05,C0217,Customer 217,Indonesia,Direct Sales,A002,Control Unit Module,Electronics,Autonomous,780,6,0.05,4446.0,2520,1926.0,78,Retail,Hospital Systems,128
O004518,2025-03-21,C0028,Customer 028,China,Direct Sales,M004,Patient Monitoring Module,Medical Equipment,Medical,8500,2,0.15,14450.0,10000,4450.0,93,Enterprise,Hospital Systems,68
O004519,2023-04-28,C0114,Customer 114,Thailand,Distributor,A002,Control Unit Module,Electronics,Autonomous,780,5,0.14,3354.0,2100,1254.0,54,Enterprise,Industrial Automation,138
O004520,2025-06-20,C0133,Customer 133,China,Retail,A004,Robotics Motion Controller,Electronics,Autonomous,950,3,0.05,2707.5,1620,1087.5,65,SME,Medical Distributors,166
O004521,2023-07-16,C0127,Customer 127,Thailand,Distributor,S002,Drone Navigation Module,IoT Devices,Smart Devices,320,9,0.01,2851.2,1530,1321.2,78,Retail,Automotive OEM,156
O004522,2023-05-26,C0178,Customer 178,China,Direct Sales,S003,Wireless Sensor Node,IoT Devices,Smart Devices,95,7,0.09,605.15,315,290.15,85,SME,Smart Home,103
O004523,2023-07-03,C0147,Customer 147,Thailand,Direct Sales,A003,Sensor Processing Unit,Electronics,Autonomous,620,7,0.06,4079.6,2450,1629.6,35,SME,Technology,79
O004524,2025-02-13,C0022,Customer 022,China,Direct Sales,S002,Drone Navigation Module,IoT Devices,Smart Devices,320,9,0.07,2678.4,1530,1148.4,47,Retail,Industrial Automation,57
O004525,2023-11-22,C0190,Customer 190,Malaysia,Distributor,S002,Drone Navigation Module,IoT Devices,Smart Devices,320,8,0.01,2534.4,1360,1174.4,54,Retail,Smart Home,88
O004526,2023-03-01,C0129,Customer 129,Indonesia,Distributor,A001,Advanced PCB Board,Electronics,Autonomous,450,5,0.13,1957.5,1250,707.5,74,Enterprise,Smart Home,174
O004527,2024-07-19,C0151,Customer 151,Thailand,Retail,M002,Operating Table,Medical Equipment,Medical,18000,2,0.12,31680.0,22000,9680.0,39,Enterprise,Automotive OEM,4
O004528,2023-11-05,C0042,Customer 042,Indonesia,Direct Sales,S002,Drone Navigation Module,IoT Devices,Smart Devices,320,11,0.1,3168.0,1870,1298.0,28,Enterprise,Technology,139
O004529,2024-02-20,C0156,Customer 156,Singapore,Retail,M002,Operating Table,Medical Equipment,Medical,18000,1,0.06,16920.0,11000,5920.0,63,Retail,Industrial Automation,19
O004530,2025-10-23,C0142,Customer 142,Thailand,Online,M001,Surgical Light System,Medical Equipment,Medical,12000,1,0.06,11280.0,7000,4280.0,11,SME,Robotics,62
O004531,2025-01-24,C0078,Customer 078,Malaysia,Retail,A003,Sensor Processing Unit,Electronics,Autonomous,620,6,0.06,3496.8,2100,1396.8,53,SME,Consumer Electronics,172
O004532,2023-03-25,C0149,Customer 149,Indonesia,Distributor,A003,Sensor Processing Unit,Electronics,Autonomous,620,3,0.12,1636.8,1050,586.8,25,Retail,Automotive OEM,56
O004533,2023-11-10,C0185,Customer 185,Thailand,Retail,M002,Operating Table,Medical Equipment,Medical,18000,1,0.06,16920.0,11000,5920.0,12,SME,Industrial Automation,58
O004534,2023-05-04,C0007,Customer 007,Thailand,Online,A001,Advanced PCB Board,Electronics,Autonomous,450,3,0.08,1242.0,750,492.0,44,Enterprise,Robotics,27
O004535,2024-06-05,C0194,Customer 194,China,Direct Sales,A001,Advanced PCB Board,Electronics,Autonomous,450,3,0.06,1269.0,750,519.0,25,SME,Consumer Electronics,179
O004536,2025-06-02,C0027,Customer 027,Indonesia,Distributor,A003,Sensor Processing Unit,Electronics,Autonomous,620,10,0.12,5456.0,3500,1956.0,15,Retail,Consumer Electronics,76
O004537,2024-01-22,C0051,Customer 051,Singapore,Distributor,S004,Smart Lock Control Board,IoT Devices,Smart Devices,140,7,0.08,901.6,490,411.6,50,Enterprise,Hospital Systems,68
O004538,2024-12-05,C0083,Customer 083,Indonesia,Online,M001,Surgical Light System,Medical Equipment,Medical,12000,5,0.08,55200.0,35000,20200.0,4,SME,Consumer Electronics,30
O004539,2025-02-10,C0204,Customer 204,Malaysia,Retail,M003,Anesthesia Machine,Medical Equipment,Medical,25000,1,0.04,24000.0,15000,9000.0,30,SME,Smart Home,24
O004540,2023-12-12,C0164,Customer 164,China,Distributor,A003,Sensor Processing Unit,Electronics,Autonomous,620,4,0.09,2256.8,1400,856.8,38,SME,Technology,9
O004541,2023-08-29,C0191,Customer 191,Indonesia,Online,M002,Operating Table,Medical Equipment,Medical,18000,2,0.18,29520.0,22000,7520.0,37,Enterprise,Hospital Systems,77
O004542,2024-06-07,C0100,Customer 100,China,Retail,M004,Patient Monitoring Module,Medical Equipment,Medical,8500,1,0.08,7820.0,5000,2820.0,19,SME,Robotics,168
O004543,2024-12-04,C0040,Customer 040,Malaysia,Online,S003,Wireless Sensor Node,IoT Devices,Smart Devices,95,10,0.05,902.5,450,452.5,10,SME,Hospital Systems,162
O004544,2023-11-06,C0152,Customer 152,Indonesia,Direct Sales,M002,Operating Table,Medical Equipment,Medical,18000,2,0.13,31320.0,22000,9320.0,7,Enterprise,Hospital Systems,142
O004545,2025-10-06,C0144,Customer 144,China,Direct Sales,S002,Drone Navigation Module,IoT Devices,Smart Devices,320,10,0.1,2880.0,1700,1180.0,12,SME,Hospital Systems,76
O004546,2025-04-14,C0128,Customer 128,Singapore,Distributor,M003,Anesthesia Machine,Medical Equipment,Medical,25000,4,0.08,92000.0,60000,32000.0,40,Retail,Automotive OEM,28
O004547,2023-06-23,C0145,Customer 145,Malaysia,Retail,S003,Wireless Sensor Node,IoT Devices,Smart Devices,95,11,0.05,992.75,495,497.75,40,SME,Robotics,170
O004548,2024-02-16,C0040,Customer 040,Malaysia,Online,S001,Smart Home Controller,IoT Devices,Smart Devices,180,7,0.1,1134.0,630,504.0,10,SME,Hospital Systems,162
O004549,2023-10-02,C0030,Customer 030,Indonesia,Online,S004,Smart Lock Control Board,IoT Devices,Smart Devices,140,5,0.12,616.0,350,266.0,48,SME,Automotive OEM,42
O004550,2024-01-18,C0173,Customer 173,Malaysia,Direct Sales,A002,Control Unit Module,Electronics,Autonomous,780,5,0.05,3705.0,2100,1605.0,87,Retail,Hospital Systems,69
O004551,2024-04-28,C0051,Customer 051,Singapore,Distributor,M004,Patient Monitoring Module,Medical Equipment,Medical,8500,2,0.11,15130.0,10000,5130.0,50,Enterprise,Hospital Systems,68
O004552,2024-02-19,C0107,Customer 107,Indonesia,Distributor,M001,Surgical Light System,Medical Equipment,Medical,12000,2,0.04,23040.0,14000,9040.0,36,SME,Robotics,113
O004553,2025-01-19,C0124,Customer 124,Singapore,Retail,S003,Wireless Sensor Node,IoT Devices,Smart Devices,95,8,0.03,737.2,360,377.2,4,Retail,Hospital Systems,64
O004554,2025-02-04,C0031,Customer 031,Indonesia,Online,S004,Smart Lock Control Board,IoT Devices,Smart Devices,140,9,0.03,1222.2,630,592.2,77,Retail,Hospital Systems,83
O004555,2025-08-14,C0093,Customer 093,Thailand,Retail,S004,Smart Lock Control Board,IoT Devices,Smart Devices,140,12,0.11,1495.2,840,655.2,75,Enterprise,Industrial Automation,156
O004556,2024-07-04,C0083,Customer 083,Indonesia,Online,A004,Robotics Motion Controller,Electronics,Autonomous,950,7,0.08,6118.0,3780,2338.0,4,SME,Consumer Electronics,30
O004557,2025-04-02,C0116,Customer 116,Thailand,Online,S002,Drone Navigation Module,IoT Devices,Smart Devices,320,9,0.09,2620.8,1530,1090.8,50,SME,Hospital Systems,87
O004558,2024-11-18,C0176,Customer 176,China,Online,M004,Patient Monitoring Module,Medical Equipment,Medical,8500,2,0.1,15300.0,10000,5300.0,45,Retail,Technology,105
O004559,2025-06-13,C0027,Customer 027,Indonesia,Retail,A002,Control Unit Module,Electronics,Autonomous,780,5,0.1,3510.0,2100,1410.0,15,Retail,Consumer Electronics,76
O004560,2024-07-08,C0119,Customer 119,Singapore,Retail,A003,Sensor Processing Unit,Electronics,Autonomous,620,2,0.09,1128.4,700,428.4,18,Enterprise,Industrial Automation,119
O004561,2025-10-26,C0204,Customer 204,Malaysia,Direct Sales,A003,Sensor Processing Unit,Electronics,Autonomous,620,5,0.05,2945.0,1750,1195.0,30,SME,Smart Home,24
O004562,2024-07-28,C0007,Customer 007,Thailand,Direct Sales,M003,Anesthesia Machine,Medical Equipment,Medical,25000,2,0.1,45000.0,30000,15000.0,44,Enterprise,Robotics,27
O004563,2024-08-07,C0163,Customer 163,Malaysia,Direct Sales,A002,Control Unit Module,Electronics,Autonomous,780,7,0.06,5132.4,2940,2192.4,21,Enterprise,Medical Distributors,1
O004564,2023-01-17,C0134,Customer 134,Thailand,Online,S002,Drone Navigation Module,IoT Devices,Smart Devices,320,8,0.11,2278.4,1360,918.4,63,Enterprise,Industrial Automation,28
O004565,2024-09-19,C0001,Customer 001,Singapore,Direct Sales,S001,Smart Home Controller,IoT Devices,Smart Devices,180,10,0.1,1620.0,900,720.0,32,Enterprise,Smart Home,58
O004566,2024-01-15,C0066,Customer 066,Thailand,Distributor,A003,Sensor Processing Unit,Electronics,Autonomous,620,5,0.08,2852.0,1750,1102.0,18,Retail,Medical Distributors,68
O004567,2025-01-30,C0159,Customer 159,Indonesia,Retail,S002,Drone Navigation Module,IoT Devices,Smart Devices,320,4,0.03,1241.6,680,561.6,67,Retail,Robotics,98
O004568,2025-07-03,C0107,Customer 107,Indonesia,Direct Sales,M003,Anesthesia Machine,Medical Equipment,Medical,25000,1,0.09,22750.0,15000,7750.0,36,SME,Robotics,113
O004569,2024-05-05,C0175,Customer 175,China,Retail,M001,Surgical Light System,Medical Equipment,Medical,12000,3,0.09,32760.0,21000,11760.0,75,Retail,Automotive OEM,112
O004570,2024-07-19,C0032,Customer 032,China,Distributor,M003,Anesthesia Machine,Medical Equipment,Medical,25000,3,0.12,66000.0,45000,21000.0,40,Enterprise,Consumer Electronics,62
O004571,2023-09-01,C0075,Customer 075,Singapore,Distributor,A001,Advanced PCB Board,Electronics,Autonomous,450,4,0.09,1638.0,1000,638.0,88,Retail,Robotics,64
O004572,2024-08-08,C0086,Customer 086,Indonesia,Online,M001,Surgical Light System,Medical Equipment,Medical,12000,1,0.15,10200.0,7000,3200.0,33,Enterprise,Robotics,12
O004573,2024-02-05,C0031,Customer 031,Indonesia,Distributor,M004,Patient Monitoring Module,Medical Equipment,Medical,8500,1,0.1,7650.0,5000,2650.0,77,Retail,Hospital Systems,83
O004574,2023-08-27,C0157,Customer 157,Indonesia,Online,A001,Advanced PCB Board,Electronics,Autonomous,450,4,0.09,1638.0,1000,638.0,20,SME,Hospital Systems,39
O004575,2024-03-13,C0198,Customer 198,Indonesia,Direct Sales,S004,Smart Lock Control Board,IoT Devices,Smart Devices,140,6,0.07,781.2,420,361.2,57,Enterprise,Medical Distributors,26
O004576,2025-04-25,C0173,Customer 173,Malaysia,Retail,M004,Patient Monitoring Module,Medical Equipment,Medical,8500,2,0.05,16150.0,10000,6150.0,87,Retail,Hospital Systems,69
O004577,2023-02-07,C0187,Customer 187,China,Direct Sales,M001,Surgical Light System,Medical Equipment,Medical,12000,3,0.06,33840.0,21000,12840.0,66,Retail,Smart Home,70
O004578,2025-12-23,C0131,Customer 131,Malaysia,Distributor,A002,Control Unit Module,Electronics,Autonomous,780,4,0.06,2932.8,1680,1252.8,88,Enterprise,Smart Home,154
O004579,2023-09-04,C0175,Customer 175,China,Online,M002,Operating Table,Medical Equipment,Medical,18000,2,0.08,33120.0,22000,11120.0,75,Retail,Automotive OEM,112
O004580,2025-07-03,C0183,Customer 183,Singapore,Online,M002,Operating Table,Medical Equipment,Medical,18000,2,0.11,32040.0,22000,10040.0,37,Enterprise,Automotive OEM,113
O004581,2024-03-04,C0205,Customer 205,China,Online,A002,Control Unit Module,Electronics,Autonomous,780,9,0.08,6458.4,3780,2678.4,57,Retail,Medical Distributors,43
O004582,2023-12-27,C0091,Customer 091,Malaysia,Retail,A003,Sensor Processing Unit,Electronics,Autonomous,620,8,0.04,4761.6,2800,1961.6,87,SME,Industrial Automation,45
O004583,2025-10-17,C0151,Customer 151,Thailand,Direct Sales,M001,Surgical Light System,Medical Equipment,Medical,12000,1,0.13,10440.0,7000,3440.0,39,Enterprise,Automotive OEM,4
O004584,2023-12-02,C0161,Customer 161,Thailand,Direct Sales,S003,Wireless Sensor Node,IoT Devices,Smart Devices,95,10,0.09,864.5,450,414.5,79,SME,Hospital Systems,26
O004585,2025-04-21,C0192,Customer 192,Indonesia,Distributor,A002,Control Unit Module,Electronics,Autonomous,780,5,0.07,3627.0,2100,1527.0,20,SME,Technology,115
O004586,2025-06-29,C0168,Customer 168,Thailand,Retail,A004,Robotics Motion Controller,Electronics,Autonomous,950,4,0.03,3686.0,2160,1526.0,8,Retail,Medical Distributors,43
O004587,2025-05-30,C0058,Customer 058,Singapore,Online,A003,Sensor Processing Unit,Electronics,Autonomous,620,5,0.05,2945.0,1750,1195.0,85,SME,Industrial Automation,150
O004588,2024-02-04,C0025,Customer 025,China,Direct Sales,A004,Robotics Motion Controller,Electronics,Autonomous,950,4,0.03,3686.0,2160,1526.0,68,SME,Technology,65
O004589,2023-05-07,C0166,Customer 166,Singapore,Direct Sales,S003,Wireless Sensor Node,IoT Devices,Smart Devices,95,8,0.11,676.4,360,316.4,81,SME,Smart Home,151
O004590,2025-01-01,C0141,Customer 141,Thailand,Retail,M003,Anesthesia Machine,Medical Equipment,Medical,25000,1,0.1,22500.0,15000,7500.0,36,Retail,Consumer Electronics,153
O004591,2023-05-09,C0111,Customer 111,Singapore,Online,M001,Surgical Light System,Medical Equipment,Medical,12000,3,0.05,34200.0,21000,13200.0,70,SME,Consumer Electronics,120
O004592,2025-11-29,C0087,Customer 087,China,Direct Sales,S003,Wireless Sensor Node,IoT Devices,Smart Devices,95,11,0.03,1013.65,495,518.65,47,Enterprise,Robotics,111
O004593,2023-11-08,C0179,Customer 179,Indonesia,Distributor,A004,Robotics Motion Controller,Electronics,Autonomous,950,4,0.12,3344.0,2160,1184.0,41,Enterprise,Medical Distributors,65
O004594,2023-05-15,C0018,Customer 018,Singapore,Distributor,A001,Advanced PCB Board,Electronics,Autonomous,450,4,0.08,1656.0,1000,656.0,35,Retail,Industrial Automation,17
O004595,2024-02-04,C0179,Customer 179,Indonesia,Retail,M002,Operating Table,Medical Equipment,Medical,18000,1,0.08,16560.0,11000,5560.0,41,Enterprise,Medical Distributors,65
O004596,2024-09-08,C0012,Customer 012,Malaysia,Direct Sales,M004,Patient Monitoring Module,Medical Equipment,Medical,8500,2,0.08,15640.0,10000,5640.0,30,Retail,Medical Distributors,26
O004597,2024-03-21,C0005,Customer 005,Indonesia,Direct Sales,A003,Sensor Processing Unit,Electronics,Autonomous,620,7,0.06,4079.6,2450,1629.6,76,SME,Technology,72
O004598,2023-12-03,C0149,Customer 149,Indonesia,Distributor,M001,Surgical Light System,Medical Equipment,Medical,12000,2,0.04,23040.0,14000,9040.0,25,Retail,Automotive OEM,56
O004599,2025-02-13,C0173,Customer 173,Malaysia,Online,S002,Drone Navigation Module,IoT Devices,Smart Devices,320,9,0.03,2793.6,1530,1263.6,87,Retail,Hospital Systems,69
O004600,2023-11-12,C0119,Customer 119,Singapore,Retail,S001,Smart Home Controller,IoT Devices,Smart Devices,180,10,0.05,1710.0,900,810.0,18,Enterprise,Industrial Automation,119
O004601,2023-02-24,C0010,Customer 010,China,Distributor,S002,Drone Navigation Module,IoT Devices,Smart Devices,320,6,0.08,1766.4,1020,746.4,81,Enterprise,Smart Home,159
O004602,2025-09-19,C0192,Customer 192,Indonesia,Online,M004,Patient Monitoring Module,Medical Equipment,Medical,8500,2,0.04,16320.0,10000,6320.0,20,SME,Technology,115
O004603,2025-02-03,C0145,Customer 145,Malaysia,Online,S002,Drone Navigation Module,IoT Devices,Smart Devices,320,4,0.1,1152.0,680,472.0,40,SME,Robotics,170
O004604,2024-03-12,C0072,Customer 072,Indonesia,Distributor,M004,Patient Monitoring Module,Medical Equipment,Medical,8500,4,0.04,32640.0,20000,12640.0,15,SME,Hospital Systems,20
O004605,2025-06-25,C0003,Customer 003,Singapore,Distributor,M004,Patient Monitoring Module,Medical Equipment,Medical,8500,3,0.17,21165.0,15000,6165.0,30,Enterprise,Robotics,130
O004606,2023-12-23,C0067,Customer 067,Singapore,Online,M001,Surgical Light System,Medical Equipment,Medical,12000,4,0.06,45120.0,28000,17120.0,35,Retail,Automotive OEM,73
O004607,2025-08-28,C0045,Customer 045,Thailand,Distributor,S004,Smart Lock Control Board,IoT Devices,Smart Devices,140,9,0.1,1134.0,630,504.0,94,SME,Technology,14
O004608,2024-04-06,C0116,Customer 116,Thailand,Distributor,M003,Anesthesia Machine,Medical Equipment,Medical,25000,1,0.06,23500.0,15000,8500.0,50,SME,Hospital Systems,87
O004609,2023-06-28,C0166,Customer 166,Singapore,Online,S001,Smart Home Controller,IoT Devices,Smart Devices,180,10,0.12,1584.0,900,684.0,81,SME,Smart Home,151
O004610,2025-08-19,C0155,Customer 155,China,Direct Sales,A003,Sensor Processing Unit,Electronics,Autonomous,620,2,0.09,1128.4,700,428.4,33,Enterprise,Hospital Systems,123
O004611,2025-07-29,C0082,Customer 082,Thailand,Distributor,M001,Surgical Light System,Medical Equipment,Medical,12000,2,0.06,22560.0,14000,8560.0,45,Retail,Smart Home,165
O004612,2025-10-16,C0046,Customer 046,Singapore,Distributor,M002,Operating Table,Medical Equipment,Medical,18000,1,0.16,15120.0,11000,4120.0,14,Enterprise,Consumer Electronics,64
O004613,2024-02-14,C0156,Customer 156,Singapore,Direct Sales,A003,Sensor Processing Unit,Electronics,Autonomous,620,5,0.03,3007.0,1750,1257.0,63,Retail,Industrial Automation,19
O004614,2025-10-03,C0007,Customer 007,Thailand,Distributor,M002,Operating Table,Medical Equipment,Medical,18000,1,0.12,15840.0,11000,4840.0,44,Enterprise,Robotics,27
O004615,2024-12-26,C0112,Customer 112,China,Distributor,S003,Wireless Sensor Node,IoT Devices,Smart Devices,95,6,0.11,507.3,270,237.3,50,Enterprise,Industrial Automation,150
O004616,2024-01-10,C0182,Customer 182,Thailand,Direct Sales,S004,Smart Lock Control Board,IoT Devices,Smart Devices,140,8,0.12,985.6,560,425.6,81,SME,Technology,114
O004617,2025-10-06,C0212,Customer 212,Indonesia,Retail,S003,Wireless Sensor Node,IoT Devices,Smart Devices,95,7,0.11,591.85,315,276.85,45,Enterprise,Technology,151
O004618,2024-06-20,C0086,Customer 086,Indonesia,Online,S001,Smart Home Controller,IoT Devices,Smart Devices,180,6,0.1,972.0,540,432.0,33,Enterprise,Robotics,12
O004619,2025-09-06,C0086,Customer 086,Indonesia,Online,M004,Patient Monitoring Module,Medical Equipment,Medical,8500,3,0.12,22440.0,15000,7440.0,33,Enterprise,Robotics,12
O004620,2024-06-21,C0039,Customer 039,Malaysia,Distributor,M003,Anesthesia Machine,Medical Equipment,Medical,25000,2,0.1,45000.0,30000,15000.0,76,Enterprise,Hospital Systems,142
O004621,2024-03-19,C0179,Customer 179,Indonesia,Distributor,S004,Smart Lock Control Board,IoT Devices,Smart Devices,140,4,0.04,537.6,280,257.6,41,Enterprise,Medical Distributors,65
O004622,2023-11-27,C0036,Customer 036,Indonesia,Direct Sales,S004,Smart Lock Control Board,IoT Devices,Smart Devices,140,3,0.09,382.2,210,172.2,70,SME,Robotics,177
O004623,2024-08-21,C0109,Customer 109,Thailand,Distributor,A001,Advanced PCB Board,Electronics,Autonomous,450,5,0.08,2070.0,1250,820.0,18,Retail,Medical Distributors,39
O004624,2023-11-12,C0053,Customer 053,Thailand,Distributor,S004,Smart Lock Control Board,IoT Devices,Smart Devices,140,12,0.05,1596.0,840,756.0,75,Enterprise,Hospital Systems,139
O004625,2024-12-25,C0093,Customer 093,Thailand,Direct Sales,A003,Sensor Processing Unit,Electronics,Autonomous,620,3,0.05,1767.0,1050,717.0,75,Enterprise,Industrial Automation,156
O004626,2024-11-22,C0022,Customer 022,China,Online,M004,Patient Monitoring Module,Medical Equipment,Medical,8500,2,0.08,15640.0,10000,5640.0,47,Retail,Industrial Automation,57
O004627,2025-03-08,C0156,Customer 156,Singapore,Retail,M004,Patient Monitoring Module,Medical Equipment,Medical,8500,3,0.09,23205.0,15000,8205.0,63,Retail,Industrial Automation,19
O004628,2024-05-16,C0014,Customer 014,Thailand,Direct Sales,M002,Operating Table,Medical Equipment,Medical,18000,1,0.13,15660.0,11000,4660.0,90,Enterprise,Smart Home,175
O004629,2024-07-10,C0066,Customer 066,Thailand,Retail,A003,Sensor Processing Unit,Electronics,Autonomous,620,6,0.04,3571.2,2100,1471.2,18,Retail,Medical Distributors,68
O004630,2024-04-28,C0134,Customer 134,Thailand,Retail,M001,Surgical Light System,Medical Equipment,Medical,12000,4,0.15,40800.0,28000,12800.0,63,Enterprise,Industrial Automation,28
O004631,2024-04-14,C0106,Customer 106,China,Online,S001,Smart Home Controller,IoT Devices,Smart Devices,180,7,0.1,1134.0,630,504.0,82,Enterprise,Robotics,71
O004632,2024-10-25,C0026,Customer 026,Indonesia,Direct Sales,M003,Anesthesia Machine,Medical Equipment,Medical,25000,2,0.09,45500.0,30000,15500.0,88,Retail,Hospital Systems,30
O004633,2023-05-27,C0058,Customer 058,Singapore,Retail,M004,Patient Monitoring Module,Medical Equipment,Medical,8500,2,0.04,16320.0,10000,6320.0,85,SME,Industrial Automation,150
O004634,2023-04-28,C0195,Customer 195,Malaysia,Online,S001,Smart Home Controller,IoT Devices,Smart Devices,180,9,0.09,1474.2,810,664.2,53,SME,Robotics,12
O004635,2024-04-14,C0085,Customer 085,Indonesia,Retail,S002,Drone Navigation Module,IoT Devices,Smart Devices,320,11,0.09,3203.2,1870,1333.2,56,SME,Consumer Electronics,156
O004636,2025-03-01,C0191,Customer 191,Indonesia,Online,M002,Operating Table,Medical Equipment,Medical,18000,2,0.15,30600.0,22000,8600.0,37,Enterprise,Hospital Systems,77
O004637,2025-09-02,C0097,Customer 097,Thailand,Online,M001,Surgical Light System,Medical Equipment,Medical,12000,2,0.11,21360.0,14000,7360.0,19,Enterprise,Robotics,7
O004638,2023-05-29,C0141,Customer 141,Thailand,Direct Sales,M003,Anesthesia Machine,Medical Equipment,Medical,25000,1,0.06,23500.0,15000,8500.0,36,Retail,Consumer Electronics,153
O004639,2025-05-26,C0144,Customer 144,China,Online,S004,Smart Lock Control Board,IoT Devices,Smart Devices,140,8,0.04,1075.2,560,515.2,12,SME,Hospital Systems,76
O004640,2024-12-01,C0186,Customer 186,Singapore,Retail,A002,Control Unit Module,Electronics,Autonomous,780,7,0.04,5241.6,2940,2301.6,83,SME,Medical Distributors,40
O004641,2023-07-07,C0084,Customer 084,Thailand,Retail,S002,Drone Navigation Module,IoT Devices,Smart Devices,320,10,0.08,2944.0,1700,1244.0,5,Enterprise,Smart Home,28
O004642,2024-03-09,C0018,Customer 018,Singapore,Online,S002,Drone Navigation Module,IoT Devices,Smart Devices,320,8,0.04,2457.6,1360,1097.6,35,Retail,Industrial Automation,17
O004643,2025-10-14,C0021,Customer 021,Malaysia,Distributor,A002,Control Unit Module,Electronics,Autonomous,780,3,0.06,2199.6,1260,939.6,96,Enterprise,Smart Home,150
O004644,2023-01-02,C0119,Customer 119,Singapore,Direct Sales,M003,Anesthesia Machine,Medical Equipment,Medical,25000,1,0.11,22250.0,15000,7250.0,18,Enterprise,Industrial Automation,119
O004645,2025-06-09,C0028,Customer 028,China,Direct Sales,M003,Anesthesia Machine,Medical Equipment,Medical,25000,2,0.09,45500.0,30000,15500.0,93,Enterprise,Hospital Systems,68
O004646,2025-10-13,C0148,Customer 148,Thailand,Distributor,M002,Operating Table,Medical Equipment,Medical,18000,1,0.15,15300.0,11000,4300.0,41,Enterprise,Robotics,31
O004647,2023-07-03,C0002,Customer 002,Malaysia,Online,M003,Anesthesia Machine,Medical Equipment,Medical,25000,3,0.04,72000.0,45000,27000.0,76,SME,Medical Distributors,109
O004648,2024-02-18,C0096,Customer 096,Thailand,Distributor,S002,Drone Navigation Module,IoT Devices,Smart Devices,320,11,0.1,3168.0,1870,1298.0,12,SME,Consumer Electronics,61
O004649,2025-05-30,C0135,Customer 135,China,Retail,S002,Drone Navigation Module,IoT Devices,Smart Devices,320,7,0.04,2150.4,1190,960.4,91,Retail,Technology,40
O004650,2025-07-18,C0213,Customer 213,Thailand,Direct Sales,A003,Sensor Processing Unit,Electronics,Autonomous,620,3,0.07,1729.8,1050,679.8,89,SME,Industrial Automation,65
O004651,2025-12-07,C0086,Customer 086,Indonesia,Distributor,A004,Robotics Motion Controller,Electronics,Autonomous,950,4,0.06,3572.0,2160,1412.0,33,Enterprise,Robotics,12
O004652,2025-05-23,C0206,Customer 206,Thailand,Retail,A004,Robotics Motion Controller,Electronics,Autonomous,950,4,0.04,3648.0,2160,1488.0,42,Retail,Hospital Systems,15
O004653,2024-01-15,C0008,Customer 008,Singapore,Retail,M003,Anesthesia Machine,Medical Equipment,Medical,25000,3,0.08,69000.0,45000,24000.0,45,SME,Consumer Electronics,155
O004654,2023-02-27,C0099,Customer 099,China,Online,A004,Robotics Motion Controller,Electronics,Autonomous,950,5,0.08,4370.0,2700,1670.0,92,SME,Robotics,179
O004655,2025-12-22,C0153,Customer 153,Thailand,Retail,S001,Smart Home Controller,IoT Devices,Smart Devices,180,7,0.09,1146.6,630,516.6,82,SME,Automotive OEM,126
O004656,2025-05-10,C0182,Customer 182,Thailand,Distributor,A002,Control Unit Module,Electronics,Autonomous,780,4,0.13,2714.4,1680,1034.4,81,SME,Technology,114
O004657,2024-03-01,C0137,Customer 137,China,Online,S003,Wireless Sensor Node,IoT Devices,Smart Devices,95,10,0.05,902.5,450,452.5,42,SME,Smart Home,63
O004658,2023-07-07,C0165,Customer 165,Malaysia,Retail,S003,Wireless Sensor Node,IoT Devices,Smart Devices,95,8,0.06,714.4,360,354.4,90,Enterprise,Smart Home,117
O004659,2024-01-21,C0144,Customer 144,China,Online,M001,Surgical Light System,Medical Equipment,Medical,12000,1,0.04,11520.0,7000,4520.0,12,SME,Hospital Systems,76
O004660,2023-09-13,C0142,Customer 142,Thailand,Direct Sales,M003,Anesthesia Machine,Medical Equipment,Medical,25000,3,0.04,72000.0,45000,27000.0,11,SME,Robotics,62
O004661,2023-05-22,C0142,Customer 142,Thailand,Direct Sales,A002,Control Unit Module,Electronics,Autonomous,780,2,0.08,1435.2,840,595.2,11,SME,Robotics,62
O004662,2025-09-22,C0169,Customer 169,Thailand,Online,A003,Sensor Processing Unit,Electronics,Autonomous,620,3,0.1,1674.0,1050,624.0,57,SME,Smart Home,32
O004663,2025-07-23,C0121,Customer 121,China,Retail,A001,Advanced PCB Board,Electronics,Autonomous,450,1,0.02,441.0,250,191.0,36,Enterprise,Industrial Automation,108
O004664,2023-04-13,C0109,Customer 109,Thailand,Distributor,M001,Surgical Light System,Medical Equipment,Medical,12000,2,0.06,22560.0,14000,8560.0,18,Retail,Medical Distributors,39
O004665,2025-08-08,C0167,Customer 167,Malaysia,Online,A003,Sensor Processing Unit,Electronics,Autonomous,620,7,0.04,4166.4,2450,1716.4,83,SME,Robotics,39
O004666,2025-06-10,C0214,Customer 214,China,Retail,A004,Robotics Motion Controller,Electronics,Autonomous,950,7,0.04,6384.0,3780,2604.0,50,Retail,Robotics,124
O004667,2025-07-06,C0135,Customer 135,China,Retail,S002,Drone Navigation Module,IoT Devices,Smart Devices,320,10,0.07,2976.0,1700,1276.0,91,Retail,Technology,40
O004668,2023-07-02,C0095,Customer 095,Indonesia,Distributor,A003,Sensor Processing Unit,Electronics,Autonomous,620,2,0.09,1128.4,700,428.4,85,SME,Automotive OEM,22
O004669,2024-12-12,C0073,Customer 073,Malaysia,Direct Sales,A003,Sensor Processing Unit,Electronics,Autonomous,620,8,0.04,4761.6,2800,1961.6,75,SME,Consumer Electronics,142
O004670,2024-11-08,C0174,Customer 174,Indonesia,Direct Sales,M001,Surgical Light System,Medical Equipment,Medical,12000,3,0.12,31680.0,21000,10680.0,61,Enterprise,Automotive OEM,133
O004671,2024-12-23,C0143,Customer 143,China,Distributor,A002,Control Unit Module,Electronics,Autonomous,780,4,0.1,2808.0,1680,1128.0,89,SME,Robotics,122
O004672,2023-03-19,C0157,Customer 157,Indonesia,Retail,S002,Drone Navigation Module,IoT Devices,Smart Devices,320,7,0.12,1971.2,1190,781.2,20,SME,Hospital Systems,39
O004673,2025-05-23,C0217,Customer 217,Indonesia,Distributor,S002,Drone Navigation Module,IoT Devices,Smart Devices,320,7,0.08,2060.8,1190,870.8,78,Retail,Hospital Systems,128
O004674,2025-06-22,C0061,Customer 061,Thailand,Direct Sales,M002,Operating Table,Medical Equipment,Medical,18000,2,0.09,32760.0,22000,10760.0,2,SME,Medical Distributors,118
O004675,2025-01-03,C0088,Customer 088,Singapore,Retail,M003,Anesthesia Machine,Medical Equipment,Medical,25000,1,0.05,23750.0,15000,8750.0,80,Retail,Consumer Electronics,81
O004676,2024-02-26,C0133,Customer 133,China,Online,M001,Surgical Light System,Medical Equipment,Medical,12000,2,0.07,22320.0,14000,8320.0,65,SME,Medical Distributors,166
O004677,2023-01-17,C0125,Customer 125,Malaysia,Online,M003,Anesthesia Machine,Medical Equipment,Medical,25000,3,0.05,71250.0,45000,26250.0,31,Retail,Automotive OEM,33
O004678,2023-11-27,C0133,Customer 133,China,Distributor,S001,Smart Home Controller,IoT Devices,Smart Devices,180,6,0.07,1004.4,540,464.4,65,SME,Medical Distributors,166
O004679,2024-02-27,C0191,Customer 191,Indonesia,Online,A003,Sensor Processing Unit,Electronics,Autonomous,620,5,0.04,2976.0,1750,1226.0,37,Enterprise,Hospital Systems,77
O004680,2023-06-10,C0025,Customer 025,China,Online,A002,Control Unit Module,Electronics,Autonomous,780,5,0.09,3549.0,2100,1449.0,68,SME,Technology,65
O004681,2024-11-17,C0079,Customer 079,Malaysia,Retail,S002,Drone Navigation Module,IoT Devices,Smart Devices,320,6,0.06,1804.8,1020,784.8,49,Enterprise,Medical Distributors,10
O004682,2024-07-30,C0187,Customer 187,China,Retail,A003,Sensor Processing Unit,Electronics,Autonomous,620,7,0.04,4166.4,2450,1716.4,66,Retail,Smart Home,70
O004683,2024-11-07,C0111,Customer 111,Singapore,Online,A001,Advanced PCB Board,Electronics,Autonomous,450,1,0.08,414.0,250,164.0,70,SME,Consumer Electronics,120
O004684,2024-09-21,C0154,Customer 154,Singapore,Online,S004,Smart Lock Control Board,IoT Devices,Smart Devices,140,10,0.06,1316.0,700,616.0,61,Retail,Smart Home,123
O004685,2024-09-17,C0106,Customer 106,China,Direct Sales,S002,Drone Navigation Module,IoT Devices,Smart Devices,320,11,0.07,3273.6,1870,1403.6,82,Enterprise,Robotics,71
O004686,2024-05-15,C0204,Customer 204,Malaysia,Distributor,S002,Drone Navigation Module,IoT Devices,Smart Devices,320,7,0.11,1993.6,1190,803.6,30,SME,Smart Home,24
O004687,2024-06-13,C0123,Customer 123,Singapore,Retail,A001,Advanced PCB Board,Electronics,Autonomous,450,2,0.04,864.0,500,364.0,29,Retail,Consumer Electronics,167
O004688,2024-07-06,C0177,Customer 177,Thailand,Online,A003,Sensor Processing Unit,Electronics,Autonomous,620,9,0.02,5468.4,3150,2318.4,21,Enterprise,Medical Distributors,85
O004689,2023-12-17,C0199,Customer 199,Indonesia,Distributor,M003,Anesthesia Machine,Medical Equipment,Medical,25000,4,0.03,97000.0,60000,37000.0,93,Retail,Hospital Systems,37
O004690,2024-11-03,C0017,Customer 017,Indonesia,Retail,S001,Smart Home Controller,IoT Devices,Smart Devices,180,10,0.04,1728.0,900,828.0,8,Enterprise,Consumer Electronics,59
O004691,2025-09-03,C0098,Customer 098,Singapore,Distributor,S004,Smart Lock Control Board,IoT Devices,Smart Devices,140,10,0.12,1232.0,700,532.0,79,Enterprise,Technology,19
O004692,2025-12-27,C0165,Customer 165,Malaysia,Online,S003,Wireless Sensor Node,IoT Devices,Smart Devices,95,5,0.04,456.0,225,231.0,90,Enterprise,Smart Home,117
O004693,2023-11-19,C0083,Customer 083,Indonesia,Direct Sales,M002,Operating Table,Medical Equipment,Medical,18000,3,0.1,48600.0,33000,15600.0,4,SME,Consumer Electronics,30
O004694,2025-07-01,C0048,Customer 048,Malaysia,Direct Sales,M003,Anesthesia Machine,Medical Equipment,Medical,25000,2,0.15,42500.0,30000,12500.0,10,Enterprise,Robotics,114
O004695,2023-08-24,C0060,Customer 060,Thailand,Direct Sales,A004,Robotics Motion Controller,Electronics,Autonomous,950,5,0.06,4465.0,2700,1765.0,17,Enterprise,Industrial Automation,172
O004696,2024-09-09,C0185,Customer 185,Thailand,Online,S001,Smart Home Controller,IoT Devices,Smart Devices,180,13,0.05,2223.0,1170,1053.0,12,SME,Industrial Automation,58
O004697,2025-04-25,C0072,Customer 072,Indonesia,Online,A002,Control Unit Module,Electronics,Autonomous,780,9,0.06,6598.8,3780,2818.8,15,SME,Hospital Systems,20
O004698,2023-09-28,C0149,Customer 149,Indonesia,Direct Sales,M003,Anesthesia Machine,Medical Equipment,Medical,25000,1,0.05,23750.0,15000,8750.0,25,Retail,Automotive OEM,56
O004699,2023-03-29,C0182,Customer 182,Thailand,Online,A001,Advanced PCB Board,Electronics,Autonomous,450,6,0.07,2511.0,1500,1011.0,81,SME,Technology,114
O004700,2024-09-15,C0064,Customer 064,Malaysia,Direct Sales,A003,Sensor Processing Unit,Electronics,Autonomous,620,6,0.03,3608.4,2100,1508.4,57,SME,Automotive OEM,140
O004701,2024-04-02,C0130,Customer 130,China,Direct Sales,S002,Drone Navigation Module,IoT Devices,Smart Devices,320,8,0.1,2304.0,1360,944.0,10,SME,Robotics,152
O004702,2023-10-17,C0173,Customer 173,Malaysia,Online,S004,Smart Lock Control Board,IoT Devices,Smart Devices,140,5,0.01,693.0,350,343.0,87,Retail,Hospital Systems,69
O004703,2023-08-24,C0082,Customer 082,Thailand,Retail,M004,Patient Monitoring Module,Medical Equipment,Medical,8500,1,0.05,8075.0,5000,3075.0,45,Retail,Smart Home,165
O004704,2025-03-16,C0156,Customer 156,Singapore,Retail,A002,Control Unit Module,Electronics,Autonomous,780,3,0.04,2246.4,1260,986.4,63,Retail,Industrial Automation,19
O004705,2024-11-21,C0214,Customer 214,China,Retail,S003,Wireless Sensor Node,IoT Devices,Smart Devices,95,12,0.08,1048.8,540,508.8,50,Retail,Robotics,124
O004706,2025-05-31,C0152,Customer 152,Indonesia,Distributor,M002,Operating Table,Medical Equipment,Medical,18000,2,0.17,29880.0,22000,7880.0,7,Enterprise,Hospital Systems,142
O004707,2024-06-18,C0143,Customer 143,China,Online,S004,Smart Lock Control Board,IoT Devices,Smart Devices,140,5,0.08,644.0,350,294.0,89,SME,Robotics,122
O004708,2024-01-23,C0201,Customer 201,Thailand,Online,A001,Advanced PCB Board,Electronics,Autonomous,450,10,0.05,4275.0,2500,1775.0,84,Enterprise,Industrial Automation,21
O004709,2024-03-29,C0197,Customer 197,Malaysia,Direct Sales,M002,Operating Table,Medical Equipment,Medical,18000,2,0.05,34200.0,22000,12200.0,17,SME,Hospital Systems,129
O004710,2025-01-29,C0115,Customer 115,Indonesia,Distributor,M001,Surgical Light System,Medical Equipment,Medical,12000,2,0.05,22800.0,14000,8800.0,63,Retail,Robotics,57
O004711,2024-01-11,C0134,Customer 134,Thailand,Retail,M004,Patient Monitoring Module,Medical Equipment,Medical,8500,2,0.1,15300.0,10000,5300.0,63,Enterprise,Industrial Automation,28
O004712,2023-10-05,C0063,Customer 063,Malaysia,Distributor,M001,Surgical Light System,Medical Equipment,Medical,12000,1,0.04,11520.0,7000,4520.0,45,SME,Automotive OEM,18
O004713,2025-07-25,C0056,Customer 056,Singapore,Distributor,A001,Advanced PCB Board,Electronics,Autonomous,450,5,0.08,2070.0,1250,820.0,77,Retail,Medical Distributors,18
O004714,2024-03-01,C0030,Customer 030,Indonesia,Direct Sales,S003,Wireless Sensor Node,IoT Devices,Smart Devices,95,9,0.03,829.35,405,424.35,48,SME,Automotive OEM,42
O004715,2024-04-20,C0182,Customer 182,Thailand,Retail,S003,Wireless Sensor Node,IoT Devices,Smart Devices,95,3,0.09,259.35,135,124.35,81,SME,Technology,114
O004716,2025-05-01,C0150,Customer 150,China,Retail,S001,Smart Home Controller,IoT Devices,Smart Devices,180,7,0.1,1134.0,630,504.0,13,Enterprise,Smart Home,50
O004717,2023-02-27,C0069,Customer 069,Thailand,Online,M001,Surgical Light System,Medical Equipment,Medical,12000,2,0.08,22080.0,14000,8080.0,7,SME,Smart Home,24
O004718,2023-10-16,C0103,Customer 103,Malaysia,Online,S002,Drone Navigation Module,IoT Devices,Smart Devices,320,7,0.03,2172.8,1190,982.8,59,Retail,Medical Distributors,35
O004719,2023-04-13,C0195,Customer 195,Malaysia,Direct Sales,M003,Anesthesia Machine,Medical Equipment,Medical,25000,2,0.08,46000.0,30000,16000.0,53,SME,Robotics,12
O004720,2025-09-24,C0088,Customer 088,Singapore,Online,A004,Robotics Motion Controller,Electronics,Autonomous,950,3,0.03,2764.5,1620,1144.5,80,Retail,Consumer Electronics,81
O004721,2024-06-23,C0208,Customer 208,Indonesia,Direct Sales,M004,Patient Monitoring Module,Medical Equipment,Medical,8500,2,0.05,16150.0,10000,6150.0,22,SME,Automotive OEM,45
O004722,2024-10-14,C0072,Customer 072,Indonesia,Distributor,M001,Surgical Light System,Medical Equipment,Medical,12000,1,0.05,11400.0,7000,4400.0,15,SME,Hospital Systems,20
O004723,2025-01-20,C0083,Customer 083,Indonesia,Distributor,M001,Surgical Light System,Medical Equipment,Medical,12000,1,0.04,11520.0,7000,4520.0,4,SME,Consumer Electronics,30
O004724,2024-07-28,C0213,Customer 213,Thailand,Retail,A003,Sensor Processing Unit,Electronics,Autonomous,620,4,0.05,2356.0,1400,956.0,89,SME,Industrial Automation,65
O004725,2025-07-07,C0180,Customer 180,Thailand,Distributor,A002,Control Unit Module,Electronics,Autonomous,780,4,0.07,2901.6,1680,1221.6,66,Enterprise,Industrial Automation,1
O004726,2023-10-01,C0075,Customer 075,Singapore,Distributor,S001,Smart Home Controller,IoT Devices,Smart Devices,180,6,0.05,1026.0,540,486.0,88,Retail,Robotics,64
O004727,2024-04-23,C0054,Customer 054,Singapore,Distributor,M001,Surgical Light System,Medical Equipment,Medical,12000,3,0.03,34920.0,21000,13920.0,7,SME,Hospital Systems,150
O004728,2024-11-07,C0044,Customer 044,China,Direct Sales,A003,Sensor Processing Unit,Electronics,Autonomous,620,3,0.04,1785.6,1050,735.6,85,Enterprise,Medical Distributors,111
O004729,2023-01-21,C0214,Customer 214,China,Direct Sales,M004,Patient Monitoring Module,Medical Equipment,Medical,8500,2,0.05,16150.0,10000,6150.0,50,Retail,Robotics,124
O004730,2024-06-03,C0205,Customer 205,China,Retail,A003,Sensor Processing Unit,Electronics,Autonomous,620,2,0.06,1165.6,700,465.6,57,Retail,Medical Distributors,43
O004731,2023-09-09,C0071,Customer 071,Malaysia,Retail,S003,Wireless Sensor Node,IoT Devices,Smart Devices,95,10,0.1,855.0,450,405.0,21,SME,Smart Home,114
O004732,2025-01-17,C0069,Customer 069,Thailand,Retail,M001,Surgical Light System,Medical Equipment,Medical,12000,1,0.09,10920.0,7000,3920.0,7,SME,Smart Home,24
O004733,2023-10-18,C0173,Customer 173,Malaysia,Online,A004,Robotics Motion Controller,Electronics,Autonomous,950,6,0.08,5244.0,3240,2004.0,87,Retail,Hospital Systems,69
O004734,2024-10-07,C0051,Customer 051,Singapore,Direct Sales,M004,Patient Monitoring Module,Medical Equipment,Medical,8500,4,0.1,30600.0,20000,10600.0,50,Enterprise,Hospital Systems,68
O004735,2025-01-28,C0150,Customer 150,China,Direct Sales,M004,Patient Monitoring Module,Medical Equipment,Medical,8500,2,0.09,15470.0,10000,5470.0,13,Enterprise,Smart Home,50
O004736,2023-12-21,C0074,Customer 074,Malaysia,Online,M004,Patient Monitoring Module,Medical Equipment,Medical,8500,1,0.09,7735.0,5000,2735.0,40,SME,Hospital Systems,94
O004737,2023-12-16,C0069,Customer 069,Thailand,Direct Sales,M004,Patient Monitoring Module,Medical Equipment,Medical,8500,1,0.05,8075.0,5000,3075.0,7,SME,Smart Home,24
O004738,2023-09-27,C0032,Customer 032,China,Distributor,M001,Surgical Light System,Medical Equipment,Medical,12000,2,0.13,20880.0,14000,6880.0,40,Enterprise,Consumer Electronics,62
O004739,2025-07-27,C0044,Customer 044,China,Direct Sales,M002,Operating Table,Medical Equipment,Medical,18000,3,0.09,49140.0,33000,16140.0,85,Enterprise,Medical Distributors,111
O004740,2023-11-30,C0195,Customer 195,Malaysia,Distributor,M003,Anesthesia Machine,Medical Equipment,Medical,25000,1,0.05,23750.0,15000,8750.0,53,SME,Robotics,12
O004741,2025-02-03,C0016,Customer 016,Malaysia,Retail,M001,Surgical Light System,Medical Equipment,Medical,12000,2,0.09,21840.0,14000,7840.0,82,SME,Smart Home,177
O004742,2025-04-27,C0078,Customer 078,Malaysia,Retail,A001,Advanced PCB Board,Electronics,Autonomous,450,8,0.08,3312.0,2000,1312.0,53,SME,Consumer Electronics,172
O004743,2023-07-28,C0202,Customer 202,Thailand,Retail,A004,Robotics Motion Controller,Electronics,Autonomous,950,8,0.05,7220.0,4320,2900.0,41,Retail,Industrial Automation,161
O004744,2024-06-17,C0169,Customer 169,Thailand,Direct Sales,A003,Sensor Processing Unit,Electronics,Autonomous,620,2,0.07,1153.2,700,453.2,57,SME,Smart Home,32
O004745,2024-01-10,C0143,Customer 143,China,Direct Sales,A001,Advanced PCB Board,Electronics,Autonomous,450,3,0.05,1282.5,750,532.5,89,SME,Robotics,122
O004746,2024-04-10,C0104,Customer 104,China,Retail,S001,Smart Home Controller,IoT Devices,Smart Devices,180,7,0.04,1209.6,630,579.6,57,SME,Consumer Electronics,157
O004747,2025-08-18,C0036,Customer 036,Indonesia,Distributor,S003,Wireless Sensor Node,IoT Devices,Smart Devices,95,12,0.06,1071.6,540,531.6,70,SME,Robotics,177
O004748,2023-05-12,C0050,Customer 050,Malaysia,Distributor,M003,Anesthesia Machine,Medical Equipment,Medical,25000,3,0.05,71250.0,45000,26250.0,28,SME,Technology,103
O004749,2023-03-24,C0136,Customer 136,China,Online,S002,Drone Navigation Module,IoT Devices,Smart Devices,320,5,0.06,1504.0,850,654.0,79,Enterprise,Smart Home,138
O004750,2025-12-29,C0044,Customer 044,China,Online,A001,Advanced PCB Board,Electronics,Autonomous,450,8,0.09,3276.0,2000,1276.0,85,Enterprise,Medical Distributors,111
O004751,2023-10-29,C0004,Customer 004,Indonesia,Retail,M004,Patient Monitoring Module,Medical Equipment,Medical,8500,2,0.1,15300.0,10000,5300.0,92,Enterprise,Robotics,167
O004752,2024-01-20,C0001,Customer 001,Singapore,Direct Sales,A004,Robotics Motion Controller,Electronics,Autonomous,950,3,0.08,2622.0,1620,1002.0,32,Enterprise,Smart Home,58
O004753,2023-07-24,C0214,Customer 214,China,Direct Sales,M003,Anesthesia Machine,Medical Equipment,Medical,25000,1,0.04,24000.0,15000,9000.0,50,Retail,Robotics,124
O004754,2023-04-07,C0144,Customer 144,China,Retail,M002,Operating Table,Medical Equipment,Medical,18000,1,0.1,16200.0,11000,5200.0,12,SME,Hospital Systems,76
O004755,2023-03-27,C0116,Customer 116,Thailand,Online,M004,Patient Monitoring Module,Medical Equipment,Medical,8500,2,0.1,15300.0,10000,5300.0,50,SME,Hospital Systems,87
O004756,2025-05-01,C0178,Customer 178,China,Direct Sales,S004,Smart Lock Control Board,IoT Devices,Smart Devices,140,10,0.09,1274.0,700,574.0,85,SME,Smart Home,103
O004757,2023-06-01,C0036,Customer 036,Indonesia,Direct Sales,A004,Robotics Motion Controller,Electronics,Autonomous,950,6,0.09,5187.0,3240,1947.0,70,SME,Robotics,177
O004758,2025-09-19,C0123,Customer 123,Singapore,Direct Sales,A001,Advanced PCB Board,Electronics,Autonomous,450,2,0.08,828.0,500,328.0,29,Retail,Consumer Electronics,167
O004759,2024-04-06,C0096,Customer 096,Thailand,Distributor,S002,Drone Navigation Module,IoT Devices,Smart Devices,320,9,0.06,2707.2,1530,1177.2,12,SME,Consumer Electronics,61
O004760,2024-05-30,C0171,Customer 171,Indonesia,Online,S004,Smart Lock Control Board,IoT Devices,Smart Devices,140,5,0.05,665.0,350,315.0,77,SME,Medical Distributors,11
O004761,2024-10-13,C0022,Customer 022,China,Direct Sales,S004,Smart Lock Control Board,IoT Devices,Smart Devices,140,10,0.04,1344.0,700,644.0,47,Retail,Industrial Automation,57
O004762,2023-12-20,C0094,Customer 094,Thailand,Distributor,M003,Anesthesia Machine,Medical Equipment,Medical,25000,3,0.09,68250.0,45000,23250.0,87,SME,Technology,55
O004763,2025-03-05,C0125,Customer 125,Malaysia,Online,S004,Smart Lock Control Board,IoT Devices,Smart Devices,140,12,0.02,1646.4,840,806.4,31,Retail,Automotive OEM,33
O004764,2025-07-19,C0220,Customer 220,Malaysia,Distributor,M003,Anesthesia Machine,Medical Equipment,Medical,25000,2,0.03,48500.0,30000,18500.0,40,SME,Hospital Systems,113
O004765,2024-08-15,C0036,Customer 036,Indonesia,Distributor,M003,Anesthesia Machine,Medical Equipment,Medical,25000,1,0.04,24000.0,15000,9000.0,70,SME,Robotics,177
O004766,2023-12-27,C0078,Customer 078,Malaysia,Online,A003,Sensor Processing Unit,Electronics,Autonomous,620,4,0.07,2306.4,1400,906.4,53,SME,Consumer Electronics,172
O004767,2024-06-17,C0167,Customer 167,Malaysia,Retail,S002,Drone Navigation Module,IoT Devices,Smart Devices,320,7,0.11,1993.6,1190,803.6,83,SME,Robotics,39
O004768,2024-01-29,C0007,Customer 007,Thailand,Direct Sales,M004,Patient Monitoring Module,Medical Equipment,Medical,8500,1,0.15,7225.0,5000,2225.0,44,Enterprise,Robotics,27
O004769,2024-02-05,C0177,Customer 177,Thailand,Online,M004,Patient Monitoring Module,Medical Equipment,Medical,8500,1,0.11,7565.0,5000,2565.0,21,Enterprise,Medical Distributors,85
O004770,2025-06-25,C0070,Customer 070,China,Online,M001,Surgical Light System,Medical Equipment,Medical,12000,3,0.07,33480.0,21000,12480.0,1,Retail,Hospital Systems,86
O004771,2025-11-28,C0076,Customer 076,Singapore,Online,A004,Robotics Motion Controller,Electronics,Autonomous,950,4,0.02,3724.0,2160,1564.0,80,SME,Industrial Automation,40
O004772,2025-08-09,C0047,Customer 047,Malaysia,Distributor,M001,Surgical Light System,Medical Equipment,Medical,12000,2,0.08,22080.0,14000,8080.0,18,Enterprise,Technology,109
O004773,2025-02-05,C0013,Customer 013,China,Retail,S002,Drone Navigation Module,IoT Devices,Smart Devices,320,8,0.1,2304.0,1360,944.0,21,Enterprise,Consumer Electronics,95
O004774,2024-12-16,C0116,Customer 116,Thailand,Online,M002,Operating Table,Medical Equipment,Medical,18000,2,0.04,34560.0,22000,12560.0,50,SME,Hospital Systems,87
O004775,2025-07-06,C0166,Customer 166,Singapore,Online,A004,Robotics Motion Controller,Electronics,Autonomous,950,4,0.07,3534.0,2160,1374.0,81,SME,Smart Home,151
O004776,2024-01-08,C0002,Customer 002,Malaysia,Retail,A003,Sensor Processing Unit,Electronics,Autonomous,620,5,0.07,2883.0,1750,1133.0,76,SME,Medical Distributors,109
O004777,2024-03-04,C0156,Customer 156,Singapore,Online,M003,Anesthesia Machine,Medical Equipment,Medical,25000,1,0.06,23500.0,15000,8500.0,63,Retail,Industrial Automation,19
O004778,2024-07-02,C0037,Customer 037,Malaysia,Retail,M003,Anesthesia Machine,Medical Equipment,Medical,25000,3,0.09,68250.0,45000,23250.0,86,SME,Industrial Automation,167
O004779,2025-08-29,C0019,Customer 019,Malaysia,Distributor,A002,Control Unit Module,Electronics,Autonomous,780,4,0.07,2901.6,1680,1221.6,28,Retail,Consumer Electronics,168
O004780,2025-01-04,C0071,Customer 071,Malaysia,Distributor,S002,Drone Navigation Module,IoT Devices,Smart Devices,320,8,0.03,2483.2,1360,1123.2,21,SME,Smart Home,114
O004781,2023-06-14,C0161,Customer 161,Thailand,Online,A003,Sensor Processing Unit,Electronics,Autonomous,620,8,0.06,4662.4,2800,1862.4,79,SME,Hospital Systems,26
O004782,2023-10-18,C0199,Customer 199,Indonesia,Distributor,S002,Drone Navigation Module,IoT Devices,Smart Devices,320,4,0.0,1280.0,680,600.0,93,Retail,Hospital Systems,37
O004783,2025-01-25,C0079,Customer 079,Malaysia,Distributor,S002,Drone Navigation Module,IoT Devices,Smart Devices,320,5,0.04,1536.0,850,686.0,49,Enterprise,Medical Distributors,10
O004784,2024-08-08,C0032,Customer 032,China,Direct Sales,M002,Operating Table,Medical Equipment,Medical,18000,1,0.11,16020.0,11000,5020.0,40,Enterprise,Consumer Electronics,62
O004785,2025-04-20,C0127,Customer 127,Thailand,Direct Sales,M004,Patient Monitoring Module,Medical Equipment,Medical,8500,1,0.04,8160.0,5000,3160.0,78,Retail,Automotive OEM,156
O004786,2024-10-12,C0085,Customer 085,Indonesia,Retail,A002,Control Unit Module,Electronics,Autonomous,780,4,0.04,2995.2,1680,1315.2,56,SME,Consumer Electronics,156
O004787,2024-05-15,C0171,Customer 171,Indonesia,Distributor,A004,Robotics Motion Controller,Electronics,Autonomous,950,3,0.11,2536.5,1620,916.5,77,SME,Medical Distributors,11
O004788,2023-12-19,C0084,Customer 084,Thailand,Online,S002,Drone Navigation Module,IoT Devices,Smart Devices,320,8,0.09,2329.6,1360,969.6,5,Enterprise,Smart Home,28
O004789,2024-01-04,C0216,Customer 216,Thailand,Retail,M001,Surgical Light System,Medical Equipment,Medical,12000,2,0.12,21120.0,14000,7120.0,36,Enterprise,Industrial Automation,3
O004790,2024-11-17,C0093,Customer 093,Thailand,Online,S003,Wireless Sensor Node,IoT Devices,Smart Devices,95,10,0.09,864.5,450,414.5,75,Enterprise,Industrial Automation,156
O004791,2023-02-25,C0103,Customer 103,Malaysia,Online,S003,Wireless Sensor Node,IoT Devices,Smart Devices,95,9,0.01,846.45,405,441.45,59,Retail,Medical Distributors,35
O004792,2024-02-24,C0015,Customer 015,Singapore,Direct Sales,S004,Smart Lock Control Board,IoT Devices,Smart Devices,140,7,0.05,931.0,490,441.0,69,SME,Automotive OEM,63
O004793,2023-03-24,C0217,Customer 217,Indonesia,Online,M001,Surgical Light System,Medical Equipment,Medical,12000,1,0.07,11160.0,7000,4160.0,78,Retail,Hospital Systems,128
O004794,2024-04-04,C0117,Customer 117,China,Distributor,S004,Smart Lock Control Board,IoT Devices,Smart Devices,140,6,0.04,806.4,420,386.4,17,SME,Technology,160
O004795,2023-06-21,C0071,Customer 071,Malaysia,Distributor,M003,Anesthesia Machine,Medical Equipment,Medical,25000,1,0.04,24000.0,15000,9000.0,21,SME,Smart Home,114
O004796,2023-12-21,C0008,Customer 008,Singapore,Online,M002,Operating Table,Medical Equipment,Medical,18000,3,0.08,49680.0,33000,16680.0,45,SME,Consumer Electronics,155
O004797,2025-11-13,C0011,Customer 011,Thailand,Direct Sales,S003,Wireless Sensor Node,IoT Devices,Smart Devices,95,10,0.09,864.5,450,414.5,6,SME,Medical Distributors,170
O004798,2023-11-11,C0177,Customer 177,Thailand,Retail,A003,Sensor Processing Unit,Electronics,Autonomous,620,2,0.06,1165.6,700,465.6,21,Enterprise,Medical Distributors,85
O004799,2025-04-02,C0157,Customer 157,Indonesia,Direct Sales,A001,Advanced PCB Board,Electronics,Autonomous,450,4,0.03,1746.0,1000,746.0,20,SME,Hospital Systems,39
O004800,2023-08-13,C0071,Customer 071,Malaysia,Online,S001,Smart Home Controller,IoT Devices,Smart Devices,180,8,0.05,1368.0,720,648.0,21,SME,Smart Home,114
O004801,2023-04-30,C0104,Customer 104,China,Online,A003,Sensor Processing Unit,Electronics,Autonomous,620,6,0.1,3348.0,2100,1248.0,57,SME,Consumer Electronics,157
O004802,2023-10-01,C0219,Customer 219,Malaysia,Direct Sales,S003,Wireless Sensor Node,IoT Devices,Smart Devices,95,10,0.03,921.5,450,471.5,87,SME,Smart Home,169
O004803,2025-03-06,C0093,Customer 093,Thailand,Retail,M003,Anesthesia Machine,Medical Equipment,Medical,25000,1,0.12,22000.0,15000,7000.0,75,Enterprise,Industrial Automation,156
O004804,2025-12-10,C0183,Customer 183,Singapore,Distributor,A004,Robotics Motion Controller,Electronics,Autonomous,950,6,0.13,4959.0,3240,1719.0,37,Enterprise,Automotive OEM,113
O004805,2025-12-02,C0059,Customer 059,Indonesia,Retail,A002,Control Unit Module,Electronics,Autonomous,780,4,0.07,2901.6,1680,1221.6,27,SME,Smart Home,172
O004806,2024-07-31,C0122,Customer 122,Thailand,Online,A003,Sensor Processing Unit,Electronics,Autonomous,620,6,0.08,3422.4,2100,1322.4,3,Retail,Technology,139
O004807,2023-09-01,C0011,Customer 011,Thailand,Retail,S002,Drone Navigation Module,IoT Devices,Smart Devices,320,7,0.1,2016.0,1190,826.0,6,SME,Medical Distributors,170
O004808,2024-03-21,C0104,Customer 104,China,Distributor,A001,Advanced PCB Board,Electronics,Autonomous,450,4,0.06,1692.0,1000,692.0,57,SME,Consumer Electronics,157
O004809,2023-10-16,C0128,Customer 128,Singapore,Retail,S004,Smart Lock Control Board,IoT Devices,Smart Devices,140,11,0.06,1447.6,770,677.6,40,Retail,Automotive OEM,28
O004810,2024-01-02,C0200,Customer 200,China,Distributor,M002,Operating Table,Medical Equipment,Medical,18000,1,0.04,17280.0,11000,6280.0,10,Retail,Automotive OEM,121
O004811,2024-09-17,C0063,Customer 063,Malaysia,Direct Sales,S004,Smart Lock Control Board,IoT Devices,Smart Devices,140,9,0.03,1222.2,630,592.2,45,SME,Automotive OEM,18
O004812,2023-12-01,C0161,Customer 161,Thailand,Online,S002,Drone Navigation Module,IoT Devices,Smart Devices,320,6,0.08,1766.4,1020,746.4,79,SME,Hospital Systems,26
O004813,2023-08-19,C0052,Customer 052,China,Retail,A001,Advanced PCB Board,Electronics,Autonomous,450,5,0.1,2025.0,1250,775.0,20,Enterprise,Technology,49
O004814,2023-08-18,C0136,Customer 136,China,Retail,M002,Operating Table,Medical Equipment,Medical,18000,3,0.17,44820.0,33000,11820.0,79,Enterprise,Smart Home,138
O004815,2025-07-03,C0130,Customer 130,China,Retail,M003,Anesthesia Machine,Medical Equipment,Medical,25000,1,0.07,23250.0,15000,8250.0,10,SME,Robotics,152
O004816,2024-07-22,C0072,Customer 072,Indonesia,Direct Sales,S002,Drone Navigation Module,IoT Devices,Smart Devices,320,4,0.09,1164.8,680,484.8,15,SME,Hospital Systems,20
O004817,2025-11-18,C0136,Customer 136,China,Distributor,S004,Smart Lock Control Board,IoT Devices,Smart Devices,140,8,0.04,1075.2,560,515.2,79,Enterprise,Smart Home,138
O004818,2023-02-10,C0155,Customer 155,China,Distributor,M001,Surgical Light System,Medical Equipment,Medical,12000,3,0.17,29880.0,21000,8880.0,33,Enterprise,Hospital Systems,123
O004819,2025-05-14,C0180,Customer 180,Thailand,Direct Sales,A003,Sensor Processing Unit,Electronics,Autonomous,620,3,0.08,1711.2,1050,661.2,66,Enterprise,Industrial Automation,1
O004820,2023-12-11,C0211,Customer 211,Thailand,Direct Sales,S004,Smart Lock Control Board,IoT Devices,Smart Devices,140,10,0.04,1344.0,700,644.0,60,SME,Hospital Systems,74
O004821,2024-12-13,C0006,Customer 006,Singapore,Distributor,M004,Patient Monitoring Module,Medical Equipment,Medical,8500,1,0.07,7905.0,5000,2905.0,90,Retail,Automotive OEM,109
O004822,2024-02-01,C0122,Customer 122,Thailand,Retail,S001,Smart Home Controller,IoT Devices,Smart Devices,180,10,0.02,1764.0,900,864.0,3,Retail,Technology,139
O004823,2023-07-17,C0028,Customer 028,China,Online,M001,Surgical Light System,Medical Equipment,Medical,12000,1,0.14,10320.0,7000,3320.0,93,Enterprise,Hospital Systems,68
O004824,2024-10-30,C0213,Customer 213,Thailand,Online,M003,Anesthesia Machine,Medical Equipment,Medical,25000,1,0.05,23750.0,15000,8750.0,89,SME,Industrial Automation,65
O004825,2025-12-20,C0100,Customer 100,China,Direct Sales,M004,Patient Monitoring Module,Medical Equipment,Medical,8500,2,0.1,15300.0,10000,5300.0,19,SME,Robotics,168
O004826,2023-11-28,C0085,Customer 085,Indonesia,Distributor,A003,Sensor Processing Unit,Electronics,Autonomous,620,7,0.12,3819.2,2450,1369.2,56,SME,Consumer Electronics,156
O004827,2023-05-08,C0036,Customer 036,Indonesia,Retail,M001,Surgical Light System,Medical Equipment,Medical,12000,2,0.06,22560.0,14000,8560.0,70,SME,Robotics,177
O004828,2025-06-04,C0028,Customer 028,China,Retail,M003,Anesthesia Machine,Medical Equipment,Medical,25000,1,0.16,21000.0,15000,6000.0,93,Enterprise,Hospital Systems,68
O004829,2024-05-14,C0214,Customer 214,China,Distributor,M004,Patient Monitoring Module,Medical Equipment,Medical,8500,1,0.09,7735.0,5000,2735.0,50,Retail,Robotics,124
O004830,2024-02-28,C0006,Customer 006,Singapore,Retail,S001,Smart Home Controller,IoT Devices,Smart Devices,180,7,0.05,1197.0,630,567.0,90,Retail,Automotive OEM,109
O004831,2024-02-22,C0202,Customer 202,Thailand,Retail,M004,Patient Monitoring Module,Medical Equipment,Medical,8500,2,0.06,15980.0,10000,5980.0,41,Retail,Industrial Automation,161
O004832,2023-06-20,C0155,Customer 155,China,Online,S001,Smart Home Controller,IoT Devices,Smart Devices,180,8,0.09,1310.4,720,590.4,33,Enterprise,Hospital Systems,123
O004833,2025-04-04,C0111,Customer 111,Singapore,Retail,M003,Anesthesia Machine,Medical Equipment,Medical,25000,1,0.06,23500.0,15000,8500.0,70,SME,Consumer Electronics,120
O004834,2024-05-22,C0031,Customer 031,Indonesia,Online,A003,Sensor Processing Unit,Electronics,Autonomous,620,6,0.1,3348.0,2100,1248.0,77,Retail,Hospital Systems,83
O004835,2023-08-11,C0130,Customer 130,China,Direct Sales,M001,Surgical Light System,Medical Equipment,Medical,12000,2,0.04,23040.0,14000,9040.0,10,SME,Robotics,152
O004836,2025-11-01,C0086,Customer 086,Indonesia,Distributor,M003,Anesthesia Machine,Medical Equipment,Medical,25000,1,0.17,20750.0,15000,5750.0,33,Enterprise,Robotics,12
O004837,2023-11-09,C0175,Customer 175,China,Distributor,M002,Operating Table,Medical Equipment,Medical,18000,1,0.05,17100.0,11000,6100.0,75,Retail,Automotive OEM,112
O004838,2024-01-18,C0216,Customer 216,Thailand,Direct Sales,A004,Robotics Motion Controller,Electronics,Autonomous,950,8,0.06,7144.0,4320,2824.0,36,Enterprise,Industrial Automation,3
O004839,2024-10-28,C0205,Customer 205,China,Direct Sales,S004,Smart Lock Control Board,IoT Devices,Smart Devices,140,13,0.03,1765.4,910,855.4,57,Retail,Medical Distributors,43
O004840,2025-09-14,C0138,Customer 138,Singapore,Retail,A004,Robotics Motion Controller,Electronics,Autonomous,950,7,0.03,6450.5,3780,2670.5,32,Enterprise,Technology,119
O004841,2023-03-30,C0025,Customer 025,China,Online,A003,Sensor Processing Unit,Electronics,Autonomous,620,3,0.09,1692.6,1050,642.6,68,SME,Technology,65
O004842,2023-12-09,C0173,Customer 173,Malaysia,Direct Sales,M001,Surgical Light System,Medical Equipment,Medical,12000,1,0.09,10920.0,7000,3920.0,87,Retail,Hospital Systems,69
O004843,2024-06-29,C0079,Customer 079,Malaysia,Direct Sales,M004,Patient Monitoring Module,Medical Equipment,Medical,8500,2,0.14,14620.0,10000,4620.0,49,Enterprise,Medical Distributors,10
O004844,2025-08-14,C0105,Customer 105,Indonesia,Retail,S002,Drone Navigation Module,IoT Devices,Smart Devices,320,6,0.12,1689.6,1020,669.6,21,SME,Technology,122
O004845,2023-08-28,C0106,Customer 106,China,Direct Sales,A004,Robotics Motion Controller,Electronics,Autonomous,950,4,0.05,3610.0,2160,1450.0,82,Enterprise,Robotics,71
O004846,2025-05-08,C0125,Customer 125,Malaysia,Distributor,S002,Drone Navigation Module,IoT Devices,Smart Devices,320,10,0.04,3072.0,1700,1372.0,31,Retail,Automotive OEM,33
O004847,2024-09-04,C0098,Customer 098,Singapore,Retail,A002,Control Unit Module,Electronics,Autonomous,780,5,0.03,3783.0,2100,1683.0,79,Enterprise,Technology,19
O004848,2023-02-04,C0154,Customer 154,Singapore,Distributor,S004,Smart Lock Control Board,IoT Devices,Smart Devices,140,9,0.06,1184.4,630,554.4,61,Retail,Smart Home,123
O004849,2025-02-10,C0158,Customer 158,Indonesia,Retail,A002,Control Unit Module,Electronics,Autonomous,780,4,0.06,2932.8,1680,1252.8,32,Retail,Medical Distributors,31
O004850,2023-12-16,C0029,Customer 029,Indonesia,Online,S002,Drone Navigation Module,IoT Devices,Smart Devices,320,6,0.05,1824.0,1020,804.0,81,Retail,Medical Distributors,77
O004851,2023-07-12,C0140,Customer 140,China,Online,M003,Anesthesia Machine,Medical Equipment,Medical,25000,2,0.06,47000.0,30000,17000.0,63,Retail,Automotive OEM,55
O004852,2024-09-22,C0021,Customer 021,Malaysia,Distributor,S002,Drone Navigation Module,IoT Devices,Smart Devices,320,9,0.06,2707.2,1530,1177.2,96,Enterprise,Smart Home,150
O004853,2024-04-02,C0171,Customer 171,Indonesia,Online,S002,Drone Navigation Module,IoT Devices,Smart Devices,320,5,0.09,1456.0,850,606.0,77,SME,Medical Distributors,11
O004854,2023-01-19,C0199,Customer 199,Indonesia,Online,A004,Robotics Motion Controller,Electronics,Autonomous,950,2,0.09,1729.0,1080,649.0,93,Retail,Hospital Systems,37
O004855,2023-02-16,C0156,Customer 156,Singapore,Online,A004,Robotics Motion Controller,Electronics,Autonomous,950,8,0.07,7068.0,4320,2748.0,63,Retail,Industrial Automation,19
O004856,2023-10-20,C0116,Customer 116,Thailand,Retail,S002,Drone Navigation Module,IoT Devices,Smart Devices,320,9,0.07,2678.4,1530,1148.4,50,SME,Hospital Systems,87
O004857,2024-09-15,C0193,Customer 193,Indonesia,Retail,M002,Operating Table,Medical Equipment,Medical,18000,1,0.07,16740.0,11000,5740.0,71,SME,Consumer Electronics,140
O004858,2025-03-22,C0065,Customer 065,Thailand,Direct Sales,A004,Robotics Motion Controller,Electronics,Autonomous,950,5,0.06,4465.0,2700,1765.0,86,SME,Hospital Systems,142
O004859,2025-07-25,C0112,Customer 112,China,Retail,A001,Advanced PCB Board,Electronics,Autonomous,450,7,0.04,3024.0,1750,1274.0,50,Enterprise,Industrial Automation,150
O004860,2024-12-21,C0057,Customer 057,Malaysia,Online,S003,Wireless Sensor Node,IoT Devices,Smart Devices,95,3,0.07,265.05,135,130.05,75,SME,Robotics,153
O004861,2023-06-04,C0026,Customer 026,Indonesia,Distributor,S001,Smart Home Controller,IoT Devices,Smart Devices,180,7,0.06,1184.4,630,554.4,88,Retail,Hospital Systems,30
O004862,2025-10-29,C0125,Customer 125,Malaysia,Direct Sales,A001,Advanced PCB Board,Electronics,Autonomous,450,9,0.05,3847.5,2250,1597.5,31,Retail,Automotive OEM,33
O004863,2024-05-11,C0032,Customer 032,China,Retail,A001,Advanced PCB Board,Electronics,Autonomous,450,8,0.06,3384.0,2000,1384.0,40,Enterprise,Consumer Electronics,62
O004864,2024-12-04,C0211,Customer 211,Thailand,Retail,M004,Patient Monitoring Module,Medical Equipment,Medical,8500,3,0.08,23460.0,15000,8460.0,60,SME,Hospital Systems,74
O004865,2025-12-28,C0204,Customer 204,Malaysia,Retail,M002,Operating Table,Medical Equipment,Medical,18000,1,0.05,17100.0,11000,6100.0,30,SME,Smart Home,24
O004866,2025-12-29,C0122,Customer 122,Thailand,Online,M001,Surgical Light System,Medical Equipment,Medical,12000,2,0.05,22800.0,14000,8800.0,3,Retail,Technology,139
O004867,2023-01-21,C0133,Customer 133,China,Distributor,S002,Drone Navigation Module,IoT Devices,Smart Devices,320,10,0.09,2912.0,1700,1212.0,65,SME,Medical Distributors,166
O004868,2025-11-20,C0074,Customer 074,Malaysia,Direct Sales,A003,Sensor Processing Unit,Electronics,Autonomous,620,5,0.05,2945.0,1750,1195.0,40,SME,Hospital Systems,94
O004869,2023-12-17,C0117,Customer 117,China,Direct Sales,M002,Operating Table,Medical Equipment,Medical,18000,3,0.04,51840.0,33000,18840.0,17,SME,Technology,160
O004870,2023-10-13,C0147,Customer 147,Thailand,Direct Sales,A004,Robotics Motion Controller,Electronics,Autonomous,950,4,0.05,3610.0,2160,1450.0,35,SME,Technology,79
O004871,2024-08-16,C0133,Customer 133,China,Direct Sales,S001,Smart Home Controller,IoT Devices,Smart Devices,180,3,0.03,523.8,270,253.8,65,SME,Medical Distributors,166
O004872,2024-01-02,C0002,Customer 002,Malaysia,Online,A001,Advanced PCB Board,Electronics,Autonomous,450,4,0.05,1710.0,1000,710.0,76,SME,Medical Distributors,109
O004873,2023-08-02,C0045,Customer 045,Thailand,Direct Sales,M004,Patient Monitoring Module,Medical Equipment,Medical,8500,2,0.07,15810.0,10000,5810.0,94,SME,Technology,14
O004874,2024-01-25,C0185,Customer 185,Thailand,Direct Sales,S003,Wireless Sensor Node,IoT Devices,Smart Devices,95,7,0.06,625.1,315,310.1,12,SME,Industrial Automation,58
O004875,2024-09-16,C0166,Customer 166,Singapore,Distributor,S003,Wireless Sensor Node,IoT Devices,Smart Devices,95,6,0.09,518.7,270,248.7,81,SME,Smart Home,151
O004876,2025-08-28,C0106,Customer 106,China,Direct Sales,A001,Advanced PCB Board,Electronics,Autonomous,450,4,0.06,1692.0,1000,692.0,82,Enterprise,Robotics,71
O004877,2025-05-01,C0043,Customer 043,Malaysia,Direct Sales,M004,Patient Monitoring Module,Medical Equipment,Medical,8500,3,0.04,24480.0,15000,9480.0,32,SME,Technology,122
O004878,2025-07-04,C0050,Customer 050,Malaysia,Direct Sales,A002,Control Unit Module,Electronics,Autonomous,780,3,0.02,2293.2,1260,1033.2,28,SME,Technology,103
O004879,2024-03-11,C0166,Customer 166,Singapore,Online,M001,Surgical Light System,Medical Equipment,Medical,12000,1,0.08,11040.0,7000,4040.0,81,SME,Smart Home,151
O004880,2025-04-05,C0074,Customer 074,Malaysia,Online,M002,Operating Table,Medical Equipment,Medical,18000,1,0.08,16560.0,11000,5560.0,40,SME,Hospital Systems,94
O004881,2023-02-05,C0150,Customer 150,China,Retail,A002,Control Unit Module,Electronics,Autonomous,780,2,0.04,1497.6,840,657.6,13,Enterprise,Smart Home,50
O004882,2024-06-18,C0130,Customer 130,China,Distributor,S002,Drone Navigation Module,IoT Devices,Smart Devices,320,7,0.1,2016.0,1190,826.0,10,SME,Robotics,152
O004883,2024-08-25,C0194,Customer 194,China,Retail,A003,Sensor Processing Unit,Electronics,Autonomous,620,5,0.07,2883.0,1750,1133.0,25,SME,Consumer Electronics,179
O004884,2025-10-26,C0011,Customer 011,Thailand,Direct Sales,A004,Robotics Motion Controller,Electronics,Autonomous,950,6,0.07,5301.0,3240,2061.0,6,SME,Medical Distributors,170
O004885,2025-12-23,C0118,Customer 118,Indonesia,Distributor,A004,Robotics Motion Controller,Electronics,Autonomous,950,3,0.09,2593.5,1620,973.5,76,Enterprise,Industrial Automation,145
O004886,2023-03-13,C0110,Customer 110,Malaysia,Direct Sales,M001,Surgical Light System,Medical Equipment,Medical,12000,3,0.07,33480.0,21000,12480.0,91,SME,Automotive OEM,55
O004887,2024-02-22,C0027,Customer 027,Indonesia,Online,A003,Sensor Processing Unit,Electronics,Autonomous,620,5,0.09,2821.0,1750,1071.0,15,Retail,Consumer Electronics,76
O004888,2023-09-09,C0113,Customer 113,Singapore,Distributor,M001,Surgical Light System,Medical Equipment,Medical,12000,1,0.05,11400.0,7000,4400.0,62,Retail,Industrial Automation,2
O004889,2024-08-28,C0166,Customer 166,Singapore,Online,A001,Advanced PCB Board,Electronics,Autonomous,450,7,0.03,3055.5,1750,1305.5,81,SME,Smart Home,151
O004890,2023-03-30,C0113,Customer 113,Singapore,Retail,A003,Sensor Processing Unit,Electronics,Autonomous,620,4,0.04,2380.8,1400,980.8,62,Retail,Industrial Automation,2
O004891,2024-12-03,C0217,Customer 217,Indonesia,Retail,A003,Sensor Processing Unit,Electronics,Autonomous,620,7,0.09,3949.4,2450,1499.4,78,Retail,Hospital Systems,128
O004892,2025-02-05,C0198,Customer 198,Indonesia,Online,M003,Anesthesia Machine,Medical Equipment,Medical,25000,2,0.17,41500.0,30000,11500.0,57,Enterprise,Medical Distributors,26
O004893,2025-02-12,C0118,Customer 118,Indonesia,Distributor,M003,Anesthesia Machine,Medical Equipment,Medical,25000,3,0.09,68250.0,45000,23250.0,76,Enterprise,Industrial Automation,145
O004894,2024-12-05,C0030,Customer 030,Indonesia,Retail,S002,Drone Navigation Module,IoT Devices,Smart Devices,320,9,0.11,2563.2,1530,1033.2,48,SME,Automotive OEM,42
O004895,2023-10-08,C0141,Customer 141,Thailand,Retail,A002,Control Unit Module,Electronics,Autonomous,780,1,0.08,717.6,420,297.6,36,Retail,Consumer Electronics,153
O004896,2024-01-13,C0151,Customer 151,Thailand,Direct Sales,M003,Anesthesia Machine,Medical Equipment,Medical,25000,1,0.14,21500.0,15000,6500.0,39,Enterprise,Automotive OEM,4
O004897,2024-11-10,C0037,Customer 037,Malaysia,Distributor,M004,Patient Monitoring Module,Medical Equipment,Medical,8500,1,0.1,7650.0,5000,2650.0,86,SME,Industrial Automation,167
O004898,2024-08-26,C0101,Customer 101,Singapore,Direct Sales,A004,Robotics Motion Controller,Electronics,Autonomous,950,5,0.04,4560.0,2700,1860.0,55,Retail,Medical Distributors,57
O004899,2024-09-21,C0117,Customer 117,China,Retail,A004,Robotics Motion Controller,Electronics,Autonomous,950,8,0.04,7296.0,4320,2976.0,17,SME,Technology,160
O004900,2024-08-13,C0130,Customer 130,China,Online,S003,Wireless Sensor Node,IoT Devices,Smart Devices,95,15,0.06,1339.5,675,664.5,10,SME,Robotics,152
O004901,2024-04-01,C0136,Customer 136,China,Retail,S002,Drone Navigation Module,IoT Devices,Smart Devices,320,7,0.06,2105.6,1190,915.6,79,Enterprise,Smart Home,138
O004902,2023-07-17,C0017,Customer 017,Indonesia,Distributor,M004,Patient Monitoring Module,Medical Equipment,Medical,8500,1,0.11,7565.0,5000,2565.0,8,Enterprise,Consumer Electronics,59
O004903,2025-09-28,C0220,Customer 220,Malaysia,Distributor,M002,Operating Table,Medical Equipment,Medical,18000,3,0.05,51300.0,33000,18300.0,40,SME,Hospital Systems,113
O004904,2024-12-13,C0159,Customer 159,Indonesia,Direct Sales,M004,Patient Monitoring Module,Medical Equipment,Medical,8500,2,0.04,16320.0,10000,6320.0,67,Retail,Robotics,98
O004905,2023-04-26,C0108,Customer 108,Singapore,Distributor,M001,Surgical Light System,Medical Equipment,Medical,12000,1,0.06,11280.0,7000,4280.0,35,SME,Robotics,86
O004906,2024-01-14,C0015,Customer 015,Singapore,Direct Sales,M002,Operating Table,Medical Equipment,Medical,18000,1,0.1,16200.0,11000,5200.0,69,SME,Automotive OEM,63
O004907,2025-08-25,C0214,Customer 214,China,Distributor,M004,Patient Monitoring Module,Medical Equipment,Medical,8500,2,0.07,15810.0,10000,5810.0,50,Retail,Robotics,124
O004908,2025-08-06,C0143,Customer 143,China,Distributor,A004,Robotics Motion Controller,Electronics,Autonomous,950,4,0.09,3458.0,2160,1298.0,89,SME,Robotics,122
O004909,2024-07-08,C0136,Customer 136,China,Distributor,S001,Smart Home Controller,IoT Devices,Smart Devices,180,13,0.09,2129.4,1170,959.4,79,Enterprise,Smart Home,138
O004910,2024-10-19,C0028,Customer 028,China,Online,S004,Smart Lock Control Board,IoT Devices,Smart Devices,140,7,0.08,901.6,490,411.6,93,Enterprise,Hospital Systems,68
O004911,2023-12-17,C0050,Customer 050,Malaysia,Online,M003,Anesthesia Machine,Medical Equipment,Medical,25000,3,0.04,72000.0,45000,27000.0,28,SME,Technology,103
O004912,2024-12-10,C0063,Customer 063,Malaysia,Online,M003,Anesthesia Machine,Medical Equipment,Medical,25000,1,0.04,24000.0,15000,9000.0,45,SME,Automotive OEM,18
O004913,2023-08-25,C0202,Customer 202,Thailand,Online,S001,Smart Home Controller,IoT Devices,Smart Devices,180,6,0.04,1036.8,540,496.8,41,Retail,Industrial Automation,161
O004914,2023-06-22,C0156,Customer 156,Singapore,Direct Sales,A004,Robotics Motion Controller,Electronics,Autonomous,950,6,0.02,5586.0,3240,2346.0,63,Retail,Industrial Automation,19
O004915,2023-04-17,C0177,Customer 177,Thailand,Direct Sales,S001,Smart Home Controller,IoT Devices,Smart Devices,180,8,0.06,1353.6,720,633.6,21,Enterprise,Medical Distributors,85
O004916,2023-07-09,C0112,Customer 112,China,Retail,A001,Advanced PCB Board,Electronics,Autonomous,450,5,0.06,2115.0,1250,865.0,50,Enterprise,Industrial Automation,150
O004917,2024-07-05,C0058,Customer 058,Singapore,Distributor,A004,Robotics Motion Controller,Electronics,Autonomous,950,5,0.13,4132.5,2700,1432.5,85,SME,Industrial Automation,150
O004918,2024-03-15,C0117,Customer 117,China,Distributor,A002,Control Unit Module,Electronics,Autonomous,780,11,0.08,7893.6,4620,3273.6,17,SME,Technology,160
O004919,2025-12-19,C0173,Customer 173,Malaysia,Online,S004,Smart Lock Control Board,IoT Devices,Smart Devices,140,8,0.01,1108.8,560,548.8,87,Retail,Hospital Systems,69
O004920,2025-08-02,C0101,Customer 101,Singapore,Online,M002,Operating Table,Medical Equipment,Medical,18000,2,0.07,33480.0,22000,11480.0,55,Retail,Medical Distributors,57
O004921,2025-07-29,C0141,Customer 141,Thailand,Online,M004,Patient Monitoring Module,Medical Equipment,Medical,8500,2,0.05,16150.0,10000,6150.0,36,Retail,Consumer Electronics,153
O004922,2024-02-21,C0079,Customer 079,Malaysia,Online,M001,Surgical Light System,Medical Equipment,Medical,12000,2,0.1,21600.0,14000,7600.0,49,Enterprise,Medical Distributors,10
O004923,2025-11-11,C0136,Customer 136,China,Direct Sales,S001,Smart Home Controller,IoT Devices,Smart Devices,180,4,0.05,684.0,360,324.0,79,Enterprise,Smart Home,138
O004924,2023-09-13,C0126,Customer 126,China,Distributor,S001,Smart Home Controller,IoT Devices,Smart Devices,180,7,0.07,1171.8,630,541.8,60,SME,Robotics,180
O004925,2023-05-21,C0172,Customer 172,China,Distributor,S004,Smart Lock Control Board,IoT Devices,Smart Devices,140,6,0.05,798.0,420,378.0,4,SME,Smart Home,24
O004926,2025-12-03,C0038,Customer 038,Thailand,Distributor,S002,Drone Navigation Module,IoT Devices,Smart Devices,320,8,0.07,2380.8,1360,1020.8,16,SME,Technology,64
O004927,2023-03-18,C0049,Customer 049,Indonesia,Retail,S001,Smart Home Controller,IoT Devices,Smart Devices,180,5,0.08,828.0,450,378.0,12,Enterprise,Hospital Systems,61
O004928,2023-12-25,C0089,Customer 089,Singapore,Direct Sales,S001,Smart Home Controller,IoT Devices,Smart Devices,180,9,0.06,1522.8,810,712.8,65,SME,Smart Home,80
O004929,2023-12-23,C0018,Customer 018,Singapore,Retail,A004,Robotics Motion Controller,Electronics,Autonomous,950,5,0.04,4560.0,2700,1860.0,35,Retail,Industrial Automation,17
O004930,2024-08-07,C0004,Customer 004,Indonesia,Retail,S001,Smart Home Controller,IoT Devices,Smart Devices,180,5,0.05,855.0,450,405.0,92,Enterprise,Robotics,167
O004931,2023-05-09,C0219,Customer 219,Malaysia,Distributor,A002,Control Unit Module,Electronics,Autonomous,780,8,0.06,5865.6,3360,2505.6,87,SME,Smart Home,169
O004932,2024-09-18,C0052,Customer 052,China,Online,A003,Sensor Processing Unit,Electronics,Autonomous,620,6,0.09,3385.2,2100,1285.2,20,Enterprise,Technology,49
O004933,2024-03-11,C0191,Customer 191,Indonesia,Distributor,A002,Control Unit Module,Electronics,Autonomous,780,7,0.1,4914.0,2940,1974.0,37,Enterprise,Hospital Systems,77
O004934,2025-11-14,C0026,Customer 026,Indonesia,Direct Sales,M001,Surgical Light System,Medical Equipment,Medical,12000,4,0.07,44640.0,28000,16640.0,88,Retail,Hospital Systems,30
O004935,2023-08-08,C0001,Customer 001,Singapore,Retail,A002,Control Unit Module,Electronics,Autonomous,780,3,0.07,2176.2,1260,916.2,32,Enterprise,Smart Home,58
O004936,2024-01-21,C0213,Customer 213,Thailand,Online,A001,Advanced PCB Board,Electronics,Autonomous,450,6,0.09,2457.0,1500,957.0,89,SME,Industrial Automation,65
O004937,2025-10-13,C0141,Customer 141,Thailand,Retail,M002,Operating Table,Medical Equipment,Medical,18000,3,0.06,50760.0,33000,17760.0,36,Retail,Consumer Electronics,153
O004938,2025-02-14,C0087,Customer 087,China,Retail,M003,Anesthesia Machine,Medical Equipment,Medical,25000,2,0.14,43000.0,30000,13000.0,47,Enterprise,Robotics,111
O004939,2023-05-14,C0026,Customer 026,Indonesia,Distributor,A001,Advanced PCB Board,Electronics,Autonomous,450,4,0.07,1674.0,1000,674.0,88,Retail,Hospital Systems,30
O004940,2025-03-22,C0037,Customer 037,Malaysia,Online,M003,Anesthesia Machine,Medical Equipment,Medical,25000,2,0.09,45500.0,30000,15500.0,86,SME,Industrial Automation,167
O004941,2025-05-30,C0096,Customer 096,Thailand,Online,A001,Advanced PCB Board,Electronics,Autonomous,450,4,0.02,1764.0,1000,764.0,12,SME,Consumer Electronics,61
O004942,2023-03-01,C0189,Customer 189,Indonesia,Direct Sales,S004,Smart Lock Control Board,IoT Devices,Smart Devices,140,6,0.04,806.4,420,386.4,77,Enterprise,Robotics,131
O004943,2025-12-26,C0067,Customer 067,Singapore,Online,S002,Drone Navigation Module,IoT Devices,Smart Devices,320,8,0.04,2457.6,1360,1097.6,35,Retail,Automotive OEM,73
O004944,2023-02-04,C0001,Customer 001,Singapore,Distributor,S001,Smart Home Controller,IoT Devices,Smart Devices,180,9,0.1,1458.0,810,648.0,32,Enterprise,Smart Home,58
O004945,2024-11-28,C0209,Customer 209,Singapore,Direct Sales,M003,Anesthesia Machine,Medical Equipment,Medical,25000,2,0.08,46000.0,30000,16000.0,80,SME,Industrial Automation,175
O004946,2025-04-18,C0187,Customer 187,China,Online,S003,Wireless Sensor Node,IoT Devices,Smart Devices,95,10,0.07,883.5,450,433.5,66,Retail,Smart Home,70
O004947,2023-12-15,C0052,Customer 052,China,Online,S003,Wireless Sensor Node,IoT Devices,Smart Devices,95,7,0.07,618.45,315,303.45,20,Enterprise,Technology,49
O004948,2025-11-19,C0121,Customer 121,China,Online,S001,Smart Home Controller,IoT Devices,Smart Devices,180,7,0.09,1146.6,630,516.6,36,Enterprise,Industrial Automation,108
O004949,2025-07-26,C0170,Customer 170,China,Online,S002,Drone Navigation Module,IoT Devices,Smart Devices,320,12,0.07,3571.2,2040,1531.2,35,SME,Industrial Automation,129
O004950,2025-01-29,C0181,Customer 181,Indonesia,Online,A004,Robotics Motion Controller,Electronics,Autonomous,950,5,0.07,4417.5,2700,1717.5,25,SME,Hospital Systems,133
O004951,2024-12-14,C0032,Customer 032,China,Distributor,S001,Smart Home Controller,IoT Devices,Smart Devices,180,10,0.12,1584.0,900,684.0,40,Enterprise,Consumer Electronics,62
O004952,2023-08-16,C0117,Customer 117,China,Direct Sales,S002,Drone Navigation Module,IoT Devices,Smart Devices,320,5,0.05,1520.0,850,670.0,17,SME,Technology,160
O004953,2023-05-27,C0183,Customer 183,Singapore,Retail,A004,Robotics Motion Controller,Electronics,Autonomous,950,5,0.08,4370.0,2700,1670.0,37,Enterprise,Automotive OEM,113
O004954,2023-06-01,C0019,Customer 019,Malaysia,Online,M003,Anesthesia Machine,Medical Equipment,Medical,25000,1,0.07,23250.0,15000,8250.0,28,Retail,Consumer Electronics,168
O004955,2024-01-20,C0057,Customer 057,Malaysia,Retail,S003,Wireless Sensor Node,IoT Devices,Smart Devices,95,8,0.11,676.4,360,316.4,75,SME,Robotics,153
O004956,2025-08-04,C0104,Customer 104,China,Online,M001,Surgical Light System,Medical Equipment,Medical,12000,2,0.08,22080.0,14000,8080.0,57,SME,Consumer Electronics,157
O004957,2025-12-19,C0037,Customer 037,Malaysia,Online,A001,Advanced PCB Board,Electronics,Autonomous,450,2,0.09,819.0,500,319.0,86,SME,Industrial Automation,167
O004958,2023-07-22,C0211,Customer 211,Thailand,Distributor,A001,Advanced PCB Board,Electronics,Autonomous,450,4,0.09,1638.0,1000,638.0,60,SME,Hospital Systems,74
O004959,2023-11-24,C0070,Customer 070,China,Retail,S001,Smart Home Controller,IoT Devices,Smart Devices,180,5,0.08,828.0,450,378.0,1,Retail,Hospital Systems,86
O004960,2023-08-03,C0104,Customer 104,China,Distributor,M002,Operating Table,Medical Equipment,Medical,18000,1,0.08,16560.0,11000,5560.0,57,SME,Consumer Electronics,157
O004961,2023-03-02,C0089,Customer 089,Singapore,Online,M004,Patient Monitoring Module,Medical Equipment,Medical,8500,3,0.08,23460.0,15000,8460.0,65,SME,Smart Home,80
O004962,2023-08-22,C0113,Customer 113,Singapore,Distributor,M002,Operating Table,Medical Equipment,Medical,18000,1,0.07,16740.0,11000,5740.0,62,Retail,Industrial Automation,2
O004963,2025-10-03,C0003,Customer 003,Singapore,Direct Sales,S001,Smart Home Controller,IoT Devices,Smart Devices,180,12,0.05,2052.0,1080,972.0,30,Enterprise,Robotics,130
O004964,2024-11-20,C0121,Customer 121,China,Direct Sales,S002,Drone Navigation Module,IoT Devices,Smart Devices,320,12,0.11,3417.6,2040,1377.6,36,Enterprise,Industrial Automation,108
O004965,2023-02-16,C0174,Customer 174,Indonesia,Distributor,S004,Smart Lock Control Board,IoT Devices,Smart Devices,140,10,0.11,1246.0,700,546.0,61,Enterprise,Automotive OEM,133
O004966,2025-06-30,C0177,Customer 177,Thailand,Direct Sales,A004,Robotics Motion Controller,Electronics,Autonomous,950,2,0.05,1805.0,1080,725.0,21,Enterprise,Medical Distributors,85
O004967,2023-10-30,C0008,Customer 008,Singapore,Retail,S001,Smart Home Controller,IoT Devices,Smart Devices,180,15,0.11,2403.0,1350,1053.0,45,SME,Consumer Electronics,155
O004968,2024-03-01,C0185,Customer 185,Thailand,Online,M004,Patient Monitoring Module,Medical Equipment,Medical,8500,4,0.04,32640.0,20000,12640.0,12,SME,Industrial Automation,58
O004969,2024-10-03,C0177,Customer 177,Thailand,Direct Sales,S004,Smart Lock Control Board,IoT Devices,Smart Devices,140,5,0.1,630.0,350,280.0,21,Enterprise,Medical Distributors,85
O004970,2025-08-09,C0145,Customer 145,Malaysia,Direct Sales,S004,Smart Lock Control Board,IoT Devices,Smart Devices,140,4,0.1,504.0,280,224.0,40,SME,Robotics,170
O004971,2024-10-14,C0059,Customer 059,Indonesia,Distributor,M004,Patient Monitoring Module,Medical Equipment,Medical,8500,3,0.08,23460.0,15000,8460.0,27,SME,Smart Home,172
O004972,2023-02-10,C0012,Customer 012,Malaysia,Direct Sales,S004,Smart Lock Control Board,IoT Devices,Smart Devices,140,12,0.01,1663.2,840,823.2,30,Retail,Medical Distributors,26
O004973,2024-05-08,C0024,Customer 024,Malaysia,Direct Sales,S002,Drone Navigation Module,IoT Devices,Smart Devices,320,10,0.03,3104.0,1700,1404.0,77,SME,Industrial Automation,17
O004974,2025-12-26,C0202,Customer 202,Thailand,Retail,M003,Anesthesia Machine,Medical Equipment,Medical,25000,1,0.05,23750.0,15000,8750.0,41,Retail,Industrial Automation,161
O004975,2024-10-07,C0211,Customer 211,Thailand,Direct Sales,A002,Control Unit Module,Electronics,Autonomous,780,6,0.04,4492.8,2520,1972.8,60,SME,Hospital Systems,74
O004976,2025-05-23,C0162,Customer 162,Malaysia,Direct Sales,M001,Surgical Light System,Medical Equipment,Medical,12000,1,0.08,11040.0,7000,4040.0,85,SME,Smart Home,21
O004977,2024-11-02,C0051,Customer 051,Singapore,Direct Sales,S001,Smart Home Controller,IoT Devices,Smart Devices,180,2,0.11,320.4,180,140.4,50,Enterprise,Hospital Systems,68
O004978,2023-09-09,C0105,Customer 105,Indonesia,Online,M001,Surgical Light System,Medical Equipment,Medical,12000,1,0.05,11400.0,7000,4400.0,21,SME,Technology,122
O004979,2023-10-05,C0126,Customer 126,China,Distributor,A001,Advanced PCB Board,Electronics,Autonomous,450,4,0.12,1584.0,1000,584.0,60,SME,Robotics,180
O004980,2024-02-28,C0190,Customer 190,Malaysia,Direct Sales,A003,Sensor Processing Unit,Electronics,Autonomous,620,6,0.09,3385.2,2100,1285.2,54,Retail,Smart Home,88
O004981,2025-12-23,C0040,Customer 040,Malaysia,Distributor,A004,Robotics Motion Controller,Electronics,Autonomous,950,8,0.09,6916.0,4320,2596.0,10,SME,Hospital Systems,162
O004982,2025-04-03,C0105,Customer 105,Indonesia,Retail,M003,Anesthesia Machine,Medical Equipment,Medical,25000,1,0.04,24000.0,15000,9000.0,21,SME,Technology,122
O004983,2024-12-15,C0129,Customer 129,Indonesia,Retail,S001,Smart Home Controller,IoT Devices,Smart Devices,180,10,0.08,1656.0,900,756.0,74,Enterprise,Smart Home,174
O004984,2024-03-04,C0178,Customer 178,China,Distributor,A002,Control Unit Module,Electronics,Autonomous,780,9,0.13,6107.4,3780,2327.4,85,SME,Smart Home,103
O004985,2023-05-04,C0006,Customer 006,Singapore,Direct Sales,S004,Smart Lock Control Board,IoT Devices,Smart Devices,140,9,0.05,1197.0,630,567.0,90,Retail,Automotive OEM,109
O004986,2024-10-20,C0060,Customer 060,Thailand,Direct Sales,A003,Sensor Processing Unit,Electronics,Autonomous,620,7,0.05,4123.0,2450,1673.0,17,Enterprise,Industrial Automation,172
O004987,2024-08-20,C0084,Customer 084,Thailand,Distributor,A004,Robotics Motion Controller,Electronics,Autonomous,950,2,0.06,1786.0,1080,706.0,5,Enterprise,Smart Home,28
O004988,2024-11-15,C0049,Customer 049,Indonesia,Retail,A003,Sensor Processing Unit,Electronics,Autonomous,620,6,0.04,3571.2,2100,1471.2,12,Enterprise,Hospital Systems,61
O004989,2025-09-25,C0092,Customer 092,Indonesia,Distributor,S002,Drone Navigation Module,IoT Devices,Smart Devices,320,10,0.06,3008.0,1700,1308.0,71,SME,Industrial Automation,1
O004990,2023-08-25,C0060,Customer 060,Thailand,Retail,M002,Operating Table,Medical Equipment,Medical,18000,1,0.11,16020.0,11000,5020.0,17,Enterprise,Industrial Automation,172
O004991,2025-03-15,C0060,Customer 060,Thailand,Direct Sales,S003,Wireless Sensor Node,IoT Devices,Smart Devices,95,6,0.09,518.7,270,248.7,17,Enterprise,Industrial Automation,172
O004992,2025-11-06,C0031,Customer 031,Indonesia,Retail,M004,Patient Monitoring Module,Medical Equipment,Medical,8500,2,0.06,15980.0,10000,5980.0,77,Retail,Hospital Systems,83
O004993,2025-07-24,C0048,Customer 048,Malaysia,Distributor,M001,Surgical Light System,Medical Equipment,Medical,12000,1,0.13,10440.0,7000,3440.0,10,Enterprise,Robotics,114
O004994,2025-05-13,C0209,Customer 209,Singapore,Retail,S003,Wireless Sensor Node,IoT Devices,Smart Devices,95,4,0.07,353.4,180,173.4,80,SME,Industrial Automation,175
O004995,2024-12-03,C0186,Customer 186,Singapore,Online,M004,Patient Monitoring Module,Medical Equipment,Medical,8500,1,0.04,8160.0,5000,3160.0,83,SME,Medical Distributors,40
O004996,2023-06-18,C0166,Customer 166,Singapore,Online,A003,Sensor Processing Unit,Electronics,Autonomous,620,4,0.04,2380.8,1400,980.8,81,SME,Smart Home,151
O004997,2025-04-24,C0099,Customer 099,China,Direct Sales,M002,Operating Table,Medical Equipment,Medical,18000,3,0.09,49140.0,33000,16140.0,92,SME,Robotics,179
O004998,2025-08-03,C0171,Customer 171,Indonesia,Distributor,A002,Control Unit Module,Electronics,Autonomous,780,5,0.08,3588.0,2100,1488.0,77,SME,Medical Distributors,11
O004999,2024-09-05,C0183,Customer 183,Singapore,Online,A003,Sensor Processing Unit,Electronics,Autonomous,620,6,0.02,3645.6,2100,1545.6,37,Enterprise,Automotive OEM,113
O005000,2025-02-03,C0174,Customer 174,Indonesia,Direct Sales,M002,Operating Table,Medical Equipment,Medical,18000,1,0.1,16200.0,11000,5200.0,61,Enterprise,Automotive OEM,133
